ISO-10303-21;
HEADER;
FILE_DESCRIPTION(('Open CASCADE Model'),'2;1');
FILE_NAME('Open CASCADE Shape Model','2026-09-05T07:43:15',('Author'),(
    'Open CASCADE'),'Open CASCADE STEP processor 7.8','Open CASCADE 7.8'
  ,'Unknown');
FILE_SCHEMA(('AUTOMOTIVE_DESIGN { 1 0 10303 214 1 1 1 1 }'));
ENDSEC;
DATA;
#1 = APPLICATION_PROTOCOL_DEFINITION('international standard',
  'automotive_design',2000,#2);
#2 = APPLICATION_CONTEXT(
  'core data for automotive mechanical design processes');
#3 = SHAPE_DEFINITION_REPRESENTATION(#4,#10);
#4 = PRODUCT_DEFINITION_SHAPE('','',#5);
#5 = PRODUCT_DEFINITION('design','',#6,#9);
#6 = PRODUCT_DEFINITION_FORMATION('','',#7);
#7 = PRODUCT('Open CASCADE STEP translator 7.8 1',
  'Open CASCADE STEP translator 7.8 1','',(#8));
#8 = PRODUCT_CONTEXT('',#2,'mechanical');
#9 = PRODUCT_DEFINITION_CONTEXT('part definition',#2,'design');
#10 = ADVANCED_BREP_SHAPE_REPRESENTATION('',(#11,#15),#11133);
#11 = AXIS2_PLACEMENT_3D('',#12,#13,#14);
#12 = CARTESIAN_POINT('',(0.,0.,0.));
#13 = DIRECTION('',(0.,0.,1.));
#14 = DIRECTION('',(1.,0.,-0.));
#15 = MANIFOLD_SOLID_BREP('',#16);
#16 = CLOSED_SHELL('',(#17,#137,#3417,#3471,#3521,#6705,#6732,#6759,
    #6786,#6813,#6820,#6867,#6894,#6921,#6928,#6955,#6982,#7009,#7036,
    #7063,#7090,#7117,#7144,#7171,#7198,#7225,#7252,#7279,#7306,#7333,
    #7360,#7387,#7414,#7441,#7468,#7495,#7522,#7549,#7576,#7603,#7630,
    #7657,#7684,#7711,#7738,#7765,#7792,#7819,#7846,#7873,#7900,#7927,
    #7954,#7981,#8008,#8035,#8062,#8089,#8116,#8143,#8170,#8197,#8224,
    #8300,#8349,#8398,#8425,#8472,#8499,#8526,#8533,#8560,#8587,#8614,
    #8641,#8717,#8766,#8815,#8842,#8869,#8896,#8923,#8950,#8977,#9004,
    #9031,#9058,#9085,#9112,#9139,#9166,#9193,#9220,#9247,#9274,#9301,
    #9328,#9355,#9382,#9409,#9436,#9463,#9490,#9619,#9765,#9815,#9865,
    #9914,#9963,#10013,#10067,#10094,#10166,#10215,#10265,#10314,#10364,
    #10413,#10467,#10494,#10549,#10604,#10659,#10676,#10693,#10726,
    #10760,#10810,#10849,#10888,#10927,#10956,#11011,#11066,#11121,
    #11125,#11129));
#17 = ADVANCED_FACE('',(#18),#32,.F.);
#18 = FACE_BOUND('',#19,.F.);
#19 = EDGE_LOOP('',(#20,#55,#83,#111));
#20 = ORIENTED_EDGE('',*,*,#21,.F.);
#21 = EDGE_CURVE('',#22,#24,#26,.T.);
#22 = VERTEX_POINT('',#23);
#23 = CARTESIAN_POINT('',(-35.25,-30.,0.));
#24 = VERTEX_POINT('',#25);
#25 = CARTESIAN_POINT('',(56.75,-30.,0.));
#26 = SURFACE_CURVE('',#27,(#31,#43),.PCURVE_S1.);
#27 = LINE('',#28,#29);
#28 = CARTESIAN_POINT('',(-39.25,-30.,0.));
#29 = VECTOR('',#30,1.);
#30 = DIRECTION('',(1.,0.,0.));
#31 = PCURVE('',#32,#37);
#32 = PLANE('',#33);
#33 = AXIS2_PLACEMENT_3D('',#34,#35,#36);
#34 = CARTESIAN_POINT('',(-39.25,-30.,0.));
#35 = DIRECTION('',(0.,1.,0.));
#36 = DIRECTION('',(1.,0.,0.));
#37 = DEFINITIONAL_REPRESENTATION('',(#38),#42);
#38 = LINE('',#39,#40);
#39 = CARTESIAN_POINT('',(0.,0.));
#40 = VECTOR('',#41,1.);
#41 = DIRECTION('',(1.,0.));
#42 = ( GEOMETRIC_REPRESENTATION_CONTEXT(2) 
PARAMETRIC_REPRESENTATION_CONTEXT() REPRESENTATION_CONTEXT('2D SPACE',''
  ) );
#43 = PCURVE('',#44,#49);
#44 = PLANE('',#45);
#45 = AXIS2_PLACEMENT_3D('',#46,#47,#48);
#46 = CARTESIAN_POINT('',(10.75,0.,0.));
#47 = DIRECTION('',(0.,0.,1.));
#48 = DIRECTION('',(1.,0.,-0.));
#49 = DEFINITIONAL_REPRESENTATION('',(#50),#54);
#50 = LINE('',#51,#52);
#51 = CARTESIAN_POINT('',(-50.,-30.));
#52 = VECTOR('',#53,1.);
#53 = DIRECTION('',(1.,0.));
#54 = ( GEOMETRIC_REPRESENTATION_CONTEXT(2) 
PARAMETRIC_REPRESENTATION_CONTEXT() REPRESENTATION_CONTEXT('2D SPACE',''
  ) );
#55 = ORIENTED_EDGE('',*,*,#56,.T.);
#56 = EDGE_CURVE('',#22,#57,#59,.T.);
#57 = VERTEX_POINT('',#58);
#58 = CARTESIAN_POINT('',(-35.25,-30.,4.));
#59 = SURFACE_CURVE('',#60,(#64,#71),.PCURVE_S1.);
#60 = LINE('',#61,#62);
#61 = CARTESIAN_POINT('',(-35.25,-30.,0.));
#62 = VECTOR('',#63,1.);
#63 = DIRECTION('',(0.,0.,1.));
#64 = PCURVE('',#32,#65);
#65 = DEFINITIONAL_REPRESENTATION('',(#66),#70);
#66 = LINE('',#67,#68);
#67 = CARTESIAN_POINT('',(4.,0.));
#68 = VECTOR('',#69,1.);
#69 = DIRECTION('',(0.,-1.));
#70 = ( GEOMETRIC_REPRESENTATION_CONTEXT(2) 
PARAMETRIC_REPRESENTATION_CONTEXT() REPRESENTATION_CONTEXT('2D SPACE',''
  ) );
#71 = PCURVE('',#72,#77);
#72 = CYLINDRICAL_SURFACE('',#73,4.);
#73 = AXIS2_PLACEMENT_3D('',#74,#75,#76);
#74 = CARTESIAN_POINT('',(-35.25,-26.,0.));
#75 = DIRECTION('',(0.,0.,1.));
#76 = DIRECTION('',(0.,-1.,0.));
#77 = DEFINITIONAL_REPRESENTATION('',(#78),#82);
#78 = LINE('',#79,#80);
#79 = CARTESIAN_POINT('',(-0.,0.));
#80 = VECTOR('',#81,1.);
#81 = DIRECTION('',(-0.,1.));
#82 = ( GEOMETRIC_REPRESENTATION_CONTEXT(2) 
PARAMETRIC_REPRESENTATION_CONTEXT() REPRESENTATION_CONTEXT('2D SPACE',''
  ) );
#83 = ORIENTED_EDGE('',*,*,#84,.T.);
#84 = EDGE_CURVE('',#57,#85,#87,.T.);
#85 = VERTEX_POINT('',#86);
#86 = CARTESIAN_POINT('',(56.75,-30.,4.));
#87 = SURFACE_CURVE('',#88,(#92,#99),.PCURVE_S1.);
#88 = LINE('',#89,#90);
#89 = CARTESIAN_POINT('',(-39.25,-30.,4.));
#90 = VECTOR('',#91,1.);
#91 = DIRECTION('',(1.,0.,0.));
#92 = PCURVE('',#32,#93);
#93 = DEFINITIONAL_REPRESENTATION('',(#94),#98);
#94 = LINE('',#95,#96);
#95 = CARTESIAN_POINT('',(0.,-4.));
#96 = VECTOR('',#97,1.);
#97 = DIRECTION('',(1.,0.));
#98 = ( GEOMETRIC_REPRESENTATION_CONTEXT(2) 
PARAMETRIC_REPRESENTATION_CONTEXT() REPRESENTATION_CONTEXT('2D SPACE',''
  ) );
#99 = PCURVE('',#100,#105);
#100 = PLANE('',#101);
#101 = AXIS2_PLACEMENT_3D('',#102,#103,#104);
#102 = CARTESIAN_POINT('',(10.75,0.,4.));
#103 = DIRECTION('',(0.,0.,1.));
#104 = DIRECTION('',(1.,0.,-0.));
#105 = DEFINITIONAL_REPRESENTATION('',(#106),#110);
#106 = LINE('',#107,#108);
#107 = CARTESIAN_POINT('',(-50.,-30.));
#108 = VECTOR('',#109,1.);
#109 = DIRECTION('',(1.,0.));
#110 = ( GEOMETRIC_REPRESENTATION_CONTEXT(2) 
PARAMETRIC_REPRESENTATION_CONTEXT() REPRESENTATION_CONTEXT('2D SPACE',''
  ) );
#111 = ORIENTED_EDGE('',*,*,#112,.F.);
#112 = EDGE_CURVE('',#24,#85,#113,.T.);
#113 = SURFACE_CURVE('',#114,(#118,#125),.PCURVE_S1.);
#114 = LINE('',#115,#116);
#115 = CARTESIAN_POINT('',(56.75,-30.,0.));
#116 = VECTOR('',#117,1.);
#117 = DIRECTION('',(0.,0.,1.));
#118 = PCURVE('',#32,#119);
#119 = DEFINITIONAL_REPRESENTATION('',(#120),#124);
#120 = LINE('',#121,#122);
#121 = CARTESIAN_POINT('',(96.,0.));
#122 = VECTOR('',#123,1.);
#123 = DIRECTION('',(0.,-1.));
#124 = ( GEOMETRIC_REPRESENTATION_CONTEXT(2) 
PARAMETRIC_REPRESENTATION_CONTEXT() REPRESENTATION_CONTEXT('2D SPACE',''
  ) );
#125 = PCURVE('',#126,#131);
#126 = CYLINDRICAL_SURFACE('',#127,4.);
#127 = AXIS2_PLACEMENT_3D('',#128,#129,#130);
#128 = CARTESIAN_POINT('',(56.75,-26.,0.));
#129 = DIRECTION('',(0.,0.,1.));
#130 = DIRECTION('',(0.,-1.,0.));
#131 = DEFINITIONAL_REPRESENTATION('',(#132),#136);
#132 = LINE('',#133,#134);
#133 = CARTESIAN_POINT('',(0.,0.));
#134 = VECTOR('',#135,1.);
#135 = DIRECTION('',(0.,1.));
#136 = ( GEOMETRIC_REPRESENTATION_CONTEXT(2) 
PARAMETRIC_REPRESENTATION_CONTEXT() REPRESENTATION_CONTEXT('2D SPACE',''
  ) );
#137 = ADVANCED_FACE('',(#138,#333,#439,#474,#509,#544,#579,#614,#649,
    #684,#719,#754,#789,#824,#859,#894,#929,#964,#999,#1034,#1069,#1104,
    #1139,#1174,#1209,#1244,#1279,#1314,#1349,#1384,#1419,#1454,#1489,
    #1524,#1559,#1594,#1629,#1664,#1699,#1734,#1769,#1804,#1839,#1874,
    #1909,#1944,#1979,#2014,#2049,#2084,#2119,#2225,#2331,#2366,#2401,
    #2436,#2471,#2577,#2612,#2647,#2682,#2717,#2752,#2787,#2822,#2857,
    #2892,#2927,#2962,#2997,#3032,#3067,#3102,#3137,#3172,#3207,#3242,
    #3277,#3312,#3347,#3382),#44,.F.);
#138 = FACE_BOUND('',#139,.F.);
#139 = EDGE_LOOP('',(#140,#141,#165,#193,#222,#250,#279,#307));
#140 = ORIENTED_EDGE('',*,*,#21,.T.);
#141 = ORIENTED_EDGE('',*,*,#142,.T.);
#142 = EDGE_CURVE('',#24,#143,#145,.T.);
#143 = VERTEX_POINT('',#144);
#144 = CARTESIAN_POINT('',(60.75,-26.,0.));
#145 = SURFACE_CURVE('',#146,(#151,#158),.PCURVE_S1.);
#146 = CIRCLE('',#147,4.);
#147 = AXIS2_PLACEMENT_3D('',#148,#149,#150);
#148 = CARTESIAN_POINT('',(56.75,-26.,0.));
#149 = DIRECTION('',(0.,0.,1.));
#150 = DIRECTION('',(0.,-1.,0.));
#151 = PCURVE('',#44,#152);
#152 = DEFINITIONAL_REPRESENTATION('',(#153),#157);
#153 = CIRCLE('',#154,4.);
#154 = AXIS2_PLACEMENT_2D('',#155,#156);
#155 = CARTESIAN_POINT('',(46.,-26.));
#156 = DIRECTION('',(0.,-1.));
#157 = ( GEOMETRIC_REPRESENTATION_CONTEXT(2) 
PARAMETRIC_REPRESENTATION_CONTEXT() REPRESENTATION_CONTEXT('2D SPACE',''
  ) );
#158 = PCURVE('',#126,#159);
#159 = DEFINITIONAL_REPRESENTATION('',(#160),#164);
#160 = LINE('',#161,#162);
#161 = CARTESIAN_POINT('',(0.,0.));
#162 = VECTOR('',#163,1.);
#163 = DIRECTION('',(1.,0.));
#164 = ( GEOMETRIC_REPRESENTATION_CONTEXT(2) 
PARAMETRIC_REPRESENTATION_CONTEXT() REPRESENTATION_CONTEXT('2D SPACE',''
  ) );
#165 = ORIENTED_EDGE('',*,*,#166,.T.);
#166 = EDGE_CURVE('',#143,#167,#169,.T.);
#167 = VERTEX_POINT('',#168);
#168 = CARTESIAN_POINT('',(60.75,26.,0.));
#169 = SURFACE_CURVE('',#170,(#174,#181),.PCURVE_S1.);
#170 = LINE('',#171,#172);
#171 = CARTESIAN_POINT('',(60.75,-30.,0.));
#172 = VECTOR('',#173,1.);
#173 = DIRECTION('',(0.,1.,0.));
#174 = PCURVE('',#44,#175);
#175 = DEFINITIONAL_REPRESENTATION('',(#176),#180);
#176 = LINE('',#177,#178);
#177 = CARTESIAN_POINT('',(50.,-30.));
#178 = VECTOR('',#179,1.);
#179 = DIRECTION('',(0.,1.));
#180 = ( GEOMETRIC_REPRESENTATION_CONTEXT(2) 
PARAMETRIC_REPRESENTATION_CONTEXT() REPRESENTATION_CONTEXT('2D SPACE',''
  ) );
#181 = PCURVE('',#182,#187);
#182 = PLANE('',#183);
#183 = AXIS2_PLACEMENT_3D('',#184,#185,#186);
#184 = CARTESIAN_POINT('',(60.75,-30.,0.));
#185 = DIRECTION('',(-1.,0.,0.));
#186 = DIRECTION('',(0.,1.,0.));
#187 = DEFINITIONAL_REPRESENTATION('',(#188),#192);
#188 = LINE('',#189,#190);
#189 = CARTESIAN_POINT('',(0.,0.));
#190 = VECTOR('',#191,1.);
#191 = DIRECTION('',(1.,0.));
#192 = ( GEOMETRIC_REPRESENTATION_CONTEXT(2) 
PARAMETRIC_REPRESENTATION_CONTEXT() REPRESENTATION_CONTEXT('2D SPACE',''
  ) );
#193 = ORIENTED_EDGE('',*,*,#194,.T.);
#194 = EDGE_CURVE('',#167,#195,#197,.T.);
#195 = VERTEX_POINT('',#196);
#196 = CARTESIAN_POINT('',(56.75,30.,0.));
#197 = SURFACE_CURVE('',#198,(#203,#210),.PCURVE_S1.);
#198 = CIRCLE('',#199,4.);
#199 = AXIS2_PLACEMENT_3D('',#200,#201,#202);
#200 = CARTESIAN_POINT('',(56.75,26.,0.));
#201 = DIRECTION('',(0.,0.,1.));
#202 = DIRECTION('',(0.,-1.,0.));
#203 = PCURVE('',#44,#204);
#204 = DEFINITIONAL_REPRESENTATION('',(#205),#209);
#205 = CIRCLE('',#206,4.);
#206 = AXIS2_PLACEMENT_2D('',#207,#208);
#207 = CARTESIAN_POINT('',(46.,26.));
#208 = DIRECTION('',(0.,-1.));
#209 = ( GEOMETRIC_REPRESENTATION_CONTEXT(2) 
PARAMETRIC_REPRESENTATION_CONTEXT() REPRESENTATION_CONTEXT('2D SPACE',''
  ) );
#210 = PCURVE('',#211,#216);
#211 = CYLINDRICAL_SURFACE('',#212,4.);
#212 = AXIS2_PLACEMENT_3D('',#213,#214,#215);
#213 = CARTESIAN_POINT('',(56.75,26.,0.));
#214 = DIRECTION('',(0.,0.,1.));
#215 = DIRECTION('',(1.,0.,-0.));
#216 = DEFINITIONAL_REPRESENTATION('',(#217),#221);
#217 = LINE('',#218,#219);
#218 = CARTESIAN_POINT('',(-1.570796326795,0.));
#219 = VECTOR('',#220,1.);
#220 = DIRECTION('',(1.,0.));
#221 = ( GEOMETRIC_REPRESENTATION_CONTEXT(2) 
PARAMETRIC_REPRESENTATION_CONTEXT() REPRESENTATION_CONTEXT('2D SPACE',''
  ) );
#222 = ORIENTED_EDGE('',*,*,#223,.T.);
#223 = EDGE_CURVE('',#195,#224,#226,.T.);
#224 = VERTEX_POINT('',#225);
#225 = CARTESIAN_POINT('',(-35.25,30.,0.));
#226 = SURFACE_CURVE('',#227,(#231,#238),.PCURVE_S1.);
#227 = LINE('',#228,#229);
#228 = CARTESIAN_POINT('',(60.75,30.,0.));
#229 = VECTOR('',#230,1.);
#230 = DIRECTION('',(-1.,0.,0.));
#231 = PCURVE('',#44,#232);
#232 = DEFINITIONAL_REPRESENTATION('',(#233),#237);
#233 = LINE('',#234,#235);
#234 = CARTESIAN_POINT('',(50.,30.));
#235 = VECTOR('',#236,1.);
#236 = DIRECTION('',(-1.,0.));
#237 = ( GEOMETRIC_REPRESENTATION_CONTEXT(2) 
PARAMETRIC_REPRESENTATION_CONTEXT() REPRESENTATION_CONTEXT('2D SPACE',''
  ) );
#238 = PCURVE('',#239,#244);
#239 = PLANE('',#240);
#240 = AXIS2_PLACEMENT_3D('',#241,#242,#243);
#241 = CARTESIAN_POINT('',(60.75,30.,0.));
#242 = DIRECTION('',(0.,-1.,0.));
#243 = DIRECTION('',(-1.,0.,0.));
#244 = DEFINITIONAL_REPRESENTATION('',(#245),#249);
#245 = LINE('',#246,#247);
#246 = CARTESIAN_POINT('',(0.,-0.));
#247 = VECTOR('',#248,1.);
#248 = DIRECTION('',(1.,0.));
#249 = ( GEOMETRIC_REPRESENTATION_CONTEXT(2) 
PARAMETRIC_REPRESENTATION_CONTEXT() REPRESENTATION_CONTEXT('2D SPACE',''
  ) );
#250 = ORIENTED_EDGE('',*,*,#251,.T.);
#251 = EDGE_CURVE('',#224,#252,#254,.T.);
#252 = VERTEX_POINT('',#253);
#253 = CARTESIAN_POINT('',(-39.25,26.,0.));
#254 = SURFACE_CURVE('',#255,(#260,#267),.PCURVE_S1.);
#255 = CIRCLE('',#256,4.);
#256 = AXIS2_PLACEMENT_3D('',#257,#258,#259);
#257 = CARTESIAN_POINT('',(-35.25,26.,0.));
#258 = DIRECTION('',(0.,0.,1.));
#259 = DIRECTION('',(0.,-1.,0.));
#260 = PCURVE('',#44,#261);
#261 = DEFINITIONAL_REPRESENTATION('',(#262),#266);
#262 = CIRCLE('',#263,4.);
#263 = AXIS2_PLACEMENT_2D('',#264,#265);
#264 = CARTESIAN_POINT('',(-46.,26.));
#265 = DIRECTION('',(0.,-1.));
#266 = ( GEOMETRIC_REPRESENTATION_CONTEXT(2) 
PARAMETRIC_REPRESENTATION_CONTEXT() REPRESENTATION_CONTEXT('2D SPACE',''
  ) );
#267 = PCURVE('',#268,#273);
#268 = CYLINDRICAL_SURFACE('',#269,4.);
#269 = AXIS2_PLACEMENT_3D('',#270,#271,#272);
#270 = CARTESIAN_POINT('',(-35.25,26.,0.));
#271 = DIRECTION('',(0.,0.,1.));
#272 = DIRECTION('',(-0.,1.,0.));
#273 = DEFINITIONAL_REPRESENTATION('',(#274),#278);
#274 = LINE('',#275,#276);
#275 = CARTESIAN_POINT('',(-3.14159265359,0.));
#276 = VECTOR('',#277,1.);
#277 = DIRECTION('',(1.,0.));
#278 = ( GEOMETRIC_REPRESENTATION_CONTEXT(2) 
PARAMETRIC_REPRESENTATION_CONTEXT() REPRESENTATION_CONTEXT('2D SPACE',''
  ) );
#279 = ORIENTED_EDGE('',*,*,#280,.T.);
#280 = EDGE_CURVE('',#252,#281,#283,.T.);
#281 = VERTEX_POINT('',#282);
#282 = CARTESIAN_POINT('',(-39.25,-26.,0.));
#283 = SURFACE_CURVE('',#284,(#288,#295),.PCURVE_S1.);
#284 = LINE('',#285,#286);
#285 = CARTESIAN_POINT('',(-39.25,30.,0.));
#286 = VECTOR('',#287,1.);
#287 = DIRECTION('',(0.,-1.,0.));
#288 = PCURVE('',#44,#289);
#289 = DEFINITIONAL_REPRESENTATION('',(#290),#294);
#290 = LINE('',#291,#292);
#291 = CARTESIAN_POINT('',(-50.,30.));
#292 = VECTOR('',#293,1.);
#293 = DIRECTION('',(0.,-1.));
#294 = ( GEOMETRIC_REPRESENTATION_CONTEXT(2) 
PARAMETRIC_REPRESENTATION_CONTEXT() REPRESENTATION_CONTEXT('2D SPACE',''
  ) );
#295 = PCURVE('',#296,#301);
#296 = PLANE('',#297);
#297 = AXIS2_PLACEMENT_3D('',#298,#299,#300);
#298 = CARTESIAN_POINT('',(-39.25,30.,0.));
#299 = DIRECTION('',(1.,0.,-0.));
#300 = DIRECTION('',(0.,-1.,0.));
#301 = DEFINITIONAL_REPRESENTATION('',(#302),#306);
#302 = LINE('',#303,#304);
#303 = CARTESIAN_POINT('',(0.,0.));
#304 = VECTOR('',#305,1.);
#305 = DIRECTION('',(1.,0.));
#306 = ( GEOMETRIC_REPRESENTATION_CONTEXT(2) 
PARAMETRIC_REPRESENTATION_CONTEXT() REPRESENTATION_CONTEXT('2D SPACE',''
  ) );
#307 = ORIENTED_EDGE('',*,*,#308,.F.);
#308 = EDGE_CURVE('',#22,#281,#309,.T.);
#309 = SURFACE_CURVE('',#310,(#315,#326),.PCURVE_S1.);
#310 = CIRCLE('',#311,4.);
#311 = AXIS2_PLACEMENT_3D('',#312,#313,#314);
#312 = CARTESIAN_POINT('',(-35.25,-26.,0.));
#313 = DIRECTION('',(-0.,-0.,-1.));
#314 = DIRECTION('',(0.,-1.,0.));
#315 = PCURVE('',#44,#316);
#316 = DEFINITIONAL_REPRESENTATION('',(#317),#325);
#317 = ( BOUNDED_CURVE() B_SPLINE_CURVE(2,(#318,#319,#320,#321,#322,#323
,#324),.UNSPECIFIED.,.T.,.F.) B_SPLINE_CURVE_WITH_KNOTS((1,2,2,2,2,1),(
    -2.094395102393,0.,2.094395102393,4.188790204786,6.28318530718,
8.377580409573),.UNSPECIFIED.) CURVE() GEOMETRIC_REPRESENTATION_ITEM() 
RATIONAL_B_SPLINE_CURVE((1.,0.5,1.,0.5,1.,0.5,1.)) REPRESENTATION_ITEM(
  '') );
#318 = CARTESIAN_POINT('',(-46.,-30.));
#319 = CARTESIAN_POINT('',(-52.92820323027,-30.));
#320 = CARTESIAN_POINT('',(-49.46410161513,-24.));
#321 = CARTESIAN_POINT('',(-46.,-18.));
#322 = CARTESIAN_POINT('',(-42.53589838486,-24.));
#323 = CARTESIAN_POINT('',(-39.07179676972,-30.));
#324 = CARTESIAN_POINT('',(-46.,-30.));
#325 = ( GEOMETRIC_REPRESENTATION_CONTEXT(2) 
PARAMETRIC_REPRESENTATION_CONTEXT() REPRESENTATION_CONTEXT('2D SPACE',''
  ) );
#326 = PCURVE('',#72,#327);
#327 = DEFINITIONAL_REPRESENTATION('',(#328),#332);
#328 = LINE('',#329,#330);
#329 = CARTESIAN_POINT('',(-0.,0.));
#330 = VECTOR('',#331,1.);
#331 = DIRECTION('',(-1.,0.));
#332 = ( GEOMETRIC_REPRESENTATION_CONTEXT(2) 
PARAMETRIC_REPRESENTATION_CONTEXT() REPRESENTATION_CONTEXT('2D SPACE',''
  ) );
#333 = FACE_BOUND('',#334,.F.);
#334 = EDGE_LOOP('',(#335,#363,#389,#415));
#335 = ORIENTED_EDGE('',*,*,#336,.T.);
#336 = EDGE_CURVE('',#337,#339,#341,.T.);
#337 = VERTEX_POINT('',#338);
#338 = CARTESIAN_POINT('',(-12.,-22.5,0.));
#339 = VERTEX_POINT('',#340);
#340 = CARTESIAN_POINT('',(-12.,-27.,0.));
#341 = SURFACE_CURVE('',#342,(#346,#352),.PCURVE_S1.);
#342 = LINE('',#343,#344);
#343 = CARTESIAN_POINT('',(-12.,-13.5,0.));
#344 = VECTOR('',#345,1.);
#345 = DIRECTION('',(0.,-1.,0.));
#346 = PCURVE('',#44,#347);
#347 = DEFINITIONAL_REPRESENTATION('',(#348),#351);
#348 = B_SPLINE_CURVE_WITH_KNOTS('',1,(#349,#350),.UNSPECIFIED.,.F.,.F.,
  (2,2),(9.,13.5),.PIECEWISE_BEZIER_KNOTS.);
#349 = CARTESIAN_POINT('',(-22.75,-22.5));
#350 = CARTESIAN_POINT('',(-22.75,-27.));
#351 = ( GEOMETRIC_REPRESENTATION_CONTEXT(2) 
PARAMETRIC_REPRESENTATION_CONTEXT() REPRESENTATION_CONTEXT('2D SPACE',''
  ) );
#352 = PCURVE('',#353,#358);
#353 = PLANE('',#354);
#354 = AXIS2_PLACEMENT_3D('',#355,#356,#357);
#355 = CARTESIAN_POINT('',(-12.,-27.,-1.));
#356 = DIRECTION('',(-1.,0.,0.));
#357 = DIRECTION('',(0.,1.,0.));
#358 = DEFINITIONAL_REPRESENTATION('',(#359),#362);
#359 = B_SPLINE_CURVE_WITH_KNOTS('',1,(#360,#361),.UNSPECIFIED.,.F.,.F.,
  (2,2),(9.,13.5),.PIECEWISE_BEZIER_KNOTS.);
#360 = CARTESIAN_POINT('',(4.5,-1.));
#361 = CARTESIAN_POINT('',(0.,-1.));
#362 = ( GEOMETRIC_REPRESENTATION_CONTEXT(2) 
PARAMETRIC_REPRESENTATION_CONTEXT() REPRESENTATION_CONTEXT('2D SPACE',''
  ) );
#363 = ORIENTED_EDGE('',*,*,#364,.T.);
#364 = EDGE_CURVE('',#339,#365,#367,.T.);
#365 = VERTEX_POINT('',#366);
#366 = CARTESIAN_POINT('',(-38.,-27.,0.));
#367 = SURFACE_CURVE('',#368,(#372,#378),.PCURVE_S1.);
#368 = LINE('',#369,#370);
#369 = CARTESIAN_POINT('',(-13.625,-27.,0.));
#370 = VECTOR('',#371,1.);
#371 = DIRECTION('',(-1.,0.,0.));
#372 = PCURVE('',#44,#373);
#373 = DEFINITIONAL_REPRESENTATION('',(#374),#377);
#374 = B_SPLINE_CURVE_WITH_KNOTS('',1,(#375,#376),.UNSPECIFIED.,.F.,.F.,
  (2,2),(-1.625,24.375),.PIECEWISE_BEZIER_KNOTS.);
#375 = CARTESIAN_POINT('',(-22.75,-27.));
#376 = CARTESIAN_POINT('',(-48.75,-27.));
#377 = ( GEOMETRIC_REPRESENTATION_CONTEXT(2) 
PARAMETRIC_REPRESENTATION_CONTEXT() REPRESENTATION_CONTEXT('2D SPACE',''
  ) );
#378 = PCURVE('',#379,#384);
#379 = PLANE('',#380);
#380 = AXIS2_PLACEMENT_3D('',#381,#382,#383);
#381 = CARTESIAN_POINT('',(-38.,-27.,-1.));
#382 = DIRECTION('',(0.,1.,0.));
#383 = DIRECTION('',(1.,0.,0.));
#384 = DEFINITIONAL_REPRESENTATION('',(#385),#388);
#385 = B_SPLINE_CURVE_WITH_KNOTS('',1,(#386,#387),.UNSPECIFIED.,.F.,.F.,
  (2,2),(-1.625,24.375),.PIECEWISE_BEZIER_KNOTS.);
#386 = CARTESIAN_POINT('',(26.,-1.));
#387 = CARTESIAN_POINT('',(0.,-1.));
#388 = ( GEOMETRIC_REPRESENTATION_CONTEXT(2) 
PARAMETRIC_REPRESENTATION_CONTEXT() REPRESENTATION_CONTEXT('2D SPACE',''
  ) );
#389 = ORIENTED_EDGE('',*,*,#390,.T.);
#390 = EDGE_CURVE('',#365,#391,#393,.T.);
#391 = VERTEX_POINT('',#392);
#392 = CARTESIAN_POINT('',(-38.,-22.5,0.));
#393 = SURFACE_CURVE('',#394,(#398,#404),.PCURVE_S1.);
#394 = LINE('',#395,#396);
#395 = CARTESIAN_POINT('',(-38.,-11.25,0.));
#396 = VECTOR('',#397,1.);
#397 = DIRECTION('',(-0.,1.,0.));
#398 = PCURVE('',#44,#399);
#399 = DEFINITIONAL_REPRESENTATION('',(#400),#403);
#400 = B_SPLINE_CURVE_WITH_KNOTS('',1,(#401,#402),.UNSPECIFIED.,.F.,.F.,
  (2,2),(-15.75,-11.25),.PIECEWISE_BEZIER_KNOTS.);
#401 = CARTESIAN_POINT('',(-48.75,-27.));
#402 = CARTESIAN_POINT('',(-48.75,-22.5));
#403 = ( GEOMETRIC_REPRESENTATION_CONTEXT(2) 
PARAMETRIC_REPRESENTATION_CONTEXT() REPRESENTATION_CONTEXT('2D SPACE',''
  ) );
#404 = PCURVE('',#405,#410);
#405 = PLANE('',#406);
#406 = AXIS2_PLACEMENT_3D('',#407,#408,#409);
#407 = CARTESIAN_POINT('',(-38.,-22.5,-1.));
#408 = DIRECTION('',(1.,0.,-0.));
#409 = DIRECTION('',(0.,-1.,0.));
#410 = DEFINITIONAL_REPRESENTATION('',(#411),#414);
#411 = B_SPLINE_CURVE_WITH_KNOTS('',1,(#412,#413),.UNSPECIFIED.,.F.,.F.,
  (2,2),(-15.75,-11.25),.PIECEWISE_BEZIER_KNOTS.);
#412 = CARTESIAN_POINT('',(4.5,-1.));
#413 = CARTESIAN_POINT('',(0.,-1.));
#414 = ( GEOMETRIC_REPRESENTATION_CONTEXT(2) 
PARAMETRIC_REPRESENTATION_CONTEXT() REPRESENTATION_CONTEXT('2D SPACE',''
  ) );
#415 = ORIENTED_EDGE('',*,*,#416,.T.);
#416 = EDGE_CURVE('',#391,#337,#417,.T.);
#417 = SURFACE_CURVE('',#418,(#422,#428),.PCURVE_S1.);
#418 = LINE('',#419,#420);
#419 = CARTESIAN_POINT('',(-0.625,-22.5,0.));
#420 = VECTOR('',#421,1.);
#421 = DIRECTION('',(1.,0.,-0.));
#422 = PCURVE('',#44,#423);
#423 = DEFINITIONAL_REPRESENTATION('',(#424),#427);
#424 = B_SPLINE_CURVE_WITH_KNOTS('',1,(#425,#426),.UNSPECIFIED.,.F.,.F.,
  (2,2),(-37.375,-11.375),.PIECEWISE_BEZIER_KNOTS.);
#425 = CARTESIAN_POINT('',(-48.75,-22.5));
#426 = CARTESIAN_POINT('',(-22.75,-22.5));
#427 = ( GEOMETRIC_REPRESENTATION_CONTEXT(2) 
PARAMETRIC_REPRESENTATION_CONTEXT() REPRESENTATION_CONTEXT('2D SPACE',''
  ) );
#428 = PCURVE('',#429,#434);
#429 = PLANE('',#430);
#430 = AXIS2_PLACEMENT_3D('',#431,#432,#433);
#431 = CARTESIAN_POINT('',(-12.,-22.5,-1.));
#432 = DIRECTION('',(0.,-1.,0.));
#433 = DIRECTION('',(-1.,0.,0.));
#434 = DEFINITIONAL_REPRESENTATION('',(#435),#438);
#435 = B_SPLINE_CURVE_WITH_KNOTS('',1,(#436,#437),.UNSPECIFIED.,.F.,.F.,
  (2,2),(-37.375,-11.375),.PIECEWISE_BEZIER_KNOTS.);
#436 = CARTESIAN_POINT('',(26.,-1.));
#437 = CARTESIAN_POINT('',(0.,-1.));
#438 = ( GEOMETRIC_REPRESENTATION_CONTEXT(2) 
PARAMETRIC_REPRESENTATION_CONTEXT() REPRESENTATION_CONTEXT('2D SPACE',''
  ) );
#439 = FACE_BOUND('',#440,.F.);
#440 = EDGE_LOOP('',(#441));
#441 = ORIENTED_EDGE('',*,*,#442,.T.);
#442 = EDGE_CURVE('',#443,#443,#445,.T.);
#443 = VERTEX_POINT('',#444);
#444 = CARTESIAN_POINT('',(-32.95,-20.,0.));
#445 = SURFACE_CURVE('',#446,(#451,#462),.PCURVE_S1.);
#446 = CIRCLE('',#447,1.3);
#447 = AXIS2_PLACEMENT_3D('',#448,#449,#450);
#448 = CARTESIAN_POINT('',(-34.25,-20.,0.));
#449 = DIRECTION('',(0.,0.,-1.));
#450 = DIRECTION('',(1.,0.,0.));
#451 = PCURVE('',#44,#452);
#452 = DEFINITIONAL_REPRESENTATION('',(#453),#461);
#453 = ( BOUNDED_CURVE() B_SPLINE_CURVE(2,(#454,#455,#456,#457,#458,#459
,#460),.UNSPECIFIED.,.T.,.F.) B_SPLINE_CURVE_WITH_KNOTS((1,2,2,2,2,1),(
    -2.094395102393,0.,2.094395102393,4.188790204786,6.28318530718,
8.377580409573),.UNSPECIFIED.) CURVE() GEOMETRIC_REPRESENTATION_ITEM() 
RATIONAL_B_SPLINE_CURVE((1.,0.5,1.,0.5,1.,0.5,1.)) REPRESENTATION_ITEM(
  '') );
#454 = CARTESIAN_POINT('',(-43.7,-20.));
#455 = CARTESIAN_POINT('',(-43.7,-22.25166604984));
#456 = CARTESIAN_POINT('',(-45.65,-21.12583302492));
#457 = CARTESIAN_POINT('',(-47.6,-20.));
#458 = CARTESIAN_POINT('',(-45.65,-18.87416697508));
#459 = CARTESIAN_POINT('',(-43.7,-17.74833395016));
#460 = CARTESIAN_POINT('',(-43.7,-20.));
#461 = ( GEOMETRIC_REPRESENTATION_CONTEXT(2) 
PARAMETRIC_REPRESENTATION_CONTEXT() REPRESENTATION_CONTEXT('2D SPACE',''
  ) );
#462 = PCURVE('',#463,#468);
#463 = CYLINDRICAL_SURFACE('',#464,1.3);
#464 = AXIS2_PLACEMENT_3D('',#465,#466,#467);
#465 = CARTESIAN_POINT('',(-34.25,-20.,-0.5));
#466 = DIRECTION('',(-0.,-0.,-1.));
#467 = DIRECTION('',(1.,0.,0.));
#468 = DEFINITIONAL_REPRESENTATION('',(#469),#473);
#469 = LINE('',#470,#471);
#470 = CARTESIAN_POINT('',(-6.28318530718,-0.5));
#471 = VECTOR('',#472,1.);
#472 = DIRECTION('',(1.,-0.));
#473 = ( GEOMETRIC_REPRESENTATION_CONTEXT(2) 
PARAMETRIC_REPRESENTATION_CONTEXT() REPRESENTATION_CONTEXT('2D SPACE',''
  ) );
#474 = FACE_BOUND('',#475,.F.);
#475 = EDGE_LOOP('',(#476));
#476 = ORIENTED_EDGE('',*,*,#477,.T.);
#477 = EDGE_CURVE('',#478,#478,#480,.T.);
#478 = VERTEX_POINT('',#479);
#479 = CARTESIAN_POINT('',(-27.95,-20.,0.));
#480 = SURFACE_CURVE('',#481,(#486,#497),.PCURVE_S1.);
#481 = CIRCLE('',#482,1.3);
#482 = AXIS2_PLACEMENT_3D('',#483,#484,#485);
#483 = CARTESIAN_POINT('',(-29.25,-20.,0.));
#484 = DIRECTION('',(0.,0.,-1.));
#485 = DIRECTION('',(1.,0.,0.));
#486 = PCURVE('',#44,#487);
#487 = DEFINITIONAL_REPRESENTATION('',(#488),#496);
#488 = ( BOUNDED_CURVE() B_SPLINE_CURVE(2,(#489,#490,#491,#492,#493,#494
,#495),.UNSPECIFIED.,.T.,.F.) B_SPLINE_CURVE_WITH_KNOTS((1,2,2,2,2,1),(
    -2.094395102393,0.,2.094395102393,4.188790204786,6.28318530718,
8.377580409573),.UNSPECIFIED.) CURVE() GEOMETRIC_REPRESENTATION_ITEM() 
RATIONAL_B_SPLINE_CURVE((1.,0.5,1.,0.5,1.,0.5,1.)) REPRESENTATION_ITEM(
  '') );
#489 = CARTESIAN_POINT('',(-38.7,-20.));
#490 = CARTESIAN_POINT('',(-38.7,-22.25166604984));
#491 = CARTESIAN_POINT('',(-40.65,-21.12583302492));
#492 = CARTESIAN_POINT('',(-42.6,-20.));
#493 = CARTESIAN_POINT('',(-40.65,-18.87416697508));
#494 = CARTESIAN_POINT('',(-38.7,-17.74833395016));
#495 = CARTESIAN_POINT('',(-38.7,-20.));
#496 = ( GEOMETRIC_REPRESENTATION_CONTEXT(2) 
PARAMETRIC_REPRESENTATION_CONTEXT() REPRESENTATION_CONTEXT('2D SPACE',''
  ) );
#497 = PCURVE('',#498,#503);
#498 = CYLINDRICAL_SURFACE('',#499,1.3);
#499 = AXIS2_PLACEMENT_3D('',#500,#501,#502);
#500 = CARTESIAN_POINT('',(-29.25,-20.,-0.5));
#501 = DIRECTION('',(-0.,-0.,-1.));
#502 = DIRECTION('',(1.,0.,0.));
#503 = DEFINITIONAL_REPRESENTATION('',(#504),#508);
#504 = LINE('',#505,#506);
#505 = CARTESIAN_POINT('',(-6.28318530718,-0.5));
#506 = VECTOR('',#507,1.);
#507 = DIRECTION('',(1.,-0.));
#508 = ( GEOMETRIC_REPRESENTATION_CONTEXT(2) 
PARAMETRIC_REPRESENTATION_CONTEXT() REPRESENTATION_CONTEXT('2D SPACE',''
  ) );
#509 = FACE_BOUND('',#510,.F.);
#510 = EDGE_LOOP('',(#511));
#511 = ORIENTED_EDGE('',*,*,#512,.T.);
#512 = EDGE_CURVE('',#513,#513,#515,.T.);
#513 = VERTEX_POINT('',#514);
#514 = CARTESIAN_POINT('',(-22.95,-20.,0.));
#515 = SURFACE_CURVE('',#516,(#521,#532),.PCURVE_S1.);
#516 = CIRCLE('',#517,1.3);
#517 = AXIS2_PLACEMENT_3D('',#518,#519,#520);
#518 = CARTESIAN_POINT('',(-24.25,-20.,0.));
#519 = DIRECTION('',(0.,0.,-1.));
#520 = DIRECTION('',(1.,0.,0.));
#521 = PCURVE('',#44,#522);
#522 = DEFINITIONAL_REPRESENTATION('',(#523),#531);
#523 = ( BOUNDED_CURVE() B_SPLINE_CURVE(2,(#524,#525,#526,#527,#528,#529
,#530),.UNSPECIFIED.,.T.,.F.) B_SPLINE_CURVE_WITH_KNOTS((1,2,2,2,2,1),(
    -2.094395102393,0.,2.094395102393,4.188790204786,6.28318530718,
8.377580409573),.UNSPECIFIED.) CURVE() GEOMETRIC_REPRESENTATION_ITEM() 
RATIONAL_B_SPLINE_CURVE((1.,0.5,1.,0.5,1.,0.5,1.)) REPRESENTATION_ITEM(
  '') );
#524 = CARTESIAN_POINT('',(-33.7,-20.));
#525 = CARTESIAN_POINT('',(-33.7,-22.25166604984));
#526 = CARTESIAN_POINT('',(-35.65,-21.12583302492));
#527 = CARTESIAN_POINT('',(-37.6,-20.));
#528 = CARTESIAN_POINT('',(-35.65,-18.87416697508));
#529 = CARTESIAN_POINT('',(-33.7,-17.74833395016));
#530 = CARTESIAN_POINT('',(-33.7,-20.));
#531 = ( GEOMETRIC_REPRESENTATION_CONTEXT(2) 
PARAMETRIC_REPRESENTATION_CONTEXT() REPRESENTATION_CONTEXT('2D SPACE',''
  ) );
#532 = PCURVE('',#533,#538);
#533 = CYLINDRICAL_SURFACE('',#534,1.3);
#534 = AXIS2_PLACEMENT_3D('',#535,#536,#537);
#535 = CARTESIAN_POINT('',(-24.25,-20.,-0.5));
#536 = DIRECTION('',(-0.,-0.,-1.));
#537 = DIRECTION('',(1.,0.,0.));
#538 = DEFINITIONAL_REPRESENTATION('',(#539),#543);
#539 = LINE('',#540,#541);
#540 = CARTESIAN_POINT('',(-6.28318530718,-0.5));
#541 = VECTOR('',#542,1.);
#542 = DIRECTION('',(1.,-0.));
#543 = ( GEOMETRIC_REPRESENTATION_CONTEXT(2) 
PARAMETRIC_REPRESENTATION_CONTEXT() REPRESENTATION_CONTEXT('2D SPACE',''
  ) );
#544 = FACE_BOUND('',#545,.F.);
#545 = EDGE_LOOP('',(#546));
#546 = ORIENTED_EDGE('',*,*,#547,.T.);
#547 = EDGE_CURVE('',#548,#548,#550,.T.);
#548 = VERTEX_POINT('',#549);
#549 = CARTESIAN_POINT('',(-17.95,-20.,0.));
#550 = SURFACE_CURVE('',#551,(#556,#567),.PCURVE_S1.);
#551 = CIRCLE('',#552,1.3);
#552 = AXIS2_PLACEMENT_3D('',#553,#554,#555);
#553 = CARTESIAN_POINT('',(-19.25,-20.,0.));
#554 = DIRECTION('',(0.,0.,-1.));
#555 = DIRECTION('',(1.,0.,0.));
#556 = PCURVE('',#44,#557);
#557 = DEFINITIONAL_REPRESENTATION('',(#558),#566);
#558 = ( BOUNDED_CURVE() B_SPLINE_CURVE(2,(#559,#560,#561,#562,#563,#564
,#565),.UNSPECIFIED.,.T.,.F.) B_SPLINE_CURVE_WITH_KNOTS((1,2,2,2,2,1),(
    -2.094395102393,0.,2.094395102393,4.188790204786,6.28318530718,
8.377580409573),.UNSPECIFIED.) CURVE() GEOMETRIC_REPRESENTATION_ITEM() 
RATIONAL_B_SPLINE_CURVE((1.,0.5,1.,0.5,1.,0.5,1.)) REPRESENTATION_ITEM(
  '') );
#559 = CARTESIAN_POINT('',(-28.7,-20.));
#560 = CARTESIAN_POINT('',(-28.7,-22.25166604984));
#561 = CARTESIAN_POINT('',(-30.65,-21.12583302492));
#562 = CARTESIAN_POINT('',(-32.6,-20.));
#563 = CARTESIAN_POINT('',(-30.65,-18.87416697508));
#564 = CARTESIAN_POINT('',(-28.7,-17.74833395016));
#565 = CARTESIAN_POINT('',(-28.7,-20.));
#566 = ( GEOMETRIC_REPRESENTATION_CONTEXT(2) 
PARAMETRIC_REPRESENTATION_CONTEXT() REPRESENTATION_CONTEXT('2D SPACE',''
  ) );
#567 = PCURVE('',#568,#573);
#568 = CYLINDRICAL_SURFACE('',#569,1.3);
#569 = AXIS2_PLACEMENT_3D('',#570,#571,#572);
#570 = CARTESIAN_POINT('',(-19.25,-20.,-0.5));
#571 = DIRECTION('',(-0.,-0.,-1.));
#572 = DIRECTION('',(1.,0.,0.));
#573 = DEFINITIONAL_REPRESENTATION('',(#574),#578);
#574 = LINE('',#575,#576);
#575 = CARTESIAN_POINT('',(-6.28318530718,-0.5));
#576 = VECTOR('',#577,1.);
#577 = DIRECTION('',(1.,-0.));
#578 = ( GEOMETRIC_REPRESENTATION_CONTEXT(2) 
PARAMETRIC_REPRESENTATION_CONTEXT() REPRESENTATION_CONTEXT('2D SPACE',''
  ) );
#579 = FACE_BOUND('',#580,.F.);
#580 = EDGE_LOOP('',(#581));
#581 = ORIENTED_EDGE('',*,*,#582,.T.);
#582 = EDGE_CURVE('',#583,#583,#585,.T.);
#583 = VERTEX_POINT('',#584);
#584 = CARTESIAN_POINT('',(-12.95,-20.,0.));
#585 = SURFACE_CURVE('',#586,(#591,#602),.PCURVE_S1.);
#586 = CIRCLE('',#587,1.3);
#587 = AXIS2_PLACEMENT_3D('',#588,#589,#590);
#588 = CARTESIAN_POINT('',(-14.25,-20.,0.));
#589 = DIRECTION('',(0.,0.,-1.));
#590 = DIRECTION('',(1.,0.,0.));
#591 = PCURVE('',#44,#592);
#592 = DEFINITIONAL_REPRESENTATION('',(#593),#601);
#593 = ( BOUNDED_CURVE() B_SPLINE_CURVE(2,(#594,#595,#596,#597,#598,#599
,#600),.UNSPECIFIED.,.T.,.F.) B_SPLINE_CURVE_WITH_KNOTS((1,2,2,2,2,1),(
    -2.094395102393,0.,2.094395102393,4.188790204786,6.28318530718,
8.377580409573),.UNSPECIFIED.) CURVE() GEOMETRIC_REPRESENTATION_ITEM() 
RATIONAL_B_SPLINE_CURVE((1.,0.5,1.,0.5,1.,0.5,1.)) REPRESENTATION_ITEM(
  '') );
#594 = CARTESIAN_POINT('',(-23.7,-20.));
#595 = CARTESIAN_POINT('',(-23.7,-22.25166604984));
#596 = CARTESIAN_POINT('',(-25.65,-21.12583302492));
#597 = CARTESIAN_POINT('',(-27.6,-20.));
#598 = CARTESIAN_POINT('',(-25.65,-18.87416697508));
#599 = CARTESIAN_POINT('',(-23.7,-17.74833395016));
#600 = CARTESIAN_POINT('',(-23.7,-20.));
#601 = ( GEOMETRIC_REPRESENTATION_CONTEXT(2) 
PARAMETRIC_REPRESENTATION_CONTEXT() REPRESENTATION_CONTEXT('2D SPACE',''
  ) );
#602 = PCURVE('',#603,#608);
#603 = CYLINDRICAL_SURFACE('',#604,1.3);
#604 = AXIS2_PLACEMENT_3D('',#605,#606,#607);
#605 = CARTESIAN_POINT('',(-14.25,-20.,-0.5));
#606 = DIRECTION('',(-0.,-0.,-1.));
#607 = DIRECTION('',(1.,0.,0.));
#608 = DEFINITIONAL_REPRESENTATION('',(#609),#613);
#609 = LINE('',#610,#611);
#610 = CARTESIAN_POINT('',(-6.28318530718,-0.5));
#611 = VECTOR('',#612,1.);
#612 = DIRECTION('',(1.,-0.));
#613 = ( GEOMETRIC_REPRESENTATION_CONTEXT(2) 
PARAMETRIC_REPRESENTATION_CONTEXT() REPRESENTATION_CONTEXT('2D SPACE',''
  ) );
#614 = FACE_BOUND('',#615,.F.);
#615 = EDGE_LOOP('',(#616));
#616 = ORIENTED_EDGE('',*,*,#617,.T.);
#617 = EDGE_CURVE('',#618,#618,#620,.T.);
#618 = VERTEX_POINT('',#619);
#619 = CARTESIAN_POINT('',(-7.95,-25.,0.));
#620 = SURFACE_CURVE('',#621,(#626,#637),.PCURVE_S1.);
#621 = CIRCLE('',#622,1.3);
#622 = AXIS2_PLACEMENT_3D('',#623,#624,#625);
#623 = CARTESIAN_POINT('',(-9.25,-25.,0.));
#624 = DIRECTION('',(0.,0.,-1.));
#625 = DIRECTION('',(1.,0.,0.));
#626 = PCURVE('',#44,#627);
#627 = DEFINITIONAL_REPRESENTATION('',(#628),#636);
#628 = ( BOUNDED_CURVE() B_SPLINE_CURVE(2,(#629,#630,#631,#632,#633,#634
,#635),.UNSPECIFIED.,.T.,.F.) B_SPLINE_CURVE_WITH_KNOTS((1,2,2,2,2,1),(
    -2.094395102393,0.,2.094395102393,4.188790204786,6.28318530718,
8.377580409573),.UNSPECIFIED.) CURVE() GEOMETRIC_REPRESENTATION_ITEM() 
RATIONAL_B_SPLINE_CURVE((1.,0.5,1.,0.5,1.,0.5,1.)) REPRESENTATION_ITEM(
  '') );
#629 = CARTESIAN_POINT('',(-18.7,-25.));
#630 = CARTESIAN_POINT('',(-18.7,-27.25166604984));
#631 = CARTESIAN_POINT('',(-20.65,-26.12583302492));
#632 = CARTESIAN_POINT('',(-22.6,-25.));
#633 = CARTESIAN_POINT('',(-20.65,-23.87416697508));
#634 = CARTESIAN_POINT('',(-18.7,-22.74833395016));
#635 = CARTESIAN_POINT('',(-18.7,-25.));
#636 = ( GEOMETRIC_REPRESENTATION_CONTEXT(2) 
PARAMETRIC_REPRESENTATION_CONTEXT() REPRESENTATION_CONTEXT('2D SPACE',''
  ) );
#637 = PCURVE('',#638,#643);
#638 = CYLINDRICAL_SURFACE('',#639,1.3);
#639 = AXIS2_PLACEMENT_3D('',#640,#641,#642);
#640 = CARTESIAN_POINT('',(-9.25,-25.,-0.5));
#641 = DIRECTION('',(-0.,-0.,-1.));
#642 = DIRECTION('',(1.,0.,0.));
#643 = DEFINITIONAL_REPRESENTATION('',(#644),#648);
#644 = LINE('',#645,#646);
#645 = CARTESIAN_POINT('',(-6.28318530718,-0.5));
#646 = VECTOR('',#647,1.);
#647 = DIRECTION('',(1.,-0.));
#648 = ( GEOMETRIC_REPRESENTATION_CONTEXT(2) 
PARAMETRIC_REPRESENTATION_CONTEXT() REPRESENTATION_CONTEXT('2D SPACE',''
  ) );
#649 = FACE_BOUND('',#650,.F.);
#650 = EDGE_LOOP('',(#651));
#651 = ORIENTED_EDGE('',*,*,#652,.T.);
#652 = EDGE_CURVE('',#653,#653,#655,.T.);
#653 = VERTEX_POINT('',#654);
#654 = CARTESIAN_POINT('',(-2.95,-25.,0.));
#655 = SURFACE_CURVE('',#656,(#661,#672),.PCURVE_S1.);
#656 = CIRCLE('',#657,1.3);
#657 = AXIS2_PLACEMENT_3D('',#658,#659,#660);
#658 = CARTESIAN_POINT('',(-4.25,-25.,0.));
#659 = DIRECTION('',(0.,0.,-1.));
#660 = DIRECTION('',(1.,0.,0.));
#661 = PCURVE('',#44,#662);
#662 = DEFINITIONAL_REPRESENTATION('',(#663),#671);
#663 = ( BOUNDED_CURVE() B_SPLINE_CURVE(2,(#664,#665,#666,#667,#668,#669
,#670),.UNSPECIFIED.,.T.,.F.) B_SPLINE_CURVE_WITH_KNOTS((1,2,2,2,2,1),(
    -2.094395102393,0.,2.094395102393,4.188790204786,6.28318530718,
8.377580409573),.UNSPECIFIED.) CURVE() GEOMETRIC_REPRESENTATION_ITEM() 
RATIONAL_B_SPLINE_CURVE((1.,0.5,1.,0.5,1.,0.5,1.)) REPRESENTATION_ITEM(
  '') );
#664 = CARTESIAN_POINT('',(-13.7,-25.));
#665 = CARTESIAN_POINT('',(-13.7,-27.25166604984));
#666 = CARTESIAN_POINT('',(-15.65,-26.12583302492));
#667 = CARTESIAN_POINT('',(-17.6,-25.));
#668 = CARTESIAN_POINT('',(-15.65,-23.87416697508));
#669 = CARTESIAN_POINT('',(-13.7,-22.74833395016));
#670 = CARTESIAN_POINT('',(-13.7,-25.));
#671 = ( GEOMETRIC_REPRESENTATION_CONTEXT(2) 
PARAMETRIC_REPRESENTATION_CONTEXT() REPRESENTATION_CONTEXT('2D SPACE',''
  ) );
#672 = PCURVE('',#673,#678);
#673 = CYLINDRICAL_SURFACE('',#674,1.3);
#674 = AXIS2_PLACEMENT_3D('',#675,#676,#677);
#675 = CARTESIAN_POINT('',(-4.25,-25.,-0.5));
#676 = DIRECTION('',(-0.,-0.,-1.));
#677 = DIRECTION('',(1.,0.,0.));
#678 = DEFINITIONAL_REPRESENTATION('',(#679),#683);
#679 = LINE('',#680,#681);
#680 = CARTESIAN_POINT('',(-6.28318530718,-0.5));
#681 = VECTOR('',#682,1.);
#682 = DIRECTION('',(1.,-0.));
#683 = ( GEOMETRIC_REPRESENTATION_CONTEXT(2) 
PARAMETRIC_REPRESENTATION_CONTEXT() REPRESENTATION_CONTEXT('2D SPACE',''
  ) );
#684 = FACE_BOUND('',#685,.F.);
#685 = EDGE_LOOP('',(#686));
#686 = ORIENTED_EDGE('',*,*,#687,.T.);
#687 = EDGE_CURVE('',#688,#688,#690,.T.);
#688 = VERTEX_POINT('',#689);
#689 = CARTESIAN_POINT('',(2.05,-25.,0.));
#690 = SURFACE_CURVE('',#691,(#696,#707),.PCURVE_S1.);
#691 = CIRCLE('',#692,1.3);
#692 = AXIS2_PLACEMENT_3D('',#693,#694,#695);
#693 = CARTESIAN_POINT('',(0.75,-25.,0.));
#694 = DIRECTION('',(0.,0.,-1.));
#695 = DIRECTION('',(1.,0.,0.));
#696 = PCURVE('',#44,#697);
#697 = DEFINITIONAL_REPRESENTATION('',(#698),#706);
#698 = ( BOUNDED_CURVE() B_SPLINE_CURVE(2,(#699,#700,#701,#702,#703,#704
,#705),.UNSPECIFIED.,.T.,.F.) B_SPLINE_CURVE_WITH_KNOTS((1,2,2,2,2,1),(
    -2.094395102393,0.,2.094395102393,4.188790204786,6.28318530718,
8.377580409573),.UNSPECIFIED.) CURVE() GEOMETRIC_REPRESENTATION_ITEM() 
RATIONAL_B_SPLINE_CURVE((1.,0.5,1.,0.5,1.,0.5,1.)) REPRESENTATION_ITEM(
  '') );
#699 = CARTESIAN_POINT('',(-8.7,-25.));
#700 = CARTESIAN_POINT('',(-8.7,-27.25166604984));
#701 = CARTESIAN_POINT('',(-10.65,-26.12583302492));
#702 = CARTESIAN_POINT('',(-12.6,-25.));
#703 = CARTESIAN_POINT('',(-10.65,-23.87416697508));
#704 = CARTESIAN_POINT('',(-8.7,-22.74833395016));
#705 = CARTESIAN_POINT('',(-8.7,-25.));
#706 = ( GEOMETRIC_REPRESENTATION_CONTEXT(2) 
PARAMETRIC_REPRESENTATION_CONTEXT() REPRESENTATION_CONTEXT('2D SPACE',''
  ) );
#707 = PCURVE('',#708,#713);
#708 = CYLINDRICAL_SURFACE('',#709,1.3);
#709 = AXIS2_PLACEMENT_3D('',#710,#711,#712);
#710 = CARTESIAN_POINT('',(0.75,-25.,-0.5));
#711 = DIRECTION('',(-0.,-0.,-1.));
#712 = DIRECTION('',(1.,0.,0.));
#713 = DEFINITIONAL_REPRESENTATION('',(#714),#718);
#714 = LINE('',#715,#716);
#715 = CARTESIAN_POINT('',(-6.28318530718,-0.5));
#716 = VECTOR('',#717,1.);
#717 = DIRECTION('',(1.,-0.));
#718 = ( GEOMETRIC_REPRESENTATION_CONTEXT(2) 
PARAMETRIC_REPRESENTATION_CONTEXT() REPRESENTATION_CONTEXT('2D SPACE',''
  ) );
#719 = FACE_BOUND('',#720,.F.);
#720 = EDGE_LOOP('',(#721));
#721 = ORIENTED_EDGE('',*,*,#722,.T.);
#722 = EDGE_CURVE('',#723,#723,#725,.T.);
#723 = VERTEX_POINT('',#724);
#724 = CARTESIAN_POINT('',(7.05,-25.,0.));
#725 = SURFACE_CURVE('',#726,(#731,#742),.PCURVE_S1.);
#726 = CIRCLE('',#727,1.3);
#727 = AXIS2_PLACEMENT_3D('',#728,#729,#730);
#728 = CARTESIAN_POINT('',(5.75,-25.,0.));
#729 = DIRECTION('',(0.,0.,-1.));
#730 = DIRECTION('',(1.,0.,0.));
#731 = PCURVE('',#44,#732);
#732 = DEFINITIONAL_REPRESENTATION('',(#733),#741);
#733 = ( BOUNDED_CURVE() B_SPLINE_CURVE(2,(#734,#735,#736,#737,#738,#739
,#740),.UNSPECIFIED.,.T.,.F.) B_SPLINE_CURVE_WITH_KNOTS((1,2,2,2,2,1),(
    -2.094395102393,0.,2.094395102393,4.188790204786,6.28318530718,
8.377580409573),.UNSPECIFIED.) CURVE() GEOMETRIC_REPRESENTATION_ITEM() 
RATIONAL_B_SPLINE_CURVE((1.,0.5,1.,0.5,1.,0.5,1.)) REPRESENTATION_ITEM(
  '') );
#734 = CARTESIAN_POINT('',(-3.7,-25.));
#735 = CARTESIAN_POINT('',(-3.7,-27.25166604984));
#736 = CARTESIAN_POINT('',(-5.65,-26.12583302492));
#737 = CARTESIAN_POINT('',(-7.6,-25.));
#738 = CARTESIAN_POINT('',(-5.65,-23.87416697508));
#739 = CARTESIAN_POINT('',(-3.7,-22.74833395016));
#740 = CARTESIAN_POINT('',(-3.7,-25.));
#741 = ( GEOMETRIC_REPRESENTATION_CONTEXT(2) 
PARAMETRIC_REPRESENTATION_CONTEXT() REPRESENTATION_CONTEXT('2D SPACE',''
  ) );
#742 = PCURVE('',#743,#748);
#743 = CYLINDRICAL_SURFACE('',#744,1.3);
#744 = AXIS2_PLACEMENT_3D('',#745,#746,#747);
#745 = CARTESIAN_POINT('',(5.75,-25.,-0.5));
#746 = DIRECTION('',(-0.,-0.,-1.));
#747 = DIRECTION('',(1.,0.,0.));
#748 = DEFINITIONAL_REPRESENTATION('',(#749),#753);
#749 = LINE('',#750,#751);
#750 = CARTESIAN_POINT('',(-6.28318530718,-0.5));
#751 = VECTOR('',#752,1.);
#752 = DIRECTION('',(1.,-0.));
#753 = ( GEOMETRIC_REPRESENTATION_CONTEXT(2) 
PARAMETRIC_REPRESENTATION_CONTEXT() REPRESENTATION_CONTEXT('2D SPACE',''
  ) );
#754 = FACE_BOUND('',#755,.F.);
#755 = EDGE_LOOP('',(#756));
#756 = ORIENTED_EDGE('',*,*,#757,.T.);
#757 = EDGE_CURVE('',#758,#758,#760,.T.);
#758 = VERTEX_POINT('',#759);
#759 = CARTESIAN_POINT('',(-7.95,-20.,0.));
#760 = SURFACE_CURVE('',#761,(#766,#777),.PCURVE_S1.);
#761 = CIRCLE('',#762,1.3);
#762 = AXIS2_PLACEMENT_3D('',#763,#764,#765);
#763 = CARTESIAN_POINT('',(-9.25,-20.,0.));
#764 = DIRECTION('',(0.,0.,-1.));
#765 = DIRECTION('',(1.,0.,0.));
#766 = PCURVE('',#44,#767);
#767 = DEFINITIONAL_REPRESENTATION('',(#768),#776);
#768 = ( BOUNDED_CURVE() B_SPLINE_CURVE(2,(#769,#770,#771,#772,#773,#774
,#775),.UNSPECIFIED.,.T.,.F.) B_SPLINE_CURVE_WITH_KNOTS((1,2,2,2,2,1),(
    -2.094395102393,0.,2.094395102393,4.188790204786,6.28318530718,
8.377580409573),.UNSPECIFIED.) CURVE() GEOMETRIC_REPRESENTATION_ITEM() 
RATIONAL_B_SPLINE_CURVE((1.,0.5,1.,0.5,1.,0.5,1.)) REPRESENTATION_ITEM(
  '') );
#769 = CARTESIAN_POINT('',(-18.7,-20.));
#770 = CARTESIAN_POINT('',(-18.7,-22.25166604984));
#771 = CARTESIAN_POINT('',(-20.65,-21.12583302492));
#772 = CARTESIAN_POINT('',(-22.6,-20.));
#773 = CARTESIAN_POINT('',(-20.65,-18.87416697508));
#774 = CARTESIAN_POINT('',(-18.7,-17.74833395016));
#775 = CARTESIAN_POINT('',(-18.7,-20.));
#776 = ( GEOMETRIC_REPRESENTATION_CONTEXT(2) 
PARAMETRIC_REPRESENTATION_CONTEXT() REPRESENTATION_CONTEXT('2D SPACE',''
  ) );
#777 = PCURVE('',#778,#783);
#778 = CYLINDRICAL_SURFACE('',#779,1.3);
#779 = AXIS2_PLACEMENT_3D('',#780,#781,#782);
#780 = CARTESIAN_POINT('',(-9.25,-20.,-0.5));
#781 = DIRECTION('',(-0.,-0.,-1.));
#782 = DIRECTION('',(1.,0.,0.));
#783 = DEFINITIONAL_REPRESENTATION('',(#784),#788);
#784 = LINE('',#785,#786);
#785 = CARTESIAN_POINT('',(-6.28318530718,-0.5));
#786 = VECTOR('',#787,1.);
#787 = DIRECTION('',(1.,-0.));
#788 = ( GEOMETRIC_REPRESENTATION_CONTEXT(2) 
PARAMETRIC_REPRESENTATION_CONTEXT() REPRESENTATION_CONTEXT('2D SPACE',''
  ) );
#789 = FACE_BOUND('',#790,.F.);
#790 = EDGE_LOOP('',(#791));
#791 = ORIENTED_EDGE('',*,*,#792,.T.);
#792 = EDGE_CURVE('',#793,#793,#795,.T.);
#793 = VERTEX_POINT('',#794);
#794 = CARTESIAN_POINT('',(-2.95,-20.,0.));
#795 = SURFACE_CURVE('',#796,(#801,#812),.PCURVE_S1.);
#796 = CIRCLE('',#797,1.3);
#797 = AXIS2_PLACEMENT_3D('',#798,#799,#800);
#798 = CARTESIAN_POINT('',(-4.25,-20.,0.));
#799 = DIRECTION('',(0.,0.,-1.));
#800 = DIRECTION('',(1.,0.,0.));
#801 = PCURVE('',#44,#802);
#802 = DEFINITIONAL_REPRESENTATION('',(#803),#811);
#803 = ( BOUNDED_CURVE() B_SPLINE_CURVE(2,(#804,#805,#806,#807,#808,#809
,#810),.UNSPECIFIED.,.T.,.F.) B_SPLINE_CURVE_WITH_KNOTS((1,2,2,2,2,1),(
    -2.094395102393,0.,2.094395102393,4.188790204786,6.28318530718,
8.377580409573),.UNSPECIFIED.) CURVE() GEOMETRIC_REPRESENTATION_ITEM() 
RATIONAL_B_SPLINE_CURVE((1.,0.5,1.,0.5,1.,0.5,1.)) REPRESENTATION_ITEM(
  '') );
#804 = CARTESIAN_POINT('',(-13.7,-20.));
#805 = CARTESIAN_POINT('',(-13.7,-22.25166604984));
#806 = CARTESIAN_POINT('',(-15.65,-21.12583302492));
#807 = CARTESIAN_POINT('',(-17.6,-20.));
#808 = CARTESIAN_POINT('',(-15.65,-18.87416697508));
#809 = CARTESIAN_POINT('',(-13.7,-17.74833395016));
#810 = CARTESIAN_POINT('',(-13.7,-20.));
#811 = ( GEOMETRIC_REPRESENTATION_CONTEXT(2) 
PARAMETRIC_REPRESENTATION_CONTEXT() REPRESENTATION_CONTEXT('2D SPACE',''
  ) );
#812 = PCURVE('',#813,#818);
#813 = CYLINDRICAL_SURFACE('',#814,1.3);
#814 = AXIS2_PLACEMENT_3D('',#815,#816,#817);
#815 = CARTESIAN_POINT('',(-4.25,-20.,-0.5));
#816 = DIRECTION('',(-0.,-0.,-1.));
#817 = DIRECTION('',(1.,0.,0.));
#818 = DEFINITIONAL_REPRESENTATION('',(#819),#823);
#819 = LINE('',#820,#821);
#820 = CARTESIAN_POINT('',(-6.28318530718,-0.5));
#821 = VECTOR('',#822,1.);
#822 = DIRECTION('',(1.,-0.));
#823 = ( GEOMETRIC_REPRESENTATION_CONTEXT(2) 
PARAMETRIC_REPRESENTATION_CONTEXT() REPRESENTATION_CONTEXT('2D SPACE',''
  ) );
#824 = FACE_BOUND('',#825,.F.);
#825 = EDGE_LOOP('',(#826));
#826 = ORIENTED_EDGE('',*,*,#827,.T.);
#827 = EDGE_CURVE('',#828,#828,#830,.T.);
#828 = VERTEX_POINT('',#829);
#829 = CARTESIAN_POINT('',(2.05,-20.,0.));
#830 = SURFACE_CURVE('',#831,(#836,#847),.PCURVE_S1.);
#831 = CIRCLE('',#832,1.3);
#832 = AXIS2_PLACEMENT_3D('',#833,#834,#835);
#833 = CARTESIAN_POINT('',(0.75,-20.,0.));
#834 = DIRECTION('',(0.,0.,-1.));
#835 = DIRECTION('',(1.,0.,0.));
#836 = PCURVE('',#44,#837);
#837 = DEFINITIONAL_REPRESENTATION('',(#838),#846);
#838 = ( BOUNDED_CURVE() B_SPLINE_CURVE(2,(#839,#840,#841,#842,#843,#844
,#845),.UNSPECIFIED.,.T.,.F.) B_SPLINE_CURVE_WITH_KNOTS((1,2,2,2,2,1),(
    -2.094395102393,0.,2.094395102393,4.188790204786,6.28318530718,
8.377580409573),.UNSPECIFIED.) CURVE() GEOMETRIC_REPRESENTATION_ITEM() 
RATIONAL_B_SPLINE_CURVE((1.,0.5,1.,0.5,1.,0.5,1.)) REPRESENTATION_ITEM(
  '') );
#839 = CARTESIAN_POINT('',(-8.7,-20.));
#840 = CARTESIAN_POINT('',(-8.7,-22.25166604984));
#841 = CARTESIAN_POINT('',(-10.65,-21.12583302492));
#842 = CARTESIAN_POINT('',(-12.6,-20.));
#843 = CARTESIAN_POINT('',(-10.65,-18.87416697508));
#844 = CARTESIAN_POINT('',(-8.7,-17.74833395016));
#845 = CARTESIAN_POINT('',(-8.7,-20.));
#846 = ( GEOMETRIC_REPRESENTATION_CONTEXT(2) 
PARAMETRIC_REPRESENTATION_CONTEXT() REPRESENTATION_CONTEXT('2D SPACE',''
  ) );
#847 = PCURVE('',#848,#853);
#848 = CYLINDRICAL_SURFACE('',#849,1.3);
#849 = AXIS2_PLACEMENT_3D('',#850,#851,#852);
#850 = CARTESIAN_POINT('',(0.75,-20.,-0.5));
#851 = DIRECTION('',(-0.,-0.,-1.));
#852 = DIRECTION('',(1.,0.,0.));
#853 = DEFINITIONAL_REPRESENTATION('',(#854),#858);
#854 = LINE('',#855,#856);
#855 = CARTESIAN_POINT('',(-6.28318530718,-0.5));
#856 = VECTOR('',#857,1.);
#857 = DIRECTION('',(1.,-0.));
#858 = ( GEOMETRIC_REPRESENTATION_CONTEXT(2) 
PARAMETRIC_REPRESENTATION_CONTEXT() REPRESENTATION_CONTEXT('2D SPACE',''
  ) );
#859 = FACE_BOUND('',#860,.F.);
#860 = EDGE_LOOP('',(#861));
#861 = ORIENTED_EDGE('',*,*,#862,.T.);
#862 = EDGE_CURVE('',#863,#863,#865,.T.);
#863 = VERTEX_POINT('',#864);
#864 = CARTESIAN_POINT('',(7.05,-20.,0.));
#865 = SURFACE_CURVE('',#866,(#871,#882),.PCURVE_S1.);
#866 = CIRCLE('',#867,1.3);
#867 = AXIS2_PLACEMENT_3D('',#868,#869,#870);
#868 = CARTESIAN_POINT('',(5.75,-20.,0.));
#869 = DIRECTION('',(0.,0.,-1.));
#870 = DIRECTION('',(1.,0.,0.));
#871 = PCURVE('',#44,#872);
#872 = DEFINITIONAL_REPRESENTATION('',(#873),#881);
#873 = ( BOUNDED_CURVE() B_SPLINE_CURVE(2,(#874,#875,#876,#877,#878,#879
,#880),.UNSPECIFIED.,.T.,.F.) B_SPLINE_CURVE_WITH_KNOTS((1,2,2,2,2,1),(
    -2.094395102393,0.,2.094395102393,4.188790204786,6.28318530718,
8.377580409573),.UNSPECIFIED.) CURVE() GEOMETRIC_REPRESENTATION_ITEM() 
RATIONAL_B_SPLINE_CURVE((1.,0.5,1.,0.5,1.,0.5,1.)) REPRESENTATION_ITEM(
  '') );
#874 = CARTESIAN_POINT('',(-3.7,-20.));
#875 = CARTESIAN_POINT('',(-3.7,-22.25166604984));
#876 = CARTESIAN_POINT('',(-5.65,-21.12583302492));
#877 = CARTESIAN_POINT('',(-7.6,-20.));
#878 = CARTESIAN_POINT('',(-5.65,-18.87416697508));
#879 = CARTESIAN_POINT('',(-3.7,-17.74833395016));
#880 = CARTESIAN_POINT('',(-3.7,-20.));
#881 = ( GEOMETRIC_REPRESENTATION_CONTEXT(2) 
PARAMETRIC_REPRESENTATION_CONTEXT() REPRESENTATION_CONTEXT('2D SPACE',''
  ) );
#882 = PCURVE('',#883,#888);
#883 = CYLINDRICAL_SURFACE('',#884,1.3);
#884 = AXIS2_PLACEMENT_3D('',#885,#886,#887);
#885 = CARTESIAN_POINT('',(5.75,-20.,-0.5));
#886 = DIRECTION('',(-0.,-0.,-1.));
#887 = DIRECTION('',(1.,0.,0.));
#888 = DEFINITIONAL_REPRESENTATION('',(#889),#893);
#889 = LINE('',#890,#891);
#890 = CARTESIAN_POINT('',(-6.28318530718,-0.5));
#891 = VECTOR('',#892,1.);
#892 = DIRECTION('',(1.,-0.));
#893 = ( GEOMETRIC_REPRESENTATION_CONTEXT(2) 
PARAMETRIC_REPRESENTATION_CONTEXT() REPRESENTATION_CONTEXT('2D SPACE',''
  ) );
#894 = FACE_BOUND('',#895,.F.);
#895 = EDGE_LOOP('',(#896));
#896 = ORIENTED_EDGE('',*,*,#897,.T.);
#897 = EDGE_CURVE('',#898,#898,#900,.T.);
#898 = VERTEX_POINT('',#899);
#899 = CARTESIAN_POINT('',(2.05,-15.,0.));
#900 = SURFACE_CURVE('',#901,(#906,#917),.PCURVE_S1.);
#901 = CIRCLE('',#902,1.3);
#902 = AXIS2_PLACEMENT_3D('',#903,#904,#905);
#903 = CARTESIAN_POINT('',(0.75,-15.,0.));
#904 = DIRECTION('',(0.,0.,-1.));
#905 = DIRECTION('',(1.,0.,0.));
#906 = PCURVE('',#44,#907);
#907 = DEFINITIONAL_REPRESENTATION('',(#908),#916);
#908 = ( BOUNDED_CURVE() B_SPLINE_CURVE(2,(#909,#910,#911,#912,#913,#914
,#915),.UNSPECIFIED.,.T.,.F.) B_SPLINE_CURVE_WITH_KNOTS((1,2,2,2,2,1),(
    -2.094395102393,0.,2.094395102393,4.188790204786,6.28318530718,
8.377580409573),.UNSPECIFIED.) CURVE() GEOMETRIC_REPRESENTATION_ITEM() 
RATIONAL_B_SPLINE_CURVE((1.,0.5,1.,0.5,1.,0.5,1.)) REPRESENTATION_ITEM(
  '') );
#909 = CARTESIAN_POINT('',(-8.7,-15.));
#910 = CARTESIAN_POINT('',(-8.7,-17.25166604984));
#911 = CARTESIAN_POINT('',(-10.65,-16.12583302492));
#912 = CARTESIAN_POINT('',(-12.6,-15.));
#913 = CARTESIAN_POINT('',(-10.65,-13.87416697508));
#914 = CARTESIAN_POINT('',(-8.7,-12.74833395016));
#915 = CARTESIAN_POINT('',(-8.7,-15.));
#916 = ( GEOMETRIC_REPRESENTATION_CONTEXT(2) 
PARAMETRIC_REPRESENTATION_CONTEXT() REPRESENTATION_CONTEXT('2D SPACE',''
  ) );
#917 = PCURVE('',#918,#923);
#918 = CYLINDRICAL_SURFACE('',#919,1.3);
#919 = AXIS2_PLACEMENT_3D('',#920,#921,#922);
#920 = CARTESIAN_POINT('',(0.75,-15.,-0.5));
#921 = DIRECTION('',(-0.,-0.,-1.));
#922 = DIRECTION('',(1.,0.,0.));
#923 = DEFINITIONAL_REPRESENTATION('',(#924),#928);
#924 = LINE('',#925,#926);
#925 = CARTESIAN_POINT('',(-6.28318530718,-0.5));
#926 = VECTOR('',#927,1.);
#927 = DIRECTION('',(1.,-0.));
#928 = ( GEOMETRIC_REPRESENTATION_CONTEXT(2) 
PARAMETRIC_REPRESENTATION_CONTEXT() REPRESENTATION_CONTEXT('2D SPACE',''
  ) );
#929 = FACE_BOUND('',#930,.F.);
#930 = EDGE_LOOP('',(#931));
#931 = ORIENTED_EDGE('',*,*,#932,.T.);
#932 = EDGE_CURVE('',#933,#933,#935,.T.);
#933 = VERTEX_POINT('',#934);
#934 = CARTESIAN_POINT('',(2.05,-10.,0.));
#935 = SURFACE_CURVE('',#936,(#941,#952),.PCURVE_S1.);
#936 = CIRCLE('',#937,1.3);
#937 = AXIS2_PLACEMENT_3D('',#938,#939,#940);
#938 = CARTESIAN_POINT('',(0.75,-10.,0.));
#939 = DIRECTION('',(0.,0.,-1.));
#940 = DIRECTION('',(1.,0.,0.));
#941 = PCURVE('',#44,#942);
#942 = DEFINITIONAL_REPRESENTATION('',(#943),#951);
#943 = ( BOUNDED_CURVE() B_SPLINE_CURVE(2,(#944,#945,#946,#947,#948,#949
,#950),.UNSPECIFIED.,.T.,.F.) B_SPLINE_CURVE_WITH_KNOTS((1,2,2,2,2,1),(
    -2.094395102393,0.,2.094395102393,4.188790204786,6.28318530718,
8.377580409573),.UNSPECIFIED.) CURVE() GEOMETRIC_REPRESENTATION_ITEM() 
RATIONAL_B_SPLINE_CURVE((1.,0.5,1.,0.5,1.,0.5,1.)) REPRESENTATION_ITEM(
  '') );
#944 = CARTESIAN_POINT('',(-8.7,-10.));
#945 = CARTESIAN_POINT('',(-8.7,-12.25166604984));
#946 = CARTESIAN_POINT('',(-10.65,-11.12583302492));
#947 = CARTESIAN_POINT('',(-12.6,-10.));
#948 = CARTESIAN_POINT('',(-10.65,-8.87416697508));
#949 = CARTESIAN_POINT('',(-8.7,-7.74833395016));
#950 = CARTESIAN_POINT('',(-8.7,-10.));
#951 = ( GEOMETRIC_REPRESENTATION_CONTEXT(2) 
PARAMETRIC_REPRESENTATION_CONTEXT() REPRESENTATION_CONTEXT('2D SPACE',''
  ) );
#952 = PCURVE('',#953,#958);
#953 = CYLINDRICAL_SURFACE('',#954,1.3);
#954 = AXIS2_PLACEMENT_3D('',#955,#956,#957);
#955 = CARTESIAN_POINT('',(0.75,-10.,-0.5));
#956 = DIRECTION('',(-0.,-0.,-1.));
#957 = DIRECTION('',(1.,0.,0.));
#958 = DEFINITIONAL_REPRESENTATION('',(#959),#963);
#959 = LINE('',#960,#961);
#960 = CARTESIAN_POINT('',(-6.28318530718,-0.5));
#961 = VECTOR('',#962,1.);
#962 = DIRECTION('',(1.,-0.));
#963 = ( GEOMETRIC_REPRESENTATION_CONTEXT(2) 
PARAMETRIC_REPRESENTATION_CONTEXT() REPRESENTATION_CONTEXT('2D SPACE',''
  ) );
#964 = FACE_BOUND('',#965,.F.);
#965 = EDGE_LOOP('',(#966));
#966 = ORIENTED_EDGE('',*,*,#967,.T.);
#967 = EDGE_CURVE('',#968,#968,#970,.T.);
#968 = VERTEX_POINT('',#969);
#969 = CARTESIAN_POINT('',(2.05,-5.,0.));
#970 = SURFACE_CURVE('',#971,(#976,#987),.PCURVE_S1.);
#971 = CIRCLE('',#972,1.3);
#972 = AXIS2_PLACEMENT_3D('',#973,#974,#975);
#973 = CARTESIAN_POINT('',(0.75,-5.,0.));
#974 = DIRECTION('',(0.,0.,-1.));
#975 = DIRECTION('',(1.,0.,0.));
#976 = PCURVE('',#44,#977);
#977 = DEFINITIONAL_REPRESENTATION('',(#978),#986);
#978 = ( BOUNDED_CURVE() B_SPLINE_CURVE(2,(#979,#980,#981,#982,#983,#984
,#985),.UNSPECIFIED.,.T.,.F.) B_SPLINE_CURVE_WITH_KNOTS((1,2,2,2,2,1),(
    -2.094395102393,0.,2.094395102393,4.188790204786,6.28318530718,
8.377580409573),.UNSPECIFIED.) CURVE() GEOMETRIC_REPRESENTATION_ITEM() 
RATIONAL_B_SPLINE_CURVE((1.,0.5,1.,0.5,1.,0.5,1.)) REPRESENTATION_ITEM(
  '') );
#979 = CARTESIAN_POINT('',(-8.7,-5.));
#980 = CARTESIAN_POINT('',(-8.7,-7.25166604984));
#981 = CARTESIAN_POINT('',(-10.65,-6.12583302492));
#982 = CARTESIAN_POINT('',(-12.6,-5.));
#983 = CARTESIAN_POINT('',(-10.65,-3.87416697508));
#984 = CARTESIAN_POINT('',(-8.7,-2.74833395016));
#985 = CARTESIAN_POINT('',(-8.7,-5.));
#986 = ( GEOMETRIC_REPRESENTATION_CONTEXT(2) 
PARAMETRIC_REPRESENTATION_CONTEXT() REPRESENTATION_CONTEXT('2D SPACE',''
  ) );
#987 = PCURVE('',#988,#993);
#988 = CYLINDRICAL_SURFACE('',#989,1.3);
#989 = AXIS2_PLACEMENT_3D('',#990,#991,#992);
#990 = CARTESIAN_POINT('',(0.75,-5.,-0.5));
#991 = DIRECTION('',(-0.,-0.,-1.));
#992 = DIRECTION('',(1.,0.,0.));
#993 = DEFINITIONAL_REPRESENTATION('',(#994),#998);
#994 = LINE('',#995,#996);
#995 = CARTESIAN_POINT('',(-6.28318530718,-0.5));
#996 = VECTOR('',#997,1.);
#997 = DIRECTION('',(1.,-0.));
#998 = ( GEOMETRIC_REPRESENTATION_CONTEXT(2) 
PARAMETRIC_REPRESENTATION_CONTEXT() REPRESENTATION_CONTEXT('2D SPACE',''
  ) );
#999 = FACE_BOUND('',#1000,.F.);
#1000 = EDGE_LOOP('',(#1001));
#1001 = ORIENTED_EDGE('',*,*,#1002,.T.);
#1002 = EDGE_CURVE('',#1003,#1003,#1005,.T.);
#1003 = VERTEX_POINT('',#1004);
#1004 = CARTESIAN_POINT('',(12.05,-25.,0.));
#1005 = SURFACE_CURVE('',#1006,(#1011,#1022),.PCURVE_S1.);
#1006 = CIRCLE('',#1007,1.3);
#1007 = AXIS2_PLACEMENT_3D('',#1008,#1009,#1010);
#1008 = CARTESIAN_POINT('',(10.75,-25.,0.));
#1009 = DIRECTION('',(0.,0.,-1.));
#1010 = DIRECTION('',(1.,0.,0.));
#1011 = PCURVE('',#44,#1012);
#1012 = DEFINITIONAL_REPRESENTATION('',(#1013),#1021);
#1013 = ( BOUNDED_CURVE() B_SPLINE_CURVE(2,(#1014,#1015,#1016,#1017,
#1018,#1019,#1020),.UNSPECIFIED.,.T.,.F.) B_SPLINE_CURVE_WITH_KNOTS((1,2
    ,2,2,2,1),(-2.094395102393,0.,2.094395102393,4.188790204786,
6.28318530718,8.377580409573),.UNSPECIFIED.) CURVE() 
GEOMETRIC_REPRESENTATION_ITEM() RATIONAL_B_SPLINE_CURVE((1.,0.5,1.,0.5,
1.,0.5,1.)) REPRESENTATION_ITEM('') );
#1014 = CARTESIAN_POINT('',(1.3,-25.));
#1015 = CARTESIAN_POINT('',(1.3,-27.25166604984));
#1016 = CARTESIAN_POINT('',(-0.65,-26.12583302492));
#1017 = CARTESIAN_POINT('',(-2.6,-25.));
#1018 = CARTESIAN_POINT('',(-0.65,-23.87416697508));
#1019 = CARTESIAN_POINT('',(1.3,-22.74833395016));
#1020 = CARTESIAN_POINT('',(1.3,-25.));
#1021 = ( GEOMETRIC_REPRESENTATION_CONTEXT(2) 
PARAMETRIC_REPRESENTATION_CONTEXT() REPRESENTATION_CONTEXT('2D SPACE',''
  ) );
#1022 = PCURVE('',#1023,#1028);
#1023 = CYLINDRICAL_SURFACE('',#1024,1.3);
#1024 = AXIS2_PLACEMENT_3D('',#1025,#1026,#1027);
#1025 = CARTESIAN_POINT('',(10.75,-25.,-0.5));
#1026 = DIRECTION('',(-0.,-0.,-1.));
#1027 = DIRECTION('',(1.,0.,0.));
#1028 = DEFINITIONAL_REPRESENTATION('',(#1029),#1033);
#1029 = LINE('',#1030,#1031);
#1030 = CARTESIAN_POINT('',(-6.28318530718,-0.5));
#1031 = VECTOR('',#1032,1.);
#1032 = DIRECTION('',(1.,-0.));
#1033 = ( GEOMETRIC_REPRESENTATION_CONTEXT(2) 
PARAMETRIC_REPRESENTATION_CONTEXT() REPRESENTATION_CONTEXT('2D SPACE',''
  ) );
#1034 = FACE_BOUND('',#1035,.F.);
#1035 = EDGE_LOOP('',(#1036));
#1036 = ORIENTED_EDGE('',*,*,#1037,.T.);
#1037 = EDGE_CURVE('',#1038,#1038,#1040,.T.);
#1038 = VERTEX_POINT('',#1039);
#1039 = CARTESIAN_POINT('',(17.05,-25.,0.));
#1040 = SURFACE_CURVE('',#1041,(#1046,#1057),.PCURVE_S1.);
#1041 = CIRCLE('',#1042,1.3);
#1042 = AXIS2_PLACEMENT_3D('',#1043,#1044,#1045);
#1043 = CARTESIAN_POINT('',(15.75,-25.,0.));
#1044 = DIRECTION('',(0.,0.,-1.));
#1045 = DIRECTION('',(1.,0.,0.));
#1046 = PCURVE('',#44,#1047);
#1047 = DEFINITIONAL_REPRESENTATION('',(#1048),#1056);
#1048 = ( BOUNDED_CURVE() B_SPLINE_CURVE(2,(#1049,#1050,#1051,#1052,
#1053,#1054,#1055),.UNSPECIFIED.,.T.,.F.) B_SPLINE_CURVE_WITH_KNOTS((1,2
    ,2,2,2,1),(-2.094395102393,0.,2.094395102393,4.188790204786,
6.28318530718,8.377580409573),.UNSPECIFIED.) CURVE() 
GEOMETRIC_REPRESENTATION_ITEM() RATIONAL_B_SPLINE_CURVE((1.,0.5,1.,0.5,
1.,0.5,1.)) REPRESENTATION_ITEM('') );
#1049 = CARTESIAN_POINT('',(6.3,-25.));
#1050 = CARTESIAN_POINT('',(6.3,-27.25166604984));
#1051 = CARTESIAN_POINT('',(4.35,-26.12583302492));
#1052 = CARTESIAN_POINT('',(2.4,-25.));
#1053 = CARTESIAN_POINT('',(4.35,-23.87416697508));
#1054 = CARTESIAN_POINT('',(6.3,-22.74833395016));
#1055 = CARTESIAN_POINT('',(6.3,-25.));
#1056 = ( GEOMETRIC_REPRESENTATION_CONTEXT(2) 
PARAMETRIC_REPRESENTATION_CONTEXT() REPRESENTATION_CONTEXT('2D SPACE',''
  ) );
#1057 = PCURVE('',#1058,#1063);
#1058 = CYLINDRICAL_SURFACE('',#1059,1.3);
#1059 = AXIS2_PLACEMENT_3D('',#1060,#1061,#1062);
#1060 = CARTESIAN_POINT('',(15.75,-25.,-0.5));
#1061 = DIRECTION('',(-0.,-0.,-1.));
#1062 = DIRECTION('',(1.,0.,0.));
#1063 = DEFINITIONAL_REPRESENTATION('',(#1064),#1068);
#1064 = LINE('',#1065,#1066);
#1065 = CARTESIAN_POINT('',(-6.28318530718,-0.5));
#1066 = VECTOR('',#1067,1.);
#1067 = DIRECTION('',(1.,-0.));
#1068 = ( GEOMETRIC_REPRESENTATION_CONTEXT(2) 
PARAMETRIC_REPRESENTATION_CONTEXT() REPRESENTATION_CONTEXT('2D SPACE',''
  ) );
#1069 = FACE_BOUND('',#1070,.F.);
#1070 = EDGE_LOOP('',(#1071));
#1071 = ORIENTED_EDGE('',*,*,#1072,.T.);
#1072 = EDGE_CURVE('',#1073,#1073,#1075,.T.);
#1073 = VERTEX_POINT('',#1074);
#1074 = CARTESIAN_POINT('',(22.05,-25.,0.));
#1075 = SURFACE_CURVE('',#1076,(#1081,#1092),.PCURVE_S1.);
#1076 = CIRCLE('',#1077,1.3);
#1077 = AXIS2_PLACEMENT_3D('',#1078,#1079,#1080);
#1078 = CARTESIAN_POINT('',(20.75,-25.,0.));
#1079 = DIRECTION('',(0.,0.,-1.));
#1080 = DIRECTION('',(1.,0.,0.));
#1081 = PCURVE('',#44,#1082);
#1082 = DEFINITIONAL_REPRESENTATION('',(#1083),#1091);
#1083 = ( BOUNDED_CURVE() B_SPLINE_CURVE(2,(#1084,#1085,#1086,#1087,
#1088,#1089,#1090),.UNSPECIFIED.,.T.,.F.) B_SPLINE_CURVE_WITH_KNOTS((1,2
    ,2,2,2,1),(-2.094395102393,0.,2.094395102393,4.188790204786,
6.28318530718,8.377580409573),.UNSPECIFIED.) CURVE() 
GEOMETRIC_REPRESENTATION_ITEM() RATIONAL_B_SPLINE_CURVE((1.,0.5,1.,0.5,
1.,0.5,1.)) REPRESENTATION_ITEM('') );
#1084 = CARTESIAN_POINT('',(11.3,-25.));
#1085 = CARTESIAN_POINT('',(11.3,-27.25166604984));
#1086 = CARTESIAN_POINT('',(9.35,-26.12583302492));
#1087 = CARTESIAN_POINT('',(7.4,-25.));
#1088 = CARTESIAN_POINT('',(9.35,-23.87416697508));
#1089 = CARTESIAN_POINT('',(11.3,-22.74833395016));
#1090 = CARTESIAN_POINT('',(11.3,-25.));
#1091 = ( GEOMETRIC_REPRESENTATION_CONTEXT(2) 
PARAMETRIC_REPRESENTATION_CONTEXT() REPRESENTATION_CONTEXT('2D SPACE',''
  ) );
#1092 = PCURVE('',#1093,#1098);
#1093 = CYLINDRICAL_SURFACE('',#1094,1.3);
#1094 = AXIS2_PLACEMENT_3D('',#1095,#1096,#1097);
#1095 = CARTESIAN_POINT('',(20.75,-25.,-0.5));
#1096 = DIRECTION('',(-0.,-0.,-1.));
#1097 = DIRECTION('',(1.,0.,0.));
#1098 = DEFINITIONAL_REPRESENTATION('',(#1099),#1103);
#1099 = LINE('',#1100,#1101);
#1100 = CARTESIAN_POINT('',(-6.28318530718,-0.5));
#1101 = VECTOR('',#1102,1.);
#1102 = DIRECTION('',(1.,-0.));
#1103 = ( GEOMETRIC_REPRESENTATION_CONTEXT(2) 
PARAMETRIC_REPRESENTATION_CONTEXT() REPRESENTATION_CONTEXT('2D SPACE',''
  ) );
#1104 = FACE_BOUND('',#1105,.F.);
#1105 = EDGE_LOOP('',(#1106));
#1106 = ORIENTED_EDGE('',*,*,#1107,.T.);
#1107 = EDGE_CURVE('',#1108,#1108,#1110,.T.);
#1108 = VERTEX_POINT('',#1109);
#1109 = CARTESIAN_POINT('',(27.05,-25.,0.));
#1110 = SURFACE_CURVE('',#1111,(#1116,#1127),.PCURVE_S1.);
#1111 = CIRCLE('',#1112,1.3);
#1112 = AXIS2_PLACEMENT_3D('',#1113,#1114,#1115);
#1113 = CARTESIAN_POINT('',(25.75,-25.,0.));
#1114 = DIRECTION('',(0.,0.,-1.));
#1115 = DIRECTION('',(1.,0.,0.));
#1116 = PCURVE('',#44,#1117);
#1117 = DEFINITIONAL_REPRESENTATION('',(#1118),#1126);
#1118 = ( BOUNDED_CURVE() B_SPLINE_CURVE(2,(#1119,#1120,#1121,#1122,
#1123,#1124,#1125),.UNSPECIFIED.,.T.,.F.) B_SPLINE_CURVE_WITH_KNOTS((1,2
    ,2,2,2,1),(-2.094395102393,0.,2.094395102393,4.188790204786,
6.28318530718,8.377580409573),.UNSPECIFIED.) CURVE() 
GEOMETRIC_REPRESENTATION_ITEM() RATIONAL_B_SPLINE_CURVE((1.,0.5,1.,0.5,
1.,0.5,1.)) REPRESENTATION_ITEM('') );
#1119 = CARTESIAN_POINT('',(16.3,-25.));
#1120 = CARTESIAN_POINT('',(16.3,-27.25166604984));
#1121 = CARTESIAN_POINT('',(14.35,-26.12583302492));
#1122 = CARTESIAN_POINT('',(12.4,-25.));
#1123 = CARTESIAN_POINT('',(14.35,-23.87416697508));
#1124 = CARTESIAN_POINT('',(16.3,-22.74833395016));
#1125 = CARTESIAN_POINT('',(16.3,-25.));
#1126 = ( GEOMETRIC_REPRESENTATION_CONTEXT(2) 
PARAMETRIC_REPRESENTATION_CONTEXT() REPRESENTATION_CONTEXT('2D SPACE',''
  ) );
#1127 = PCURVE('',#1128,#1133);
#1128 = CYLINDRICAL_SURFACE('',#1129,1.3);
#1129 = AXIS2_PLACEMENT_3D('',#1130,#1131,#1132);
#1130 = CARTESIAN_POINT('',(25.75,-25.,-0.5));
#1131 = DIRECTION('',(-0.,-0.,-1.));
#1132 = DIRECTION('',(1.,0.,0.));
#1133 = DEFINITIONAL_REPRESENTATION('',(#1134),#1138);
#1134 = LINE('',#1135,#1136);
#1135 = CARTESIAN_POINT('',(-6.28318530718,-0.5));
#1136 = VECTOR('',#1137,1.);
#1137 = DIRECTION('',(1.,-0.));
#1138 = ( GEOMETRIC_REPRESENTATION_CONTEXT(2) 
PARAMETRIC_REPRESENTATION_CONTEXT() REPRESENTATION_CONTEXT('2D SPACE',''
  ) );
#1139 = FACE_BOUND('',#1140,.F.);
#1140 = EDGE_LOOP('',(#1141));
#1141 = ORIENTED_EDGE('',*,*,#1142,.T.);
#1142 = EDGE_CURVE('',#1143,#1143,#1145,.T.);
#1143 = VERTEX_POINT('',#1144);
#1144 = CARTESIAN_POINT('',(32.05,-25.,0.));
#1145 = SURFACE_CURVE('',#1146,(#1151,#1162),.PCURVE_S1.);
#1146 = CIRCLE('',#1147,1.3);
#1147 = AXIS2_PLACEMENT_3D('',#1148,#1149,#1150);
#1148 = CARTESIAN_POINT('',(30.75,-25.,0.));
#1149 = DIRECTION('',(0.,0.,-1.));
#1150 = DIRECTION('',(1.,0.,0.));
#1151 = PCURVE('',#44,#1152);
#1152 = DEFINITIONAL_REPRESENTATION('',(#1153),#1161);
#1153 = ( BOUNDED_CURVE() B_SPLINE_CURVE(2,(#1154,#1155,#1156,#1157,
#1158,#1159,#1160),.UNSPECIFIED.,.T.,.F.) B_SPLINE_CURVE_WITH_KNOTS((1,2
    ,2,2,2,1),(-2.094395102393,0.,2.094395102393,4.188790204786,
6.28318530718,8.377580409573),.UNSPECIFIED.) CURVE() 
GEOMETRIC_REPRESENTATION_ITEM() RATIONAL_B_SPLINE_CURVE((1.,0.5,1.,0.5,
1.,0.5,1.)) REPRESENTATION_ITEM('') );
#1154 = CARTESIAN_POINT('',(21.3,-25.));
#1155 = CARTESIAN_POINT('',(21.3,-27.25166604984));
#1156 = CARTESIAN_POINT('',(19.35,-26.12583302492));
#1157 = CARTESIAN_POINT('',(17.4,-25.));
#1158 = CARTESIAN_POINT('',(19.35,-23.87416697508));
#1159 = CARTESIAN_POINT('',(21.3,-22.74833395016));
#1160 = CARTESIAN_POINT('',(21.3,-25.));
#1161 = ( GEOMETRIC_REPRESENTATION_CONTEXT(2) 
PARAMETRIC_REPRESENTATION_CONTEXT() REPRESENTATION_CONTEXT('2D SPACE',''
  ) );
#1162 = PCURVE('',#1163,#1168);
#1163 = CYLINDRICAL_SURFACE('',#1164,1.3);
#1164 = AXIS2_PLACEMENT_3D('',#1165,#1166,#1167);
#1165 = CARTESIAN_POINT('',(30.75,-25.,-0.5));
#1166 = DIRECTION('',(-0.,-0.,-1.));
#1167 = DIRECTION('',(1.,0.,0.));
#1168 = DEFINITIONAL_REPRESENTATION('',(#1169),#1173);
#1169 = LINE('',#1170,#1171);
#1170 = CARTESIAN_POINT('',(-6.28318530718,-0.5));
#1171 = VECTOR('',#1172,1.);
#1172 = DIRECTION('',(1.,-0.));
#1173 = ( GEOMETRIC_REPRESENTATION_CONTEXT(2) 
PARAMETRIC_REPRESENTATION_CONTEXT() REPRESENTATION_CONTEXT('2D SPACE',''
  ) );
#1174 = FACE_BOUND('',#1175,.F.);
#1175 = EDGE_LOOP('',(#1176));
#1176 = ORIENTED_EDGE('',*,*,#1177,.T.);
#1177 = EDGE_CURVE('',#1178,#1178,#1180,.T.);
#1178 = VERTEX_POINT('',#1179);
#1179 = CARTESIAN_POINT('',(12.05,-20.,0.));
#1180 = SURFACE_CURVE('',#1181,(#1186,#1197),.PCURVE_S1.);
#1181 = CIRCLE('',#1182,1.3);
#1182 = AXIS2_PLACEMENT_3D('',#1183,#1184,#1185);
#1183 = CARTESIAN_POINT('',(10.75,-20.,0.));
#1184 = DIRECTION('',(0.,0.,-1.));
#1185 = DIRECTION('',(1.,0.,0.));
#1186 = PCURVE('',#44,#1187);
#1187 = DEFINITIONAL_REPRESENTATION('',(#1188),#1196);
#1188 = ( BOUNDED_CURVE() B_SPLINE_CURVE(2,(#1189,#1190,#1191,#1192,
#1193,#1194,#1195),.UNSPECIFIED.,.T.,.F.) B_SPLINE_CURVE_WITH_KNOTS((1,2
    ,2,2,2,1),(-2.094395102393,0.,2.094395102393,4.188790204786,
6.28318530718,8.377580409573),.UNSPECIFIED.) CURVE() 
GEOMETRIC_REPRESENTATION_ITEM() RATIONAL_B_SPLINE_CURVE((1.,0.5,1.,0.5,
1.,0.5,1.)) REPRESENTATION_ITEM('') );
#1189 = CARTESIAN_POINT('',(1.3,-20.));
#1190 = CARTESIAN_POINT('',(1.3,-22.25166604984));
#1191 = CARTESIAN_POINT('',(-0.65,-21.12583302492));
#1192 = CARTESIAN_POINT('',(-2.6,-20.));
#1193 = CARTESIAN_POINT('',(-0.65,-18.87416697508));
#1194 = CARTESIAN_POINT('',(1.3,-17.74833395016));
#1195 = CARTESIAN_POINT('',(1.3,-20.));
#1196 = ( GEOMETRIC_REPRESENTATION_CONTEXT(2) 
PARAMETRIC_REPRESENTATION_CONTEXT() REPRESENTATION_CONTEXT('2D SPACE',''
  ) );
#1197 = PCURVE('',#1198,#1203);
#1198 = CYLINDRICAL_SURFACE('',#1199,1.3);
#1199 = AXIS2_PLACEMENT_3D('',#1200,#1201,#1202);
#1200 = CARTESIAN_POINT('',(10.75,-20.,-0.5));
#1201 = DIRECTION('',(-0.,-0.,-1.));
#1202 = DIRECTION('',(1.,0.,0.));
#1203 = DEFINITIONAL_REPRESENTATION('',(#1204),#1208);
#1204 = LINE('',#1205,#1206);
#1205 = CARTESIAN_POINT('',(-6.28318530718,-0.5));
#1206 = VECTOR('',#1207,1.);
#1207 = DIRECTION('',(1.,-0.));
#1208 = ( GEOMETRIC_REPRESENTATION_CONTEXT(2) 
PARAMETRIC_REPRESENTATION_CONTEXT() REPRESENTATION_CONTEXT('2D SPACE',''
  ) );
#1209 = FACE_BOUND('',#1210,.F.);
#1210 = EDGE_LOOP('',(#1211));
#1211 = ORIENTED_EDGE('',*,*,#1212,.T.);
#1212 = EDGE_CURVE('',#1213,#1213,#1215,.T.);
#1213 = VERTEX_POINT('',#1214);
#1214 = CARTESIAN_POINT('',(17.05,-20.,0.));
#1215 = SURFACE_CURVE('',#1216,(#1221,#1232),.PCURVE_S1.);
#1216 = CIRCLE('',#1217,1.3);
#1217 = AXIS2_PLACEMENT_3D('',#1218,#1219,#1220);
#1218 = CARTESIAN_POINT('',(15.75,-20.,0.));
#1219 = DIRECTION('',(0.,0.,-1.));
#1220 = DIRECTION('',(1.,0.,0.));
#1221 = PCURVE('',#44,#1222);
#1222 = DEFINITIONAL_REPRESENTATION('',(#1223),#1231);
#1223 = ( BOUNDED_CURVE() B_SPLINE_CURVE(2,(#1224,#1225,#1226,#1227,
#1228,#1229,#1230),.UNSPECIFIED.,.T.,.F.) B_SPLINE_CURVE_WITH_KNOTS((1,2
    ,2,2,2,1),(-2.094395102393,0.,2.094395102393,4.188790204786,
6.28318530718,8.377580409573),.UNSPECIFIED.) CURVE() 
GEOMETRIC_REPRESENTATION_ITEM() RATIONAL_B_SPLINE_CURVE((1.,0.5,1.,0.5,
1.,0.5,1.)) REPRESENTATION_ITEM('') );
#1224 = CARTESIAN_POINT('',(6.3,-20.));
#1225 = CARTESIAN_POINT('',(6.3,-22.25166604984));
#1226 = CARTESIAN_POINT('',(4.35,-21.12583302492));
#1227 = CARTESIAN_POINT('',(2.4,-20.));
#1228 = CARTESIAN_POINT('',(4.35,-18.87416697508));
#1229 = CARTESIAN_POINT('',(6.3,-17.74833395016));
#1230 = CARTESIAN_POINT('',(6.3,-20.));
#1231 = ( GEOMETRIC_REPRESENTATION_CONTEXT(2) 
PARAMETRIC_REPRESENTATION_CONTEXT() REPRESENTATION_CONTEXT('2D SPACE',''
  ) );
#1232 = PCURVE('',#1233,#1238);
#1233 = CYLINDRICAL_SURFACE('',#1234,1.3);
#1234 = AXIS2_PLACEMENT_3D('',#1235,#1236,#1237);
#1235 = CARTESIAN_POINT('',(15.75,-20.,-0.5));
#1236 = DIRECTION('',(-0.,-0.,-1.));
#1237 = DIRECTION('',(1.,0.,0.));
#1238 = DEFINITIONAL_REPRESENTATION('',(#1239),#1243);
#1239 = LINE('',#1240,#1241);
#1240 = CARTESIAN_POINT('',(-6.28318530718,-0.5));
#1241 = VECTOR('',#1242,1.);
#1242 = DIRECTION('',(1.,-0.));
#1243 = ( GEOMETRIC_REPRESENTATION_CONTEXT(2) 
PARAMETRIC_REPRESENTATION_CONTEXT() REPRESENTATION_CONTEXT('2D SPACE',''
  ) );
#1244 = FACE_BOUND('',#1245,.F.);
#1245 = EDGE_LOOP('',(#1246));
#1246 = ORIENTED_EDGE('',*,*,#1247,.T.);
#1247 = EDGE_CURVE('',#1248,#1248,#1250,.T.);
#1248 = VERTEX_POINT('',#1249);
#1249 = CARTESIAN_POINT('',(22.05,-20.,0.));
#1250 = SURFACE_CURVE('',#1251,(#1256,#1267),.PCURVE_S1.);
#1251 = CIRCLE('',#1252,1.3);
#1252 = AXIS2_PLACEMENT_3D('',#1253,#1254,#1255);
#1253 = CARTESIAN_POINT('',(20.75,-20.,0.));
#1254 = DIRECTION('',(0.,0.,-1.));
#1255 = DIRECTION('',(1.,0.,0.));
#1256 = PCURVE('',#44,#1257);
#1257 = DEFINITIONAL_REPRESENTATION('',(#1258),#1266);
#1258 = ( BOUNDED_CURVE() B_SPLINE_CURVE(2,(#1259,#1260,#1261,#1262,
#1263,#1264,#1265),.UNSPECIFIED.,.T.,.F.) B_SPLINE_CURVE_WITH_KNOTS((1,2
    ,2,2,2,1),(-2.094395102393,0.,2.094395102393,4.188790204786,
6.28318530718,8.377580409573),.UNSPECIFIED.) CURVE() 
GEOMETRIC_REPRESENTATION_ITEM() RATIONAL_B_SPLINE_CURVE((1.,0.5,1.,0.5,
1.,0.5,1.)) REPRESENTATION_ITEM('') );
#1259 = CARTESIAN_POINT('',(11.3,-20.));
#1260 = CARTESIAN_POINT('',(11.3,-22.25166604984));
#1261 = CARTESIAN_POINT('',(9.35,-21.12583302492));
#1262 = CARTESIAN_POINT('',(7.4,-20.));
#1263 = CARTESIAN_POINT('',(9.35,-18.87416697508));
#1264 = CARTESIAN_POINT('',(11.3,-17.74833395016));
#1265 = CARTESIAN_POINT('',(11.3,-20.));
#1266 = ( GEOMETRIC_REPRESENTATION_CONTEXT(2) 
PARAMETRIC_REPRESENTATION_CONTEXT() REPRESENTATION_CONTEXT('2D SPACE',''
  ) );
#1267 = PCURVE('',#1268,#1273);
#1268 = CYLINDRICAL_SURFACE('',#1269,1.3);
#1269 = AXIS2_PLACEMENT_3D('',#1270,#1271,#1272);
#1270 = CARTESIAN_POINT('',(20.75,-20.,-0.5));
#1271 = DIRECTION('',(-0.,-0.,-1.));
#1272 = DIRECTION('',(1.,0.,0.));
#1273 = DEFINITIONAL_REPRESENTATION('',(#1274),#1278);
#1274 = LINE('',#1275,#1276);
#1275 = CARTESIAN_POINT('',(-6.28318530718,-0.5));
#1276 = VECTOR('',#1277,1.);
#1277 = DIRECTION('',(1.,-0.));
#1278 = ( GEOMETRIC_REPRESENTATION_CONTEXT(2) 
PARAMETRIC_REPRESENTATION_CONTEXT() REPRESENTATION_CONTEXT('2D SPACE',''
  ) );
#1279 = FACE_BOUND('',#1280,.F.);
#1280 = EDGE_LOOP('',(#1281));
#1281 = ORIENTED_EDGE('',*,*,#1282,.T.);
#1282 = EDGE_CURVE('',#1283,#1283,#1285,.T.);
#1283 = VERTEX_POINT('',#1284);
#1284 = CARTESIAN_POINT('',(27.05,-20.,0.));
#1285 = SURFACE_CURVE('',#1286,(#1291,#1302),.PCURVE_S1.);
#1286 = CIRCLE('',#1287,1.3);
#1287 = AXIS2_PLACEMENT_3D('',#1288,#1289,#1290);
#1288 = CARTESIAN_POINT('',(25.75,-20.,0.));
#1289 = DIRECTION('',(0.,0.,-1.));
#1290 = DIRECTION('',(1.,0.,0.));
#1291 = PCURVE('',#44,#1292);
#1292 = DEFINITIONAL_REPRESENTATION('',(#1293),#1301);
#1293 = ( BOUNDED_CURVE() B_SPLINE_CURVE(2,(#1294,#1295,#1296,#1297,
#1298,#1299,#1300),.UNSPECIFIED.,.T.,.F.) B_SPLINE_CURVE_WITH_KNOTS((1,2
    ,2,2,2,1),(-2.094395102393,0.,2.094395102393,4.188790204786,
6.28318530718,8.377580409573),.UNSPECIFIED.) CURVE() 
GEOMETRIC_REPRESENTATION_ITEM() RATIONAL_B_SPLINE_CURVE((1.,0.5,1.,0.5,
1.,0.5,1.)) REPRESENTATION_ITEM('') );
#1294 = CARTESIAN_POINT('',(16.3,-20.));
#1295 = CARTESIAN_POINT('',(16.3,-22.25166604984));
#1296 = CARTESIAN_POINT('',(14.35,-21.12583302492));
#1297 = CARTESIAN_POINT('',(12.4,-20.));
#1298 = CARTESIAN_POINT('',(14.35,-18.87416697508));
#1299 = CARTESIAN_POINT('',(16.3,-17.74833395016));
#1300 = CARTESIAN_POINT('',(16.3,-20.));
#1301 = ( GEOMETRIC_REPRESENTATION_CONTEXT(2) 
PARAMETRIC_REPRESENTATION_CONTEXT() REPRESENTATION_CONTEXT('2D SPACE',''
  ) );
#1302 = PCURVE('',#1303,#1308);
#1303 = CYLINDRICAL_SURFACE('',#1304,1.3);
#1304 = AXIS2_PLACEMENT_3D('',#1305,#1306,#1307);
#1305 = CARTESIAN_POINT('',(25.75,-20.,-0.5));
#1306 = DIRECTION('',(-0.,-0.,-1.));
#1307 = DIRECTION('',(1.,0.,0.));
#1308 = DEFINITIONAL_REPRESENTATION('',(#1309),#1313);
#1309 = LINE('',#1310,#1311);
#1310 = CARTESIAN_POINT('',(-6.28318530718,-0.5));
#1311 = VECTOR('',#1312,1.);
#1312 = DIRECTION('',(1.,-0.));
#1313 = ( GEOMETRIC_REPRESENTATION_CONTEXT(2) 
PARAMETRIC_REPRESENTATION_CONTEXT() REPRESENTATION_CONTEXT('2D SPACE',''
  ) );
#1314 = FACE_BOUND('',#1315,.F.);
#1315 = EDGE_LOOP('',(#1316));
#1316 = ORIENTED_EDGE('',*,*,#1317,.T.);
#1317 = EDGE_CURVE('',#1318,#1318,#1320,.T.);
#1318 = VERTEX_POINT('',#1319);
#1319 = CARTESIAN_POINT('',(32.05,-20.,0.));
#1320 = SURFACE_CURVE('',#1321,(#1326,#1337),.PCURVE_S1.);
#1321 = CIRCLE('',#1322,1.3);
#1322 = AXIS2_PLACEMENT_3D('',#1323,#1324,#1325);
#1323 = CARTESIAN_POINT('',(30.75,-20.,0.));
#1324 = DIRECTION('',(0.,0.,-1.));
#1325 = DIRECTION('',(1.,0.,0.));
#1326 = PCURVE('',#44,#1327);
#1327 = DEFINITIONAL_REPRESENTATION('',(#1328),#1336);
#1328 = ( BOUNDED_CURVE() B_SPLINE_CURVE(2,(#1329,#1330,#1331,#1332,
#1333,#1334,#1335),.UNSPECIFIED.,.T.,.F.) B_SPLINE_CURVE_WITH_KNOTS((1,2
    ,2,2,2,1),(-2.094395102393,0.,2.094395102393,4.188790204786,
6.28318530718,8.377580409573),.UNSPECIFIED.) CURVE() 
GEOMETRIC_REPRESENTATION_ITEM() RATIONAL_B_SPLINE_CURVE((1.,0.5,1.,0.5,
1.,0.5,1.)) REPRESENTATION_ITEM('') );
#1329 = CARTESIAN_POINT('',(21.3,-20.));
#1330 = CARTESIAN_POINT('',(21.3,-22.25166604984));
#1331 = CARTESIAN_POINT('',(19.35,-21.12583302492));
#1332 = CARTESIAN_POINT('',(17.4,-20.));
#1333 = CARTESIAN_POINT('',(19.35,-18.87416697508));
#1334 = CARTESIAN_POINT('',(21.3,-17.74833395016));
#1335 = CARTESIAN_POINT('',(21.3,-20.));
#1336 = ( GEOMETRIC_REPRESENTATION_CONTEXT(2) 
PARAMETRIC_REPRESENTATION_CONTEXT() REPRESENTATION_CONTEXT('2D SPACE',''
  ) );
#1337 = PCURVE('',#1338,#1343);
#1338 = CYLINDRICAL_SURFACE('',#1339,1.3);
#1339 = AXIS2_PLACEMENT_3D('',#1340,#1341,#1342);
#1340 = CARTESIAN_POINT('',(30.75,-20.,-0.5));
#1341 = DIRECTION('',(-0.,-0.,-1.));
#1342 = DIRECTION('',(1.,0.,0.));
#1343 = DEFINITIONAL_REPRESENTATION('',(#1344),#1348);
#1344 = LINE('',#1345,#1346);
#1345 = CARTESIAN_POINT('',(-6.28318530718,-0.5));
#1346 = VECTOR('',#1347,1.);
#1347 = DIRECTION('',(1.,-0.));
#1348 = ( GEOMETRIC_REPRESENTATION_CONTEXT(2) 
PARAMETRIC_REPRESENTATION_CONTEXT() REPRESENTATION_CONTEXT('2D SPACE',''
  ) );
#1349 = FACE_BOUND('',#1350,.F.);
#1350 = EDGE_LOOP('',(#1351));
#1351 = ORIENTED_EDGE('',*,*,#1352,.T.);
#1352 = EDGE_CURVE('',#1353,#1353,#1355,.T.);
#1353 = VERTEX_POINT('',#1354);
#1354 = CARTESIAN_POINT('',(37.05,-25.,0.));
#1355 = SURFACE_CURVE('',#1356,(#1361,#1372),.PCURVE_S1.);
#1356 = CIRCLE('',#1357,1.3);
#1357 = AXIS2_PLACEMENT_3D('',#1358,#1359,#1360);
#1358 = CARTESIAN_POINT('',(35.75,-25.,0.));
#1359 = DIRECTION('',(0.,0.,-1.));
#1360 = DIRECTION('',(1.,0.,0.));
#1361 = PCURVE('',#44,#1362);
#1362 = DEFINITIONAL_REPRESENTATION('',(#1363),#1371);
#1363 = ( BOUNDED_CURVE() B_SPLINE_CURVE(2,(#1364,#1365,#1366,#1367,
#1368,#1369,#1370),.UNSPECIFIED.,.T.,.F.) B_SPLINE_CURVE_WITH_KNOTS((1,2
    ,2,2,2,1),(-2.094395102393,0.,2.094395102393,4.188790204786,
6.28318530718,8.377580409573),.UNSPECIFIED.) CURVE() 
GEOMETRIC_REPRESENTATION_ITEM() RATIONAL_B_SPLINE_CURVE((1.,0.5,1.,0.5,
1.,0.5,1.)) REPRESENTATION_ITEM('') );
#1364 = CARTESIAN_POINT('',(26.3,-25.));
#1365 = CARTESIAN_POINT('',(26.3,-27.25166604984));
#1366 = CARTESIAN_POINT('',(24.35,-26.12583302492));
#1367 = CARTESIAN_POINT('',(22.4,-25.));
#1368 = CARTESIAN_POINT('',(24.35,-23.87416697508));
#1369 = CARTESIAN_POINT('',(26.3,-22.74833395016));
#1370 = CARTESIAN_POINT('',(26.3,-25.));
#1371 = ( GEOMETRIC_REPRESENTATION_CONTEXT(2) 
PARAMETRIC_REPRESENTATION_CONTEXT() REPRESENTATION_CONTEXT('2D SPACE',''
  ) );
#1372 = PCURVE('',#1373,#1378);
#1373 = CYLINDRICAL_SURFACE('',#1374,1.3);
#1374 = AXIS2_PLACEMENT_3D('',#1375,#1376,#1377);
#1375 = CARTESIAN_POINT('',(35.75,-25.,-0.5));
#1376 = DIRECTION('',(-0.,-0.,-1.));
#1377 = DIRECTION('',(1.,0.,0.));
#1378 = DEFINITIONAL_REPRESENTATION('',(#1379),#1383);
#1379 = LINE('',#1380,#1381);
#1380 = CARTESIAN_POINT('',(-6.28318530718,-0.5));
#1381 = VECTOR('',#1382,1.);
#1382 = DIRECTION('',(1.,-0.));
#1383 = ( GEOMETRIC_REPRESENTATION_CONTEXT(2) 
PARAMETRIC_REPRESENTATION_CONTEXT() REPRESENTATION_CONTEXT('2D SPACE',''
  ) );
#1384 = FACE_BOUND('',#1385,.F.);
#1385 = EDGE_LOOP('',(#1386));
#1386 = ORIENTED_EDGE('',*,*,#1387,.T.);
#1387 = EDGE_CURVE('',#1388,#1388,#1390,.T.);
#1388 = VERTEX_POINT('',#1389);
#1389 = CARTESIAN_POINT('',(42.05,-25.,0.));
#1390 = SURFACE_CURVE('',#1391,(#1396,#1407),.PCURVE_S1.);
#1391 = CIRCLE('',#1392,1.3);
#1392 = AXIS2_PLACEMENT_3D('',#1393,#1394,#1395);
#1393 = CARTESIAN_POINT('',(40.75,-25.,0.));
#1394 = DIRECTION('',(0.,0.,-1.));
#1395 = DIRECTION('',(1.,0.,0.));
#1396 = PCURVE('',#44,#1397);
#1397 = DEFINITIONAL_REPRESENTATION('',(#1398),#1406);
#1398 = ( BOUNDED_CURVE() B_SPLINE_CURVE(2,(#1399,#1400,#1401,#1402,
#1403,#1404,#1405),.UNSPECIFIED.,.T.,.F.) B_SPLINE_CURVE_WITH_KNOTS((1,2
    ,2,2,2,1),(-2.094395102393,0.,2.094395102393,4.188790204786,
6.28318530718,8.377580409573),.UNSPECIFIED.) CURVE() 
GEOMETRIC_REPRESENTATION_ITEM() RATIONAL_B_SPLINE_CURVE((1.,0.5,1.,0.5,
1.,0.5,1.)) REPRESENTATION_ITEM('') );
#1399 = CARTESIAN_POINT('',(31.3,-25.));
#1400 = CARTESIAN_POINT('',(31.3,-27.25166604984));
#1401 = CARTESIAN_POINT('',(29.35,-26.12583302492));
#1402 = CARTESIAN_POINT('',(27.4,-25.));
#1403 = CARTESIAN_POINT('',(29.35,-23.87416697508));
#1404 = CARTESIAN_POINT('',(31.3,-22.74833395016));
#1405 = CARTESIAN_POINT('',(31.3,-25.));
#1406 = ( GEOMETRIC_REPRESENTATION_CONTEXT(2) 
PARAMETRIC_REPRESENTATION_CONTEXT() REPRESENTATION_CONTEXT('2D SPACE',''
  ) );
#1407 = PCURVE('',#1408,#1413);
#1408 = CYLINDRICAL_SURFACE('',#1409,1.3);
#1409 = AXIS2_PLACEMENT_3D('',#1410,#1411,#1412);
#1410 = CARTESIAN_POINT('',(40.75,-25.,-0.5));
#1411 = DIRECTION('',(-0.,-0.,-1.));
#1412 = DIRECTION('',(1.,0.,0.));
#1413 = DEFINITIONAL_REPRESENTATION('',(#1414),#1418);
#1414 = LINE('',#1415,#1416);
#1415 = CARTESIAN_POINT('',(-6.28318530718,-0.5));
#1416 = VECTOR('',#1417,1.);
#1417 = DIRECTION('',(1.,-0.));
#1418 = ( GEOMETRIC_REPRESENTATION_CONTEXT(2) 
PARAMETRIC_REPRESENTATION_CONTEXT() REPRESENTATION_CONTEXT('2D SPACE',''
  ) );
#1419 = FACE_BOUND('',#1420,.F.);
#1420 = EDGE_LOOP('',(#1421));
#1421 = ORIENTED_EDGE('',*,*,#1422,.T.);
#1422 = EDGE_CURVE('',#1423,#1423,#1425,.T.);
#1423 = VERTEX_POINT('',#1424);
#1424 = CARTESIAN_POINT('',(47.05,-25.,0.));
#1425 = SURFACE_CURVE('',#1426,(#1431,#1442),.PCURVE_S1.);
#1426 = CIRCLE('',#1427,1.3);
#1427 = AXIS2_PLACEMENT_3D('',#1428,#1429,#1430);
#1428 = CARTESIAN_POINT('',(45.75,-25.,0.));
#1429 = DIRECTION('',(0.,0.,-1.));
#1430 = DIRECTION('',(1.,0.,0.));
#1431 = PCURVE('',#44,#1432);
#1432 = DEFINITIONAL_REPRESENTATION('',(#1433),#1441);
#1433 = ( BOUNDED_CURVE() B_SPLINE_CURVE(2,(#1434,#1435,#1436,#1437,
#1438,#1439,#1440),.UNSPECIFIED.,.T.,.F.) B_SPLINE_CURVE_WITH_KNOTS((1,2
    ,2,2,2,1),(-2.094395102393,0.,2.094395102393,4.188790204786,
6.28318530718,8.377580409573),.UNSPECIFIED.) CURVE() 
GEOMETRIC_REPRESENTATION_ITEM() RATIONAL_B_SPLINE_CURVE((1.,0.5,1.,0.5,
1.,0.5,1.)) REPRESENTATION_ITEM('') );
#1434 = CARTESIAN_POINT('',(36.3,-25.));
#1435 = CARTESIAN_POINT('',(36.3,-27.25166604984));
#1436 = CARTESIAN_POINT('',(34.35,-26.12583302492));
#1437 = CARTESIAN_POINT('',(32.4,-25.));
#1438 = CARTESIAN_POINT('',(34.35,-23.87416697508));
#1439 = CARTESIAN_POINT('',(36.3,-22.74833395016));
#1440 = CARTESIAN_POINT('',(36.3,-25.));
#1441 = ( GEOMETRIC_REPRESENTATION_CONTEXT(2) 
PARAMETRIC_REPRESENTATION_CONTEXT() REPRESENTATION_CONTEXT('2D SPACE',''
  ) );
#1442 = PCURVE('',#1443,#1448);
#1443 = CYLINDRICAL_SURFACE('',#1444,1.3);
#1444 = AXIS2_PLACEMENT_3D('',#1445,#1446,#1447);
#1445 = CARTESIAN_POINT('',(45.75,-25.,-0.5));
#1446 = DIRECTION('',(-0.,-0.,-1.));
#1447 = DIRECTION('',(1.,0.,0.));
#1448 = DEFINITIONAL_REPRESENTATION('',(#1449),#1453);
#1449 = LINE('',#1450,#1451);
#1450 = CARTESIAN_POINT('',(-6.28318530718,-0.5));
#1451 = VECTOR('',#1452,1.);
#1452 = DIRECTION('',(1.,-0.));
#1453 = ( GEOMETRIC_REPRESENTATION_CONTEXT(2) 
PARAMETRIC_REPRESENTATION_CONTEXT() REPRESENTATION_CONTEXT('2D SPACE',''
  ) );
#1454 = FACE_BOUND('',#1455,.F.);
#1455 = EDGE_LOOP('',(#1456));
#1456 = ORIENTED_EDGE('',*,*,#1457,.T.);
#1457 = EDGE_CURVE('',#1458,#1458,#1460,.T.);
#1458 = VERTEX_POINT('',#1459);
#1459 = CARTESIAN_POINT('',(52.05,-25.,0.));
#1460 = SURFACE_CURVE('',#1461,(#1466,#1477),.PCURVE_S1.);
#1461 = CIRCLE('',#1462,1.3);
#1462 = AXIS2_PLACEMENT_3D('',#1463,#1464,#1465);
#1463 = CARTESIAN_POINT('',(50.75,-25.,0.));
#1464 = DIRECTION('',(0.,0.,-1.));
#1465 = DIRECTION('',(1.,0.,0.));
#1466 = PCURVE('',#44,#1467);
#1467 = DEFINITIONAL_REPRESENTATION('',(#1468),#1476);
#1468 = ( BOUNDED_CURVE() B_SPLINE_CURVE(2,(#1469,#1470,#1471,#1472,
#1473,#1474,#1475),.UNSPECIFIED.,.T.,.F.) B_SPLINE_CURVE_WITH_KNOTS((1,2
    ,2,2,2,1),(-2.094395102393,0.,2.094395102393,4.188790204786,
6.28318530718,8.377580409573),.UNSPECIFIED.) CURVE() 
GEOMETRIC_REPRESENTATION_ITEM() RATIONAL_B_SPLINE_CURVE((1.,0.5,1.,0.5,
1.,0.5,1.)) REPRESENTATION_ITEM('') );
#1469 = CARTESIAN_POINT('',(41.3,-25.));
#1470 = CARTESIAN_POINT('',(41.3,-27.25166604984));
#1471 = CARTESIAN_POINT('',(39.35,-26.12583302492));
#1472 = CARTESIAN_POINT('',(37.4,-25.));
#1473 = CARTESIAN_POINT('',(39.35,-23.87416697508));
#1474 = CARTESIAN_POINT('',(41.3,-22.74833395016));
#1475 = CARTESIAN_POINT('',(41.3,-25.));
#1476 = ( GEOMETRIC_REPRESENTATION_CONTEXT(2) 
PARAMETRIC_REPRESENTATION_CONTEXT() REPRESENTATION_CONTEXT('2D SPACE',''
  ) );
#1477 = PCURVE('',#1478,#1483);
#1478 = CYLINDRICAL_SURFACE('',#1479,1.3);
#1479 = AXIS2_PLACEMENT_3D('',#1480,#1481,#1482);
#1480 = CARTESIAN_POINT('',(50.75,-25.,-0.5));
#1481 = DIRECTION('',(-0.,-0.,-1.));
#1482 = DIRECTION('',(1.,0.,0.));
#1483 = DEFINITIONAL_REPRESENTATION('',(#1484),#1488);
#1484 = LINE('',#1485,#1486);
#1485 = CARTESIAN_POINT('',(-6.28318530718,-0.5));
#1486 = VECTOR('',#1487,1.);
#1487 = DIRECTION('',(1.,-0.));
#1488 = ( GEOMETRIC_REPRESENTATION_CONTEXT(2) 
PARAMETRIC_REPRESENTATION_CONTEXT() REPRESENTATION_CONTEXT('2D SPACE',''
  ) );
#1489 = FACE_BOUND('',#1490,.F.);
#1490 = EDGE_LOOP('',(#1491));
#1491 = ORIENTED_EDGE('',*,*,#1492,.T.);
#1492 = EDGE_CURVE('',#1493,#1493,#1495,.T.);
#1493 = VERTEX_POINT('',#1494);
#1494 = CARTESIAN_POINT('',(57.05,-25.,0.));
#1495 = SURFACE_CURVE('',#1496,(#1501,#1512),.PCURVE_S1.);
#1496 = CIRCLE('',#1497,1.3);
#1497 = AXIS2_PLACEMENT_3D('',#1498,#1499,#1500);
#1498 = CARTESIAN_POINT('',(55.75,-25.,0.));
#1499 = DIRECTION('',(0.,0.,-1.));
#1500 = DIRECTION('',(1.,0.,0.));
#1501 = PCURVE('',#44,#1502);
#1502 = DEFINITIONAL_REPRESENTATION('',(#1503),#1511);
#1503 = ( BOUNDED_CURVE() B_SPLINE_CURVE(2,(#1504,#1505,#1506,#1507,
#1508,#1509,#1510),.UNSPECIFIED.,.T.,.F.) B_SPLINE_CURVE_WITH_KNOTS((1,2
    ,2,2,2,1),(-2.094395102393,0.,2.094395102393,4.188790204786,
6.28318530718,8.377580409573),.UNSPECIFIED.) CURVE() 
GEOMETRIC_REPRESENTATION_ITEM() RATIONAL_B_SPLINE_CURVE((1.,0.5,1.,0.5,
1.,0.5,1.)) REPRESENTATION_ITEM('') );
#1504 = CARTESIAN_POINT('',(46.3,-25.));
#1505 = CARTESIAN_POINT('',(46.3,-27.25166604984));
#1506 = CARTESIAN_POINT('',(44.35,-26.12583302492));
#1507 = CARTESIAN_POINT('',(42.4,-25.));
#1508 = CARTESIAN_POINT('',(44.35,-23.87416697508));
#1509 = CARTESIAN_POINT('',(46.3,-22.74833395016));
#1510 = CARTESIAN_POINT('',(46.3,-25.));
#1511 = ( GEOMETRIC_REPRESENTATION_CONTEXT(2) 
PARAMETRIC_REPRESENTATION_CONTEXT() REPRESENTATION_CONTEXT('2D SPACE',''
  ) );
#1512 = PCURVE('',#1513,#1518);
#1513 = CYLINDRICAL_SURFACE('',#1514,1.3);
#1514 = AXIS2_PLACEMENT_3D('',#1515,#1516,#1517);
#1515 = CARTESIAN_POINT('',(55.75,-25.,-0.5));
#1516 = DIRECTION('',(-0.,-0.,-1.));
#1517 = DIRECTION('',(1.,0.,0.));
#1518 = DEFINITIONAL_REPRESENTATION('',(#1519),#1523);
#1519 = LINE('',#1520,#1521);
#1520 = CARTESIAN_POINT('',(-6.28318530718,-0.5));
#1521 = VECTOR('',#1522,1.);
#1522 = DIRECTION('',(1.,-0.));
#1523 = ( GEOMETRIC_REPRESENTATION_CONTEXT(2) 
PARAMETRIC_REPRESENTATION_CONTEXT() REPRESENTATION_CONTEXT('2D SPACE',''
  ) );
#1524 = FACE_BOUND('',#1525,.F.);
#1525 = EDGE_LOOP('',(#1526));
#1526 = ORIENTED_EDGE('',*,*,#1527,.T.);
#1527 = EDGE_CURVE('',#1528,#1528,#1530,.T.);
#1528 = VERTEX_POINT('',#1529);
#1529 = CARTESIAN_POINT('',(37.05,-20.,0.));
#1530 = SURFACE_CURVE('',#1531,(#1536,#1547),.PCURVE_S1.);
#1531 = CIRCLE('',#1532,1.3);
#1532 = AXIS2_PLACEMENT_3D('',#1533,#1534,#1535);
#1533 = CARTESIAN_POINT('',(35.75,-20.,0.));
#1534 = DIRECTION('',(0.,0.,-1.));
#1535 = DIRECTION('',(1.,0.,0.));
#1536 = PCURVE('',#44,#1537);
#1537 = DEFINITIONAL_REPRESENTATION('',(#1538),#1546);
#1538 = ( BOUNDED_CURVE() B_SPLINE_CURVE(2,(#1539,#1540,#1541,#1542,
#1543,#1544,#1545),.UNSPECIFIED.,.T.,.F.) B_SPLINE_CURVE_WITH_KNOTS((1,2
    ,2,2,2,1),(-2.094395102393,0.,2.094395102393,4.188790204786,
6.28318530718,8.377580409573),.UNSPECIFIED.) CURVE() 
GEOMETRIC_REPRESENTATION_ITEM() RATIONAL_B_SPLINE_CURVE((1.,0.5,1.,0.5,
1.,0.5,1.)) REPRESENTATION_ITEM('') );
#1539 = CARTESIAN_POINT('',(26.3,-20.));
#1540 = CARTESIAN_POINT('',(26.3,-22.25166604984));
#1541 = CARTESIAN_POINT('',(24.35,-21.12583302492));
#1542 = CARTESIAN_POINT('',(22.4,-20.));
#1543 = CARTESIAN_POINT('',(24.35,-18.87416697508));
#1544 = CARTESIAN_POINT('',(26.3,-17.74833395016));
#1545 = CARTESIAN_POINT('',(26.3,-20.));
#1546 = ( GEOMETRIC_REPRESENTATION_CONTEXT(2) 
PARAMETRIC_REPRESENTATION_CONTEXT() REPRESENTATION_CONTEXT('2D SPACE',''
  ) );
#1547 = PCURVE('',#1548,#1553);
#1548 = CYLINDRICAL_SURFACE('',#1549,1.3);
#1549 = AXIS2_PLACEMENT_3D('',#1550,#1551,#1552);
#1550 = CARTESIAN_POINT('',(35.75,-20.,-0.5));
#1551 = DIRECTION('',(-0.,-0.,-1.));
#1552 = DIRECTION('',(1.,0.,0.));
#1553 = DEFINITIONAL_REPRESENTATION('',(#1554),#1558);
#1554 = LINE('',#1555,#1556);
#1555 = CARTESIAN_POINT('',(-6.28318530718,-0.5));
#1556 = VECTOR('',#1557,1.);
#1557 = DIRECTION('',(1.,-0.));
#1558 = ( GEOMETRIC_REPRESENTATION_CONTEXT(2) 
PARAMETRIC_REPRESENTATION_CONTEXT() REPRESENTATION_CONTEXT('2D SPACE',''
  ) );
#1559 = FACE_BOUND('',#1560,.F.);
#1560 = EDGE_LOOP('',(#1561));
#1561 = ORIENTED_EDGE('',*,*,#1562,.T.);
#1562 = EDGE_CURVE('',#1563,#1563,#1565,.T.);
#1563 = VERTEX_POINT('',#1564);
#1564 = CARTESIAN_POINT('',(42.05,-20.,0.));
#1565 = SURFACE_CURVE('',#1566,(#1571,#1582),.PCURVE_S1.);
#1566 = CIRCLE('',#1567,1.3);
#1567 = AXIS2_PLACEMENT_3D('',#1568,#1569,#1570);
#1568 = CARTESIAN_POINT('',(40.75,-20.,0.));
#1569 = DIRECTION('',(0.,0.,-1.));
#1570 = DIRECTION('',(1.,0.,0.));
#1571 = PCURVE('',#44,#1572);
#1572 = DEFINITIONAL_REPRESENTATION('',(#1573),#1581);
#1573 = ( BOUNDED_CURVE() B_SPLINE_CURVE(2,(#1574,#1575,#1576,#1577,
#1578,#1579,#1580),.UNSPECIFIED.,.T.,.F.) B_SPLINE_CURVE_WITH_KNOTS((1,2
    ,2,2,2,1),(-2.094395102393,0.,2.094395102393,4.188790204786,
6.28318530718,8.377580409573),.UNSPECIFIED.) CURVE() 
GEOMETRIC_REPRESENTATION_ITEM() RATIONAL_B_SPLINE_CURVE((1.,0.5,1.,0.5,
1.,0.5,1.)) REPRESENTATION_ITEM('') );
#1574 = CARTESIAN_POINT('',(31.3,-20.));
#1575 = CARTESIAN_POINT('',(31.3,-22.25166604984));
#1576 = CARTESIAN_POINT('',(29.35,-21.12583302492));
#1577 = CARTESIAN_POINT('',(27.4,-20.));
#1578 = CARTESIAN_POINT('',(29.35,-18.87416697508));
#1579 = CARTESIAN_POINT('',(31.3,-17.74833395016));
#1580 = CARTESIAN_POINT('',(31.3,-20.));
#1581 = ( GEOMETRIC_REPRESENTATION_CONTEXT(2) 
PARAMETRIC_REPRESENTATION_CONTEXT() REPRESENTATION_CONTEXT('2D SPACE',''
  ) );
#1582 = PCURVE('',#1583,#1588);
#1583 = CYLINDRICAL_SURFACE('',#1584,1.3);
#1584 = AXIS2_PLACEMENT_3D('',#1585,#1586,#1587);
#1585 = CARTESIAN_POINT('',(40.75,-20.,-0.5));
#1586 = DIRECTION('',(-0.,-0.,-1.));
#1587 = DIRECTION('',(1.,0.,0.));
#1588 = DEFINITIONAL_REPRESENTATION('',(#1589),#1593);
#1589 = LINE('',#1590,#1591);
#1590 = CARTESIAN_POINT('',(-6.28318530718,-0.5));
#1591 = VECTOR('',#1592,1.);
#1592 = DIRECTION('',(1.,-0.));
#1593 = ( GEOMETRIC_REPRESENTATION_CONTEXT(2) 
PARAMETRIC_REPRESENTATION_CONTEXT() REPRESENTATION_CONTEXT('2D SPACE',''
  ) );
#1594 = FACE_BOUND('',#1595,.F.);
#1595 = EDGE_LOOP('',(#1596));
#1596 = ORIENTED_EDGE('',*,*,#1597,.T.);
#1597 = EDGE_CURVE('',#1598,#1598,#1600,.T.);
#1598 = VERTEX_POINT('',#1599);
#1599 = CARTESIAN_POINT('',(42.05,-15.,0.));
#1600 = SURFACE_CURVE('',#1601,(#1606,#1617),.PCURVE_S1.);
#1601 = CIRCLE('',#1602,1.3);
#1602 = AXIS2_PLACEMENT_3D('',#1603,#1604,#1605);
#1603 = CARTESIAN_POINT('',(40.75,-15.,0.));
#1604 = DIRECTION('',(0.,0.,-1.));
#1605 = DIRECTION('',(1.,0.,0.));
#1606 = PCURVE('',#44,#1607);
#1607 = DEFINITIONAL_REPRESENTATION('',(#1608),#1616);
#1608 = ( BOUNDED_CURVE() B_SPLINE_CURVE(2,(#1609,#1610,#1611,#1612,
#1613,#1614,#1615),.UNSPECIFIED.,.T.,.F.) B_SPLINE_CURVE_WITH_KNOTS((1,2
    ,2,2,2,1),(-2.094395102393,0.,2.094395102393,4.188790204786,
6.28318530718,8.377580409573),.UNSPECIFIED.) CURVE() 
GEOMETRIC_REPRESENTATION_ITEM() RATIONAL_B_SPLINE_CURVE((1.,0.5,1.,0.5,
1.,0.5,1.)) REPRESENTATION_ITEM('') );
#1609 = CARTESIAN_POINT('',(31.3,-15.));
#1610 = CARTESIAN_POINT('',(31.3,-17.25166604984));
#1611 = CARTESIAN_POINT('',(29.35,-16.12583302492));
#1612 = CARTESIAN_POINT('',(27.4,-15.));
#1613 = CARTESIAN_POINT('',(29.35,-13.87416697508));
#1614 = CARTESIAN_POINT('',(31.3,-12.74833395016));
#1615 = CARTESIAN_POINT('',(31.3,-15.));
#1616 = ( GEOMETRIC_REPRESENTATION_CONTEXT(2) 
PARAMETRIC_REPRESENTATION_CONTEXT() REPRESENTATION_CONTEXT('2D SPACE',''
  ) );
#1617 = PCURVE('',#1618,#1623);
#1618 = CYLINDRICAL_SURFACE('',#1619,1.3);
#1619 = AXIS2_PLACEMENT_3D('',#1620,#1621,#1622);
#1620 = CARTESIAN_POINT('',(40.75,-15.,-0.5));
#1621 = DIRECTION('',(-0.,-0.,-1.));
#1622 = DIRECTION('',(1.,0.,0.));
#1623 = DEFINITIONAL_REPRESENTATION('',(#1624),#1628);
#1624 = LINE('',#1625,#1626);
#1625 = CARTESIAN_POINT('',(-6.28318530718,-0.5));
#1626 = VECTOR('',#1627,1.);
#1627 = DIRECTION('',(1.,-0.));
#1628 = ( GEOMETRIC_REPRESENTATION_CONTEXT(2) 
PARAMETRIC_REPRESENTATION_CONTEXT() REPRESENTATION_CONTEXT('2D SPACE',''
  ) );
#1629 = FACE_BOUND('',#1630,.F.);
#1630 = EDGE_LOOP('',(#1631));
#1631 = ORIENTED_EDGE('',*,*,#1632,.T.);
#1632 = EDGE_CURVE('',#1633,#1633,#1635,.T.);
#1633 = VERTEX_POINT('',#1634);
#1634 = CARTESIAN_POINT('',(47.05,-20.,0.));
#1635 = SURFACE_CURVE('',#1636,(#1641,#1652),.PCURVE_S1.);
#1636 = CIRCLE('',#1637,1.3);
#1637 = AXIS2_PLACEMENT_3D('',#1638,#1639,#1640);
#1638 = CARTESIAN_POINT('',(45.75,-20.,0.));
#1639 = DIRECTION('',(0.,0.,-1.));
#1640 = DIRECTION('',(1.,0.,0.));
#1641 = PCURVE('',#44,#1642);
#1642 = DEFINITIONAL_REPRESENTATION('',(#1643),#1651);
#1643 = ( BOUNDED_CURVE() B_SPLINE_CURVE(2,(#1644,#1645,#1646,#1647,
#1648,#1649,#1650),.UNSPECIFIED.,.T.,.F.) B_SPLINE_CURVE_WITH_KNOTS((1,2
    ,2,2,2,1),(-2.094395102393,0.,2.094395102393,4.188790204786,
6.28318530718,8.377580409573),.UNSPECIFIED.) CURVE() 
GEOMETRIC_REPRESENTATION_ITEM() RATIONAL_B_SPLINE_CURVE((1.,0.5,1.,0.5,
1.,0.5,1.)) REPRESENTATION_ITEM('') );
#1644 = CARTESIAN_POINT('',(36.3,-20.));
#1645 = CARTESIAN_POINT('',(36.3,-22.25166604984));
#1646 = CARTESIAN_POINT('',(34.35,-21.12583302492));
#1647 = CARTESIAN_POINT('',(32.4,-20.));
#1648 = CARTESIAN_POINT('',(34.35,-18.87416697508));
#1649 = CARTESIAN_POINT('',(36.3,-17.74833395016));
#1650 = CARTESIAN_POINT('',(36.3,-20.));
#1651 = ( GEOMETRIC_REPRESENTATION_CONTEXT(2) 
PARAMETRIC_REPRESENTATION_CONTEXT() REPRESENTATION_CONTEXT('2D SPACE',''
  ) );
#1652 = PCURVE('',#1653,#1658);
#1653 = CYLINDRICAL_SURFACE('',#1654,1.3);
#1654 = AXIS2_PLACEMENT_3D('',#1655,#1656,#1657);
#1655 = CARTESIAN_POINT('',(45.75,-20.,-0.5));
#1656 = DIRECTION('',(-0.,-0.,-1.));
#1657 = DIRECTION('',(1.,0.,0.));
#1658 = DEFINITIONAL_REPRESENTATION('',(#1659),#1663);
#1659 = LINE('',#1660,#1661);
#1660 = CARTESIAN_POINT('',(-6.28318530718,-0.5));
#1661 = VECTOR('',#1662,1.);
#1662 = DIRECTION('',(1.,-0.));
#1663 = ( GEOMETRIC_REPRESENTATION_CONTEXT(2) 
PARAMETRIC_REPRESENTATION_CONTEXT() REPRESENTATION_CONTEXT('2D SPACE',''
  ) );
#1664 = FACE_BOUND('',#1665,.F.);
#1665 = EDGE_LOOP('',(#1666));
#1666 = ORIENTED_EDGE('',*,*,#1667,.T.);
#1667 = EDGE_CURVE('',#1668,#1668,#1670,.T.);
#1668 = VERTEX_POINT('',#1669);
#1669 = CARTESIAN_POINT('',(52.05,-20.,0.));
#1670 = SURFACE_CURVE('',#1671,(#1676,#1687),.PCURVE_S1.);
#1671 = CIRCLE('',#1672,1.3);
#1672 = AXIS2_PLACEMENT_3D('',#1673,#1674,#1675);
#1673 = CARTESIAN_POINT('',(50.75,-20.,0.));
#1674 = DIRECTION('',(0.,0.,-1.));
#1675 = DIRECTION('',(1.,0.,0.));
#1676 = PCURVE('',#44,#1677);
#1677 = DEFINITIONAL_REPRESENTATION('',(#1678),#1686);
#1678 = ( BOUNDED_CURVE() B_SPLINE_CURVE(2,(#1679,#1680,#1681,#1682,
#1683,#1684,#1685),.UNSPECIFIED.,.T.,.F.) B_SPLINE_CURVE_WITH_KNOTS((1,2
    ,2,2,2,1),(-2.094395102393,0.,2.094395102393,4.188790204786,
6.28318530718,8.377580409573),.UNSPECIFIED.) CURVE() 
GEOMETRIC_REPRESENTATION_ITEM() RATIONAL_B_SPLINE_CURVE((1.,0.5,1.,0.5,
1.,0.5,1.)) REPRESENTATION_ITEM('') );
#1679 = CARTESIAN_POINT('',(41.3,-20.));
#1680 = CARTESIAN_POINT('',(41.3,-22.25166604984));
#1681 = CARTESIAN_POINT('',(39.35,-21.12583302492));
#1682 = CARTESIAN_POINT('',(37.4,-20.));
#1683 = CARTESIAN_POINT('',(39.35,-18.87416697508));
#1684 = CARTESIAN_POINT('',(41.3,-17.74833395016));
#1685 = CARTESIAN_POINT('',(41.3,-20.));
#1686 = ( GEOMETRIC_REPRESENTATION_CONTEXT(2) 
PARAMETRIC_REPRESENTATION_CONTEXT() REPRESENTATION_CONTEXT('2D SPACE',''
  ) );
#1687 = PCURVE('',#1688,#1693);
#1688 = CYLINDRICAL_SURFACE('',#1689,1.3);
#1689 = AXIS2_PLACEMENT_3D('',#1690,#1691,#1692);
#1690 = CARTESIAN_POINT('',(50.75,-20.,-0.5));
#1691 = DIRECTION('',(-0.,-0.,-1.));
#1692 = DIRECTION('',(1.,0.,0.));
#1693 = DEFINITIONAL_REPRESENTATION('',(#1694),#1698);
#1694 = LINE('',#1695,#1696);
#1695 = CARTESIAN_POINT('',(-6.28318530718,-0.5));
#1696 = VECTOR('',#1697,1.);
#1697 = DIRECTION('',(1.,-0.));
#1698 = ( GEOMETRIC_REPRESENTATION_CONTEXT(2) 
PARAMETRIC_REPRESENTATION_CONTEXT() REPRESENTATION_CONTEXT('2D SPACE',''
  ) );
#1699 = FACE_BOUND('',#1700,.F.);
#1700 = EDGE_LOOP('',(#1701));
#1701 = ORIENTED_EDGE('',*,*,#1702,.T.);
#1702 = EDGE_CURVE('',#1703,#1703,#1705,.T.);
#1703 = VERTEX_POINT('',#1704);
#1704 = CARTESIAN_POINT('',(57.05,-20.,0.));
#1705 = SURFACE_CURVE('',#1706,(#1711,#1722),.PCURVE_S1.);
#1706 = CIRCLE('',#1707,1.3);
#1707 = AXIS2_PLACEMENT_3D('',#1708,#1709,#1710);
#1708 = CARTESIAN_POINT('',(55.75,-20.,0.));
#1709 = DIRECTION('',(0.,0.,-1.));
#1710 = DIRECTION('',(1.,0.,0.));
#1711 = PCURVE('',#44,#1712);
#1712 = DEFINITIONAL_REPRESENTATION('',(#1713),#1721);
#1713 = ( BOUNDED_CURVE() B_SPLINE_CURVE(2,(#1714,#1715,#1716,#1717,
#1718,#1719,#1720),.UNSPECIFIED.,.T.,.F.) B_SPLINE_CURVE_WITH_KNOTS((1,2
    ,2,2,2,1),(-2.094395102393,0.,2.094395102393,4.188790204786,
6.28318530718,8.377580409573),.UNSPECIFIED.) CURVE() 
GEOMETRIC_REPRESENTATION_ITEM() RATIONAL_B_SPLINE_CURVE((1.,0.5,1.,0.5,
1.,0.5,1.)) REPRESENTATION_ITEM('') );
#1714 = CARTESIAN_POINT('',(46.3,-20.));
#1715 = CARTESIAN_POINT('',(46.3,-22.25166604984));
#1716 = CARTESIAN_POINT('',(44.35,-21.12583302492));
#1717 = CARTESIAN_POINT('',(42.4,-20.));
#1718 = CARTESIAN_POINT('',(44.35,-18.87416697508));
#1719 = CARTESIAN_POINT('',(46.3,-17.74833395016));
#1720 = CARTESIAN_POINT('',(46.3,-20.));
#1721 = ( GEOMETRIC_REPRESENTATION_CONTEXT(2) 
PARAMETRIC_REPRESENTATION_CONTEXT() REPRESENTATION_CONTEXT('2D SPACE',''
  ) );
#1722 = PCURVE('',#1723,#1728);
#1723 = CYLINDRICAL_SURFACE('',#1724,1.3);
#1724 = AXIS2_PLACEMENT_3D('',#1725,#1726,#1727);
#1725 = CARTESIAN_POINT('',(55.75,-20.,-0.5));
#1726 = DIRECTION('',(-0.,-0.,-1.));
#1727 = DIRECTION('',(1.,0.,0.));
#1728 = DEFINITIONAL_REPRESENTATION('',(#1729),#1733);
#1729 = LINE('',#1730,#1731);
#1730 = CARTESIAN_POINT('',(-6.28318530718,-0.5));
#1731 = VECTOR('',#1732,1.);
#1732 = DIRECTION('',(1.,-0.));
#1733 = ( GEOMETRIC_REPRESENTATION_CONTEXT(2) 
PARAMETRIC_REPRESENTATION_CONTEXT() REPRESENTATION_CONTEXT('2D SPACE',''
  ) );
#1734 = FACE_BOUND('',#1735,.F.);
#1735 = EDGE_LOOP('',(#1736));
#1736 = ORIENTED_EDGE('',*,*,#1737,.T.);
#1737 = EDGE_CURVE('',#1738,#1738,#1740,.T.);
#1738 = VERTEX_POINT('',#1739);
#1739 = CARTESIAN_POINT('',(47.05,-15.,0.));
#1740 = SURFACE_CURVE('',#1741,(#1746,#1757),.PCURVE_S1.);
#1741 = CIRCLE('',#1742,1.3);
#1742 = AXIS2_PLACEMENT_3D('',#1743,#1744,#1745);
#1743 = CARTESIAN_POINT('',(45.75,-15.,0.));
#1744 = DIRECTION('',(0.,0.,-1.));
#1745 = DIRECTION('',(1.,0.,0.));
#1746 = PCURVE('',#44,#1747);
#1747 = DEFINITIONAL_REPRESENTATION('',(#1748),#1756);
#1748 = ( BOUNDED_CURVE() B_SPLINE_CURVE(2,(#1749,#1750,#1751,#1752,
#1753,#1754,#1755),.UNSPECIFIED.,.T.,.F.) B_SPLINE_CURVE_WITH_KNOTS((1,2
    ,2,2,2,1),(-2.094395102393,0.,2.094395102393,4.188790204786,
6.28318530718,8.377580409573),.UNSPECIFIED.) CURVE() 
GEOMETRIC_REPRESENTATION_ITEM() RATIONAL_B_SPLINE_CURVE((1.,0.5,1.,0.5,
1.,0.5,1.)) REPRESENTATION_ITEM('') );
#1749 = CARTESIAN_POINT('',(36.3,-15.));
#1750 = CARTESIAN_POINT('',(36.3,-17.25166604984));
#1751 = CARTESIAN_POINT('',(34.35,-16.12583302492));
#1752 = CARTESIAN_POINT('',(32.4,-15.));
#1753 = CARTESIAN_POINT('',(34.35,-13.87416697508));
#1754 = CARTESIAN_POINT('',(36.3,-12.74833395016));
#1755 = CARTESIAN_POINT('',(36.3,-15.));
#1756 = ( GEOMETRIC_REPRESENTATION_CONTEXT(2) 
PARAMETRIC_REPRESENTATION_CONTEXT() REPRESENTATION_CONTEXT('2D SPACE',''
  ) );
#1757 = PCURVE('',#1758,#1763);
#1758 = CYLINDRICAL_SURFACE('',#1759,1.3);
#1759 = AXIS2_PLACEMENT_3D('',#1760,#1761,#1762);
#1760 = CARTESIAN_POINT('',(45.75,-15.,-0.5));
#1761 = DIRECTION('',(-0.,-0.,-1.));
#1762 = DIRECTION('',(1.,0.,0.));
#1763 = DEFINITIONAL_REPRESENTATION('',(#1764),#1768);
#1764 = LINE('',#1765,#1766);
#1765 = CARTESIAN_POINT('',(-6.28318530718,-0.5));
#1766 = VECTOR('',#1767,1.);
#1767 = DIRECTION('',(1.,-0.));
#1768 = ( GEOMETRIC_REPRESENTATION_CONTEXT(2) 
PARAMETRIC_REPRESENTATION_CONTEXT() REPRESENTATION_CONTEXT('2D SPACE',''
  ) );
#1769 = FACE_BOUND('',#1770,.F.);
#1770 = EDGE_LOOP('',(#1771));
#1771 = ORIENTED_EDGE('',*,*,#1772,.T.);
#1772 = EDGE_CURVE('',#1773,#1773,#1775,.T.);
#1773 = VERTEX_POINT('',#1774);
#1774 = CARTESIAN_POINT('',(52.05,-15.,0.));
#1775 = SURFACE_CURVE('',#1776,(#1781,#1792),.PCURVE_S1.);
#1776 = CIRCLE('',#1777,1.3);
#1777 = AXIS2_PLACEMENT_3D('',#1778,#1779,#1780);
#1778 = CARTESIAN_POINT('',(50.75,-15.,0.));
#1779 = DIRECTION('',(0.,0.,-1.));
#1780 = DIRECTION('',(1.,0.,0.));
#1781 = PCURVE('',#44,#1782);
#1782 = DEFINITIONAL_REPRESENTATION('',(#1783),#1791);
#1783 = ( BOUNDED_CURVE() B_SPLINE_CURVE(2,(#1784,#1785,#1786,#1787,
#1788,#1789,#1790),.UNSPECIFIED.,.T.,.F.) B_SPLINE_CURVE_WITH_KNOTS((1,2
    ,2,2,2,1),(-2.094395102393,0.,2.094395102393,4.188790204786,
6.28318530718,8.377580409573),.UNSPECIFIED.) CURVE() 
GEOMETRIC_REPRESENTATION_ITEM() RATIONAL_B_SPLINE_CURVE((1.,0.5,1.,0.5,
1.,0.5,1.)) REPRESENTATION_ITEM('') );
#1784 = CARTESIAN_POINT('',(41.3,-15.));
#1785 = CARTESIAN_POINT('',(41.3,-17.25166604984));
#1786 = CARTESIAN_POINT('',(39.35,-16.12583302492));
#1787 = CARTESIAN_POINT('',(37.4,-15.));
#1788 = CARTESIAN_POINT('',(39.35,-13.87416697508));
#1789 = CARTESIAN_POINT('',(41.3,-12.74833395016));
#1790 = CARTESIAN_POINT('',(41.3,-15.));
#1791 = ( GEOMETRIC_REPRESENTATION_CONTEXT(2) 
PARAMETRIC_REPRESENTATION_CONTEXT() REPRESENTATION_CONTEXT('2D SPACE',''
  ) );
#1792 = PCURVE('',#1793,#1798);
#1793 = CYLINDRICAL_SURFACE('',#1794,1.3);
#1794 = AXIS2_PLACEMENT_3D('',#1795,#1796,#1797);
#1795 = CARTESIAN_POINT('',(50.75,-15.,-0.5));
#1796 = DIRECTION('',(-0.,-0.,-1.));
#1797 = DIRECTION('',(1.,0.,0.));
#1798 = DEFINITIONAL_REPRESENTATION('',(#1799),#1803);
#1799 = LINE('',#1800,#1801);
#1800 = CARTESIAN_POINT('',(-6.28318530718,-0.5));
#1801 = VECTOR('',#1802,1.);
#1802 = DIRECTION('',(1.,-0.));
#1803 = ( GEOMETRIC_REPRESENTATION_CONTEXT(2) 
PARAMETRIC_REPRESENTATION_CONTEXT() REPRESENTATION_CONTEXT('2D SPACE',''
  ) );
#1804 = FACE_BOUND('',#1805,.F.);
#1805 = EDGE_LOOP('',(#1806));
#1806 = ORIENTED_EDGE('',*,*,#1807,.T.);
#1807 = EDGE_CURVE('',#1808,#1808,#1810,.T.);
#1808 = VERTEX_POINT('',#1809);
#1809 = CARTESIAN_POINT('',(57.05,-15.,0.));
#1810 = SURFACE_CURVE('',#1811,(#1816,#1827),.PCURVE_S1.);
#1811 = CIRCLE('',#1812,1.3);
#1812 = AXIS2_PLACEMENT_3D('',#1813,#1814,#1815);
#1813 = CARTESIAN_POINT('',(55.75,-15.,0.));
#1814 = DIRECTION('',(0.,0.,-1.));
#1815 = DIRECTION('',(1.,0.,0.));
#1816 = PCURVE('',#44,#1817);
#1817 = DEFINITIONAL_REPRESENTATION('',(#1818),#1826);
#1818 = ( BOUNDED_CURVE() B_SPLINE_CURVE(2,(#1819,#1820,#1821,#1822,
#1823,#1824,#1825),.UNSPECIFIED.,.T.,.F.) B_SPLINE_CURVE_WITH_KNOTS((1,2
    ,2,2,2,1),(-2.094395102393,0.,2.094395102393,4.188790204786,
6.28318530718,8.377580409573),.UNSPECIFIED.) CURVE() 
GEOMETRIC_REPRESENTATION_ITEM() RATIONAL_B_SPLINE_CURVE((1.,0.5,1.,0.5,
1.,0.5,1.)) REPRESENTATION_ITEM('') );
#1819 = CARTESIAN_POINT('',(46.3,-15.));
#1820 = CARTESIAN_POINT('',(46.3,-17.25166604984));
#1821 = CARTESIAN_POINT('',(44.35,-16.12583302492));
#1822 = CARTESIAN_POINT('',(42.4,-15.));
#1823 = CARTESIAN_POINT('',(44.35,-13.87416697508));
#1824 = CARTESIAN_POINT('',(46.3,-12.74833395016));
#1825 = CARTESIAN_POINT('',(46.3,-15.));
#1826 = ( GEOMETRIC_REPRESENTATION_CONTEXT(2) 
PARAMETRIC_REPRESENTATION_CONTEXT() REPRESENTATION_CONTEXT('2D SPACE',''
  ) );
#1827 = PCURVE('',#1828,#1833);
#1828 = CYLINDRICAL_SURFACE('',#1829,1.3);
#1829 = AXIS2_PLACEMENT_3D('',#1830,#1831,#1832);
#1830 = CARTESIAN_POINT('',(55.75,-15.,-0.5));
#1831 = DIRECTION('',(-0.,-0.,-1.));
#1832 = DIRECTION('',(1.,0.,0.));
#1833 = DEFINITIONAL_REPRESENTATION('',(#1834),#1838);
#1834 = LINE('',#1835,#1836);
#1835 = CARTESIAN_POINT('',(-6.28318530718,-0.5));
#1836 = VECTOR('',#1837,1.);
#1837 = DIRECTION('',(1.,-0.));
#1838 = ( GEOMETRIC_REPRESENTATION_CONTEXT(2) 
PARAMETRIC_REPRESENTATION_CONTEXT() REPRESENTATION_CONTEXT('2D SPACE',''
  ) );
#1839 = FACE_BOUND('',#1840,.F.);
#1840 = EDGE_LOOP('',(#1841));
#1841 = ORIENTED_EDGE('',*,*,#1842,.T.);
#1842 = EDGE_CURVE('',#1843,#1843,#1845,.T.);
#1843 = VERTEX_POINT('',#1844);
#1844 = CARTESIAN_POINT('',(42.05,-10.,0.));
#1845 = SURFACE_CURVE('',#1846,(#1851,#1862),.PCURVE_S1.);
#1846 = CIRCLE('',#1847,1.3);
#1847 = AXIS2_PLACEMENT_3D('',#1848,#1849,#1850);
#1848 = CARTESIAN_POINT('',(40.75,-10.,0.));
#1849 = DIRECTION('',(0.,0.,-1.));
#1850 = DIRECTION('',(1.,0.,0.));
#1851 = PCURVE('',#44,#1852);
#1852 = DEFINITIONAL_REPRESENTATION('',(#1853),#1861);
#1853 = ( BOUNDED_CURVE() B_SPLINE_CURVE(2,(#1854,#1855,#1856,#1857,
#1858,#1859,#1860),.UNSPECIFIED.,.T.,.F.) B_SPLINE_CURVE_WITH_KNOTS((1,2
    ,2,2,2,1),(-2.094395102393,0.,2.094395102393,4.188790204786,
6.28318530718,8.377580409573),.UNSPECIFIED.) CURVE() 
GEOMETRIC_REPRESENTATION_ITEM() RATIONAL_B_SPLINE_CURVE((1.,0.5,1.,0.5,
1.,0.5,1.)) REPRESENTATION_ITEM('') );
#1854 = CARTESIAN_POINT('',(31.3,-10.));
#1855 = CARTESIAN_POINT('',(31.3,-12.25166604984));
#1856 = CARTESIAN_POINT('',(29.35,-11.12583302492));
#1857 = CARTESIAN_POINT('',(27.4,-10.));
#1858 = CARTESIAN_POINT('',(29.35,-8.87416697508));
#1859 = CARTESIAN_POINT('',(31.3,-7.74833395016));
#1860 = CARTESIAN_POINT('',(31.3,-10.));
#1861 = ( GEOMETRIC_REPRESENTATION_CONTEXT(2) 
PARAMETRIC_REPRESENTATION_CONTEXT() REPRESENTATION_CONTEXT('2D SPACE',''
  ) );
#1862 = PCURVE('',#1863,#1868);
#1863 = CYLINDRICAL_SURFACE('',#1864,1.3);
#1864 = AXIS2_PLACEMENT_3D('',#1865,#1866,#1867);
#1865 = CARTESIAN_POINT('',(40.75,-10.,-0.5));
#1866 = DIRECTION('',(-0.,-0.,-1.));
#1867 = DIRECTION('',(1.,0.,0.));
#1868 = DEFINITIONAL_REPRESENTATION('',(#1869),#1873);
#1869 = LINE('',#1870,#1871);
#1870 = CARTESIAN_POINT('',(-6.28318530718,-0.5));
#1871 = VECTOR('',#1872,1.);
#1872 = DIRECTION('',(1.,-0.));
#1873 = ( GEOMETRIC_REPRESENTATION_CONTEXT(2) 
PARAMETRIC_REPRESENTATION_CONTEXT() REPRESENTATION_CONTEXT('2D SPACE',''
  ) );
#1874 = FACE_BOUND('',#1875,.F.);
#1875 = EDGE_LOOP('',(#1876));
#1876 = ORIENTED_EDGE('',*,*,#1877,.T.);
#1877 = EDGE_CURVE('',#1878,#1878,#1880,.T.);
#1878 = VERTEX_POINT('',#1879);
#1879 = CARTESIAN_POINT('',(47.05,-10.,0.));
#1880 = SURFACE_CURVE('',#1881,(#1886,#1897),.PCURVE_S1.);
#1881 = CIRCLE('',#1882,1.3);
#1882 = AXIS2_PLACEMENT_3D('',#1883,#1884,#1885);
#1883 = CARTESIAN_POINT('',(45.75,-10.,0.));
#1884 = DIRECTION('',(0.,0.,-1.));
#1885 = DIRECTION('',(1.,0.,0.));
#1886 = PCURVE('',#44,#1887);
#1887 = DEFINITIONAL_REPRESENTATION('',(#1888),#1896);
#1888 = ( BOUNDED_CURVE() B_SPLINE_CURVE(2,(#1889,#1890,#1891,#1892,
#1893,#1894,#1895),.UNSPECIFIED.,.T.,.F.) B_SPLINE_CURVE_WITH_KNOTS((1,2
    ,2,2,2,1),(-2.094395102393,0.,2.094395102393,4.188790204786,
6.28318530718,8.377580409573),.UNSPECIFIED.) CURVE() 
GEOMETRIC_REPRESENTATION_ITEM() RATIONAL_B_SPLINE_CURVE((1.,0.5,1.,0.5,
1.,0.5,1.)) REPRESENTATION_ITEM('') );
#1889 = CARTESIAN_POINT('',(36.3,-10.));
#1890 = CARTESIAN_POINT('',(36.3,-12.25166604984));
#1891 = CARTESIAN_POINT('',(34.35,-11.12583302492));
#1892 = CARTESIAN_POINT('',(32.4,-10.));
#1893 = CARTESIAN_POINT('',(34.35,-8.87416697508));
#1894 = CARTESIAN_POINT('',(36.3,-7.74833395016));
#1895 = CARTESIAN_POINT('',(36.3,-10.));
#1896 = ( GEOMETRIC_REPRESENTATION_CONTEXT(2) 
PARAMETRIC_REPRESENTATION_CONTEXT() REPRESENTATION_CONTEXT('2D SPACE',''
  ) );
#1897 = PCURVE('',#1898,#1903);
#1898 = CYLINDRICAL_SURFACE('',#1899,1.3);
#1899 = AXIS2_PLACEMENT_3D('',#1900,#1901,#1902);
#1900 = CARTESIAN_POINT('',(45.75,-10.,-0.5));
#1901 = DIRECTION('',(-0.,-0.,-1.));
#1902 = DIRECTION('',(1.,0.,0.));
#1903 = DEFINITIONAL_REPRESENTATION('',(#1904),#1908);
#1904 = LINE('',#1905,#1906);
#1905 = CARTESIAN_POINT('',(-6.28318530718,-0.5));
#1906 = VECTOR('',#1907,1.);
#1907 = DIRECTION('',(1.,-0.));
#1908 = ( GEOMETRIC_REPRESENTATION_CONTEXT(2) 
PARAMETRIC_REPRESENTATION_CONTEXT() REPRESENTATION_CONTEXT('2D SPACE',''
  ) );
#1909 = FACE_BOUND('',#1910,.F.);
#1910 = EDGE_LOOP('',(#1911));
#1911 = ORIENTED_EDGE('',*,*,#1912,.T.);
#1912 = EDGE_CURVE('',#1913,#1913,#1915,.T.);
#1913 = VERTEX_POINT('',#1914);
#1914 = CARTESIAN_POINT('',(52.05,-10.,0.));
#1915 = SURFACE_CURVE('',#1916,(#1921,#1932),.PCURVE_S1.);
#1916 = CIRCLE('',#1917,1.3);
#1917 = AXIS2_PLACEMENT_3D('',#1918,#1919,#1920);
#1918 = CARTESIAN_POINT('',(50.75,-10.,0.));
#1919 = DIRECTION('',(0.,0.,-1.));
#1920 = DIRECTION('',(1.,0.,0.));
#1921 = PCURVE('',#44,#1922);
#1922 = DEFINITIONAL_REPRESENTATION('',(#1923),#1931);
#1923 = ( BOUNDED_CURVE() B_SPLINE_CURVE(2,(#1924,#1925,#1926,#1927,
#1928,#1929,#1930),.UNSPECIFIED.,.T.,.F.) B_SPLINE_CURVE_WITH_KNOTS((1,2
    ,2,2,2,1),(-2.094395102393,0.,2.094395102393,4.188790204786,
6.28318530718,8.377580409573),.UNSPECIFIED.) CURVE() 
GEOMETRIC_REPRESENTATION_ITEM() RATIONAL_B_SPLINE_CURVE((1.,0.5,1.,0.5,
1.,0.5,1.)) REPRESENTATION_ITEM('') );
#1924 = CARTESIAN_POINT('',(41.3,-10.));
#1925 = CARTESIAN_POINT('',(41.3,-12.25166604984));
#1926 = CARTESIAN_POINT('',(39.35,-11.12583302492));
#1927 = CARTESIAN_POINT('',(37.4,-10.));
#1928 = CARTESIAN_POINT('',(39.35,-8.87416697508));
#1929 = CARTESIAN_POINT('',(41.3,-7.74833395016));
#1930 = CARTESIAN_POINT('',(41.3,-10.));
#1931 = ( GEOMETRIC_REPRESENTATION_CONTEXT(2) 
PARAMETRIC_REPRESENTATION_CONTEXT() REPRESENTATION_CONTEXT('2D SPACE',''
  ) );
#1932 = PCURVE('',#1933,#1938);
#1933 = CYLINDRICAL_SURFACE('',#1934,1.3);
#1934 = AXIS2_PLACEMENT_3D('',#1935,#1936,#1937);
#1935 = CARTESIAN_POINT('',(50.75,-10.,-0.5));
#1936 = DIRECTION('',(-0.,-0.,-1.));
#1937 = DIRECTION('',(1.,0.,0.));
#1938 = DEFINITIONAL_REPRESENTATION('',(#1939),#1943);
#1939 = LINE('',#1940,#1941);
#1940 = CARTESIAN_POINT('',(-6.28318530718,-0.5));
#1941 = VECTOR('',#1942,1.);
#1942 = DIRECTION('',(1.,-0.));
#1943 = ( GEOMETRIC_REPRESENTATION_CONTEXT(2) 
PARAMETRIC_REPRESENTATION_CONTEXT() REPRESENTATION_CONTEXT('2D SPACE',''
  ) );
#1944 = FACE_BOUND('',#1945,.F.);
#1945 = EDGE_LOOP('',(#1946));
#1946 = ORIENTED_EDGE('',*,*,#1947,.T.);
#1947 = EDGE_CURVE('',#1948,#1948,#1950,.T.);
#1948 = VERTEX_POINT('',#1949);
#1949 = CARTESIAN_POINT('',(57.05,-10.,0.));
#1950 = SURFACE_CURVE('',#1951,(#1956,#1967),.PCURVE_S1.);
#1951 = CIRCLE('',#1952,1.3);
#1952 = AXIS2_PLACEMENT_3D('',#1953,#1954,#1955);
#1953 = CARTESIAN_POINT('',(55.75,-10.,0.));
#1954 = DIRECTION('',(0.,0.,-1.));
#1955 = DIRECTION('',(1.,0.,0.));
#1956 = PCURVE('',#44,#1957);
#1957 = DEFINITIONAL_REPRESENTATION('',(#1958),#1966);
#1958 = ( BOUNDED_CURVE() B_SPLINE_CURVE(2,(#1959,#1960,#1961,#1962,
#1963,#1964,#1965),.UNSPECIFIED.,.T.,.F.) B_SPLINE_CURVE_WITH_KNOTS((1,2
    ,2,2,2,1),(-2.094395102393,0.,2.094395102393,4.188790204786,
6.28318530718,8.377580409573),.UNSPECIFIED.) CURVE() 
GEOMETRIC_REPRESENTATION_ITEM() RATIONAL_B_SPLINE_CURVE((1.,0.5,1.,0.5,
1.,0.5,1.)) REPRESENTATION_ITEM('') );
#1959 = CARTESIAN_POINT('',(46.3,-10.));
#1960 = CARTESIAN_POINT('',(46.3,-12.25166604984));
#1961 = CARTESIAN_POINT('',(44.35,-11.12583302492));
#1962 = CARTESIAN_POINT('',(42.4,-10.));
#1963 = CARTESIAN_POINT('',(44.35,-8.87416697508));
#1964 = CARTESIAN_POINT('',(46.3,-7.74833395016));
#1965 = CARTESIAN_POINT('',(46.3,-10.));
#1966 = ( GEOMETRIC_REPRESENTATION_CONTEXT(2) 
PARAMETRIC_REPRESENTATION_CONTEXT() REPRESENTATION_CONTEXT('2D SPACE',''
  ) );
#1967 = PCURVE('',#1968,#1973);
#1968 = CYLINDRICAL_SURFACE('',#1969,1.3);
#1969 = AXIS2_PLACEMENT_3D('',#1970,#1971,#1972);
#1970 = CARTESIAN_POINT('',(55.75,-10.,-0.5));
#1971 = DIRECTION('',(-0.,-0.,-1.));
#1972 = DIRECTION('',(1.,0.,0.));
#1973 = DEFINITIONAL_REPRESENTATION('',(#1974),#1978);
#1974 = LINE('',#1975,#1976);
#1975 = CARTESIAN_POINT('',(-6.28318530718,-0.5));
#1976 = VECTOR('',#1977,1.);
#1977 = DIRECTION('',(1.,-0.));
#1978 = ( GEOMETRIC_REPRESENTATION_CONTEXT(2) 
PARAMETRIC_REPRESENTATION_CONTEXT() REPRESENTATION_CONTEXT('2D SPACE',''
  ) );
#1979 = FACE_BOUND('',#1980,.F.);
#1980 = EDGE_LOOP('',(#1981));
#1981 = ORIENTED_EDGE('',*,*,#1982,.T.);
#1982 = EDGE_CURVE('',#1983,#1983,#1985,.T.);
#1983 = VERTEX_POINT('',#1984);
#1984 = CARTESIAN_POINT('',(42.05,-5.,0.));
#1985 = SURFACE_CURVE('',#1986,(#1991,#2002),.PCURVE_S1.);
#1986 = CIRCLE('',#1987,1.3);
#1987 = AXIS2_PLACEMENT_3D('',#1988,#1989,#1990);
#1988 = CARTESIAN_POINT('',(40.75,-5.,0.));
#1989 = DIRECTION('',(0.,0.,-1.));
#1990 = DIRECTION('',(1.,0.,0.));
#1991 = PCURVE('',#44,#1992);
#1992 = DEFINITIONAL_REPRESENTATION('',(#1993),#2001);
#1993 = ( BOUNDED_CURVE() B_SPLINE_CURVE(2,(#1994,#1995,#1996,#1997,
#1998,#1999,#2000),.UNSPECIFIED.,.T.,.F.) B_SPLINE_CURVE_WITH_KNOTS((1,2
    ,2,2,2,1),(-2.094395102393,0.,2.094395102393,4.188790204786,
6.28318530718,8.377580409573),.UNSPECIFIED.) CURVE() 
GEOMETRIC_REPRESENTATION_ITEM() RATIONAL_B_SPLINE_CURVE((1.,0.5,1.,0.5,
1.,0.5,1.)) REPRESENTATION_ITEM('') );
#1994 = CARTESIAN_POINT('',(31.3,-5.));
#1995 = CARTESIAN_POINT('',(31.3,-7.25166604984));
#1996 = CARTESIAN_POINT('',(29.35,-6.12583302492));
#1997 = CARTESIAN_POINT('',(27.4,-5.));
#1998 = CARTESIAN_POINT('',(29.35,-3.87416697508));
#1999 = CARTESIAN_POINT('',(31.3,-2.74833395016));
#2000 = CARTESIAN_POINT('',(31.3,-5.));
#2001 = ( GEOMETRIC_REPRESENTATION_CONTEXT(2) 
PARAMETRIC_REPRESENTATION_CONTEXT() REPRESENTATION_CONTEXT('2D SPACE',''
  ) );
#2002 = PCURVE('',#2003,#2008);
#2003 = CYLINDRICAL_SURFACE('',#2004,1.3);
#2004 = AXIS2_PLACEMENT_3D('',#2005,#2006,#2007);
#2005 = CARTESIAN_POINT('',(40.75,-5.,-0.5));
#2006 = DIRECTION('',(-0.,-0.,-1.));
#2007 = DIRECTION('',(1.,0.,0.));
#2008 = DEFINITIONAL_REPRESENTATION('',(#2009),#2013);
#2009 = LINE('',#2010,#2011);
#2010 = CARTESIAN_POINT('',(-6.28318530718,-0.5));
#2011 = VECTOR('',#2012,1.);
#2012 = DIRECTION('',(1.,-0.));
#2013 = ( GEOMETRIC_REPRESENTATION_CONTEXT(2) 
PARAMETRIC_REPRESENTATION_CONTEXT() REPRESENTATION_CONTEXT('2D SPACE',''
  ) );
#2014 = FACE_BOUND('',#2015,.F.);
#2015 = EDGE_LOOP('',(#2016));
#2016 = ORIENTED_EDGE('',*,*,#2017,.T.);
#2017 = EDGE_CURVE('',#2018,#2018,#2020,.T.);
#2018 = VERTEX_POINT('',#2019);
#2019 = CARTESIAN_POINT('',(47.05,-5.,0.));
#2020 = SURFACE_CURVE('',#2021,(#2026,#2037),.PCURVE_S1.);
#2021 = CIRCLE('',#2022,1.3);
#2022 = AXIS2_PLACEMENT_3D('',#2023,#2024,#2025);
#2023 = CARTESIAN_POINT('',(45.75,-5.,0.));
#2024 = DIRECTION('',(0.,0.,-1.));
#2025 = DIRECTION('',(1.,0.,0.));
#2026 = PCURVE('',#44,#2027);
#2027 = DEFINITIONAL_REPRESENTATION('',(#2028),#2036);
#2028 = ( BOUNDED_CURVE() B_SPLINE_CURVE(2,(#2029,#2030,#2031,#2032,
#2033,#2034,#2035),.UNSPECIFIED.,.T.,.F.) B_SPLINE_CURVE_WITH_KNOTS((1,2
    ,2,2,2,1),(-2.094395102393,0.,2.094395102393,4.188790204786,
6.28318530718,8.377580409573),.UNSPECIFIED.) CURVE() 
GEOMETRIC_REPRESENTATION_ITEM() RATIONAL_B_SPLINE_CURVE((1.,0.5,1.,0.5,
1.,0.5,1.)) REPRESENTATION_ITEM('') );
#2029 = CARTESIAN_POINT('',(36.3,-5.));
#2030 = CARTESIAN_POINT('',(36.3,-7.25166604984));
#2031 = CARTESIAN_POINT('',(34.35,-6.12583302492));
#2032 = CARTESIAN_POINT('',(32.4,-5.));
#2033 = CARTESIAN_POINT('',(34.35,-3.87416697508));
#2034 = CARTESIAN_POINT('',(36.3,-2.74833395016));
#2035 = CARTESIAN_POINT('',(36.3,-5.));
#2036 = ( GEOMETRIC_REPRESENTATION_CONTEXT(2) 
PARAMETRIC_REPRESENTATION_CONTEXT() REPRESENTATION_CONTEXT('2D SPACE',''
  ) );
#2037 = PCURVE('',#2038,#2043);
#2038 = CYLINDRICAL_SURFACE('',#2039,1.3);
#2039 = AXIS2_PLACEMENT_3D('',#2040,#2041,#2042);
#2040 = CARTESIAN_POINT('',(45.75,-5.,-0.5));
#2041 = DIRECTION('',(-0.,-0.,-1.));
#2042 = DIRECTION('',(1.,0.,0.));
#2043 = DEFINITIONAL_REPRESENTATION('',(#2044),#2048);
#2044 = LINE('',#2045,#2046);
#2045 = CARTESIAN_POINT('',(-6.28318530718,-0.5));
#2046 = VECTOR('',#2047,1.);
#2047 = DIRECTION('',(1.,-0.));
#2048 = ( GEOMETRIC_REPRESENTATION_CONTEXT(2) 
PARAMETRIC_REPRESENTATION_CONTEXT() REPRESENTATION_CONTEXT('2D SPACE',''
  ) );
#2049 = FACE_BOUND('',#2050,.F.);
#2050 = EDGE_LOOP('',(#2051));
#2051 = ORIENTED_EDGE('',*,*,#2052,.T.);
#2052 = EDGE_CURVE('',#2053,#2053,#2055,.T.);
#2053 = VERTEX_POINT('',#2054);
#2054 = CARTESIAN_POINT('',(52.05,-5.,0.));
#2055 = SURFACE_CURVE('',#2056,(#2061,#2072),.PCURVE_S1.);
#2056 = CIRCLE('',#2057,1.3);
#2057 = AXIS2_PLACEMENT_3D('',#2058,#2059,#2060);
#2058 = CARTESIAN_POINT('',(50.75,-5.,0.));
#2059 = DIRECTION('',(0.,0.,-1.));
#2060 = DIRECTION('',(1.,0.,0.));
#2061 = PCURVE('',#44,#2062);
#2062 = DEFINITIONAL_REPRESENTATION('',(#2063),#2071);
#2063 = ( BOUNDED_CURVE() B_SPLINE_CURVE(2,(#2064,#2065,#2066,#2067,
#2068,#2069,#2070),.UNSPECIFIED.,.T.,.F.) B_SPLINE_CURVE_WITH_KNOTS((1,2
    ,2,2,2,1),(-2.094395102393,0.,2.094395102393,4.188790204786,
6.28318530718,8.377580409573),.UNSPECIFIED.) CURVE() 
GEOMETRIC_REPRESENTATION_ITEM() RATIONAL_B_SPLINE_CURVE((1.,0.5,1.,0.5,
1.,0.5,1.)) REPRESENTATION_ITEM('') );
#2064 = CARTESIAN_POINT('',(41.3,-5.));
#2065 = CARTESIAN_POINT('',(41.3,-7.25166604984));
#2066 = CARTESIAN_POINT('',(39.35,-6.12583302492));
#2067 = CARTESIAN_POINT('',(37.4,-5.));
#2068 = CARTESIAN_POINT('',(39.35,-3.87416697508));
#2069 = CARTESIAN_POINT('',(41.3,-2.74833395016));
#2070 = CARTESIAN_POINT('',(41.3,-5.));
#2071 = ( GEOMETRIC_REPRESENTATION_CONTEXT(2) 
PARAMETRIC_REPRESENTATION_CONTEXT() REPRESENTATION_CONTEXT('2D SPACE',''
  ) );
#2072 = PCURVE('',#2073,#2078);
#2073 = CYLINDRICAL_SURFACE('',#2074,1.3);
#2074 = AXIS2_PLACEMENT_3D('',#2075,#2076,#2077);
#2075 = CARTESIAN_POINT('',(50.75,-5.,-0.5));
#2076 = DIRECTION('',(-0.,-0.,-1.));
#2077 = DIRECTION('',(1.,0.,0.));
#2078 = DEFINITIONAL_REPRESENTATION('',(#2079),#2083);
#2079 = LINE('',#2080,#2081);
#2080 = CARTESIAN_POINT('',(-6.28318530718,-0.5));
#2081 = VECTOR('',#2082,1.);
#2082 = DIRECTION('',(1.,-0.));
#2083 = ( GEOMETRIC_REPRESENTATION_CONTEXT(2) 
PARAMETRIC_REPRESENTATION_CONTEXT() REPRESENTATION_CONTEXT('2D SPACE',''
  ) );
#2084 = FACE_BOUND('',#2085,.F.);
#2085 = EDGE_LOOP('',(#2086));
#2086 = ORIENTED_EDGE('',*,*,#2087,.T.);
#2087 = EDGE_CURVE('',#2088,#2088,#2090,.T.);
#2088 = VERTEX_POINT('',#2089);
#2089 = CARTESIAN_POINT('',(57.05,-5.,0.));
#2090 = SURFACE_CURVE('',#2091,(#2096,#2107),.PCURVE_S1.);
#2091 = CIRCLE('',#2092,1.3);
#2092 = AXIS2_PLACEMENT_3D('',#2093,#2094,#2095);
#2093 = CARTESIAN_POINT('',(55.75,-5.,0.));
#2094 = DIRECTION('',(0.,0.,-1.));
#2095 = DIRECTION('',(1.,0.,0.));
#2096 = PCURVE('',#44,#2097);
#2097 = DEFINITIONAL_REPRESENTATION('',(#2098),#2106);
#2098 = ( BOUNDED_CURVE() B_SPLINE_CURVE(2,(#2099,#2100,#2101,#2102,
#2103,#2104,#2105),.UNSPECIFIED.,.T.,.F.) B_SPLINE_CURVE_WITH_KNOTS((1,2
    ,2,2,2,1),(-2.094395102393,0.,2.094395102393,4.188790204786,
6.28318530718,8.377580409573),.UNSPECIFIED.) CURVE() 
GEOMETRIC_REPRESENTATION_ITEM() RATIONAL_B_SPLINE_CURVE((1.,0.5,1.,0.5,
1.,0.5,1.)) REPRESENTATION_ITEM('') );
#2099 = CARTESIAN_POINT('',(46.3,-5.));
#2100 = CARTESIAN_POINT('',(46.3,-7.25166604984));
#2101 = CARTESIAN_POINT('',(44.35,-6.12583302492));
#2102 = CARTESIAN_POINT('',(42.4,-5.));
#2103 = CARTESIAN_POINT('',(44.35,-3.87416697508));
#2104 = CARTESIAN_POINT('',(46.3,-2.74833395016));
#2105 = CARTESIAN_POINT('',(46.3,-5.));
#2106 = ( GEOMETRIC_REPRESENTATION_CONTEXT(2) 
PARAMETRIC_REPRESENTATION_CONTEXT() REPRESENTATION_CONTEXT('2D SPACE',''
  ) );
#2107 = PCURVE('',#2108,#2113);
#2108 = CYLINDRICAL_SURFACE('',#2109,1.3);
#2109 = AXIS2_PLACEMENT_3D('',#2110,#2111,#2112);
#2110 = CARTESIAN_POINT('',(55.75,-5.,-0.5));
#2111 = DIRECTION('',(-0.,-0.,-1.));
#2112 = DIRECTION('',(1.,0.,0.));
#2113 = DEFINITIONAL_REPRESENTATION('',(#2114),#2118);
#2114 = LINE('',#2115,#2116);
#2115 = CARTESIAN_POINT('',(-6.28318530718,-0.5));
#2116 = VECTOR('',#2117,1.);
#2117 = DIRECTION('',(1.,-0.));
#2118 = ( GEOMETRIC_REPRESENTATION_CONTEXT(2) 
PARAMETRIC_REPRESENTATION_CONTEXT() REPRESENTATION_CONTEXT('2D SPACE',''
  ) );
#2119 = FACE_BOUND('',#2120,.F.);
#2120 = EDGE_LOOP('',(#2121,#2149,#2175,#2201));
#2121 = ORIENTED_EDGE('',*,*,#2122,.T.);
#2122 = EDGE_CURVE('',#2123,#2125,#2127,.T.);
#2123 = VERTEX_POINT('',#2124);
#2124 = CARTESIAN_POINT('',(-30.25,12.15,0.));
#2125 = VERTEX_POINT('',#2126);
#2126 = CARTESIAN_POINT('',(-9.75,12.15,0.));
#2127 = SURFACE_CURVE('',#2128,(#2132,#2138),.PCURVE_S1.);
#2128 = LINE('',#2129,#2130);
#2129 = CARTESIAN_POINT('',(0.5,12.15,0.));
#2130 = VECTOR('',#2131,1.);
#2131 = DIRECTION('',(1.,0.,-0.));
#2132 = PCURVE('',#44,#2133);
#2133 = DEFINITIONAL_REPRESENTATION('',(#2134),#2137);
#2134 = B_SPLINE_CURVE_WITH_KNOTS('',1,(#2135,#2136),.UNSPECIFIED.,.F.,
  .F.,(2,2),(-30.75,-10.25),.PIECEWISE_BEZIER_KNOTS.);
#2135 = CARTESIAN_POINT('',(-41.,12.15));
#2136 = CARTESIAN_POINT('',(-20.5,12.15));
#2137 = ( GEOMETRIC_REPRESENTATION_CONTEXT(2) 
PARAMETRIC_REPRESENTATION_CONTEXT() REPRESENTATION_CONTEXT('2D SPACE',''
  ) );
#2138 = PCURVE('',#2139,#2144);
#2139 = PLANE('',#2140);
#2140 = AXIS2_PLACEMENT_3D('',#2141,#2142,#2143);
#2141 = CARTESIAN_POINT('',(-9.75,12.15,-0.5));
#2142 = DIRECTION('',(0.,-1.,0.));
#2143 = DIRECTION('',(-1.,0.,0.));
#2144 = DEFINITIONAL_REPRESENTATION('',(#2145),#2148);
#2145 = B_SPLINE_CURVE_WITH_KNOTS('',1,(#2146,#2147),.UNSPECIFIED.,.F.,
  .F.,(2,2),(-30.75,-10.25),.PIECEWISE_BEZIER_KNOTS.);
#2146 = CARTESIAN_POINT('',(20.5,-0.5));
#2147 = CARTESIAN_POINT('',(0.,-0.5));
#2148 = ( GEOMETRIC_REPRESENTATION_CONTEXT(2) 
PARAMETRIC_REPRESENTATION_CONTEXT() REPRESENTATION_CONTEXT('2D SPACE',''
  ) );
#2149 = ORIENTED_EDGE('',*,*,#2150,.T.);
#2150 = EDGE_CURVE('',#2125,#2151,#2153,.T.);
#2151 = VERTEX_POINT('',#2152);
#2152 = CARTESIAN_POINT('',(-9.75,-12.15,0.));
#2153 = SURFACE_CURVE('',#2154,(#2158,#2164),.PCURVE_S1.);
#2154 = LINE('',#2155,#2156);
#2155 = CARTESIAN_POINT('',(-9.75,-6.075,0.));
#2156 = VECTOR('',#2157,1.);
#2157 = DIRECTION('',(0.,-1.,0.));
#2158 = PCURVE('',#44,#2159);
#2159 = DEFINITIONAL_REPRESENTATION('',(#2160),#2163);
#2160 = B_SPLINE_CURVE_WITH_KNOTS('',1,(#2161,#2162),.UNSPECIFIED.,.F.,
  .F.,(2,2),(-18.225,6.075),.PIECEWISE_BEZIER_KNOTS.);
#2161 = CARTESIAN_POINT('',(-20.5,12.15));
#2162 = CARTESIAN_POINT('',(-20.5,-12.15));
#2163 = ( GEOMETRIC_REPRESENTATION_CONTEXT(2) 
PARAMETRIC_REPRESENTATION_CONTEXT() REPRESENTATION_CONTEXT('2D SPACE',''
  ) );
#2164 = PCURVE('',#2165,#2170);
#2165 = PLANE('',#2166);
#2166 = AXIS2_PLACEMENT_3D('',#2167,#2168,#2169);
#2167 = CARTESIAN_POINT('',(-9.75,-12.15,-0.5));
#2168 = DIRECTION('',(-1.,0.,0.));
#2169 = DIRECTION('',(0.,1.,0.));
#2170 = DEFINITIONAL_REPRESENTATION('',(#2171),#2174);
#2171 = B_SPLINE_CURVE_WITH_KNOTS('',1,(#2172,#2173),.UNSPECIFIED.,.F.,
  .F.,(2,2),(-18.225,6.075),.PIECEWISE_BEZIER_KNOTS.);
#2172 = CARTESIAN_POINT('',(24.3,-0.5));
#2173 = CARTESIAN_POINT('',(0.,-0.5));
#2174 = ( GEOMETRIC_REPRESENTATION_CONTEXT(2) 
PARAMETRIC_REPRESENTATION_CONTEXT() REPRESENTATION_CONTEXT('2D SPACE',''
  ) );
#2175 = ORIENTED_EDGE('',*,*,#2176,.T.);
#2176 = EDGE_CURVE('',#2151,#2177,#2179,.T.);
#2177 = VERTEX_POINT('',#2178);
#2178 = CARTESIAN_POINT('',(-30.25,-12.15,0.));
#2179 = SURFACE_CURVE('',#2180,(#2184,#2190),.PCURVE_S1.);
#2180 = LINE('',#2181,#2182);
#2181 = CARTESIAN_POINT('',(-9.75,-12.15,0.));
#2182 = VECTOR('',#2183,1.);
#2183 = DIRECTION('',(-1.,0.,0.));
#2184 = PCURVE('',#44,#2185);
#2185 = DEFINITIONAL_REPRESENTATION('',(#2186),#2189);
#2186 = B_SPLINE_CURVE_WITH_KNOTS('',1,(#2187,#2188),.UNSPECIFIED.,.F.,
  .F.,(2,2),(0.,20.5),.PIECEWISE_BEZIER_KNOTS.);
#2187 = CARTESIAN_POINT('',(-20.5,-12.15));
#2188 = CARTESIAN_POINT('',(-41.,-12.15));
#2189 = ( GEOMETRIC_REPRESENTATION_CONTEXT(2) 
PARAMETRIC_REPRESENTATION_CONTEXT() REPRESENTATION_CONTEXT('2D SPACE',''
  ) );
#2190 = PCURVE('',#2191,#2196);
#2191 = PLANE('',#2192);
#2192 = AXIS2_PLACEMENT_3D('',#2193,#2194,#2195);
#2193 = CARTESIAN_POINT('',(-30.25,-12.15,-0.5));
#2194 = DIRECTION('',(0.,1.,0.));
#2195 = DIRECTION('',(1.,0.,0.));
#2196 = DEFINITIONAL_REPRESENTATION('',(#2197),#2200);
#2197 = B_SPLINE_CURVE_WITH_KNOTS('',1,(#2198,#2199),.UNSPECIFIED.,.F.,
  .F.,(2,2),(0.,20.5),.PIECEWISE_BEZIER_KNOTS.);
#2198 = CARTESIAN_POINT('',(20.5,-0.5));
#2199 = CARTESIAN_POINT('',(0.,-0.5));
#2200 = ( GEOMETRIC_REPRESENTATION_CONTEXT(2) 
PARAMETRIC_REPRESENTATION_CONTEXT() REPRESENTATION_CONTEXT('2D SPACE',''
  ) );
#2201 = ORIENTED_EDGE('',*,*,#2202,.T.);
#2202 = EDGE_CURVE('',#2177,#2123,#2203,.T.);
#2203 = SURFACE_CURVE('',#2204,(#2208,#2214),.PCURVE_S1.);
#2204 = LINE('',#2205,#2206);
#2205 = CARTESIAN_POINT('',(-30.25,6.075,0.));
#2206 = VECTOR('',#2207,1.);
#2207 = DIRECTION('',(-0.,1.,0.));
#2208 = PCURVE('',#44,#2209);
#2209 = DEFINITIONAL_REPRESENTATION('',(#2210),#2213);
#2210 = B_SPLINE_CURVE_WITH_KNOTS('',1,(#2211,#2212),.UNSPECIFIED.,.F.,
  .F.,(2,2),(-18.225,6.075),.PIECEWISE_BEZIER_KNOTS.);
#2211 = CARTESIAN_POINT('',(-41.,-12.15));
#2212 = CARTESIAN_POINT('',(-41.,12.15));
#2213 = ( GEOMETRIC_REPRESENTATION_CONTEXT(2) 
PARAMETRIC_REPRESENTATION_CONTEXT() REPRESENTATION_CONTEXT('2D SPACE',''
  ) );
#2214 = PCURVE('',#2215,#2220);
#2215 = PLANE('',#2216);
#2216 = AXIS2_PLACEMENT_3D('',#2217,#2218,#2219);
#2217 = CARTESIAN_POINT('',(-30.25,12.15,-0.5));
#2218 = DIRECTION('',(1.,0.,-0.));
#2219 = DIRECTION('',(0.,-1.,0.));
#2220 = DEFINITIONAL_REPRESENTATION('',(#2221),#2224);
#2221 = B_SPLINE_CURVE_WITH_KNOTS('',1,(#2222,#2223),.UNSPECIFIED.,.F.,
  .F.,(2,2),(-18.225,6.075),.PIECEWISE_BEZIER_KNOTS.);
#2222 = CARTESIAN_POINT('',(24.3,-0.5));
#2223 = CARTESIAN_POINT('',(0.,-0.5));
#2224 = ( GEOMETRIC_REPRESENTATION_CONTEXT(2) 
PARAMETRIC_REPRESENTATION_CONTEXT() REPRESENTATION_CONTEXT('2D SPACE',''
  ) );
#2225 = FACE_BOUND('',#2226,.F.);
#2226 = EDGE_LOOP('',(#2227,#2255,#2281,#2307));
#2227 = ORIENTED_EDGE('',*,*,#2228,.T.);
#2228 = EDGE_CURVE('',#2229,#2231,#2233,.T.);
#2229 = VERTEX_POINT('',#2230);
#2230 = CARTESIAN_POINT('',(-12.,23.75,0.));
#2231 = VERTEX_POINT('',#2232);
#2232 = CARTESIAN_POINT('',(-12.,19.25,0.));
#2233 = SURFACE_CURVE('',#2234,(#2238,#2244),.PCURVE_S1.);
#2234 = LINE('',#2235,#2236);
#2235 = CARTESIAN_POINT('',(-12.,9.625,0.));
#2236 = VECTOR('',#2237,1.);
#2237 = DIRECTION('',(0.,-1.,0.));
#2238 = PCURVE('',#44,#2239);
#2239 = DEFINITIONAL_REPRESENTATION('',(#2240),#2243);
#2240 = B_SPLINE_CURVE_WITH_KNOTS('',1,(#2241,#2242),.UNSPECIFIED.,.F.,
  .F.,(2,2),(-14.125,-9.625),.PIECEWISE_BEZIER_KNOTS.);
#2241 = CARTESIAN_POINT('',(-22.75,23.75));
#2242 = CARTESIAN_POINT('',(-22.75,19.25));
#2243 = ( GEOMETRIC_REPRESENTATION_CONTEXT(2) 
PARAMETRIC_REPRESENTATION_CONTEXT() REPRESENTATION_CONTEXT('2D SPACE',''
  ) );
#2244 = PCURVE('',#2245,#2250);
#2245 = PLANE('',#2246);
#2246 = AXIS2_PLACEMENT_3D('',#2247,#2248,#2249);
#2247 = CARTESIAN_POINT('',(-12.,19.25,-1.));
#2248 = DIRECTION('',(-1.,0.,0.));
#2249 = DIRECTION('',(0.,1.,0.));
#2250 = DEFINITIONAL_REPRESENTATION('',(#2251),#2254);
#2251 = B_SPLINE_CURVE_WITH_KNOTS('',1,(#2252,#2253),.UNSPECIFIED.,.F.,
  .F.,(2,2),(-14.125,-9.625),.PIECEWISE_BEZIER_KNOTS.);
#2252 = CARTESIAN_POINT('',(4.5,-1.));
#2253 = CARTESIAN_POINT('',(0.,-1.));
#2254 = ( GEOMETRIC_REPRESENTATION_CONTEXT(2) 
PARAMETRIC_REPRESENTATION_CONTEXT() REPRESENTATION_CONTEXT('2D SPACE',''
  ) );
#2255 = ORIENTED_EDGE('',*,*,#2256,.T.);
#2256 = EDGE_CURVE('',#2231,#2257,#2259,.T.);
#2257 = VERTEX_POINT('',#2258);
#2258 = CARTESIAN_POINT('',(-38.,19.25,0.));
#2259 = SURFACE_CURVE('',#2260,(#2264,#2270),.PCURVE_S1.);
#2260 = LINE('',#2261,#2262);
#2261 = CARTESIAN_POINT('',(-13.625,19.25,0.));
#2262 = VECTOR('',#2263,1.);
#2263 = DIRECTION('',(-1.,0.,0.));
#2264 = PCURVE('',#44,#2265);
#2265 = DEFINITIONAL_REPRESENTATION('',(#2266),#2269);
#2266 = B_SPLINE_CURVE_WITH_KNOTS('',1,(#2267,#2268),.UNSPECIFIED.,.F.,
  .F.,(2,2),(-1.625,24.375),.PIECEWISE_BEZIER_KNOTS.);
#2267 = CARTESIAN_POINT('',(-22.75,19.25));
#2268 = CARTESIAN_POINT('',(-48.75,19.25));
#2269 = ( GEOMETRIC_REPRESENTATION_CONTEXT(2) 
PARAMETRIC_REPRESENTATION_CONTEXT() REPRESENTATION_CONTEXT('2D SPACE',''
  ) );
#2270 = PCURVE('',#2271,#2276);
#2271 = PLANE('',#2272);
#2272 = AXIS2_PLACEMENT_3D('',#2273,#2274,#2275);
#2273 = CARTESIAN_POINT('',(-38.,19.25,-1.));
#2274 = DIRECTION('',(0.,1.,0.));
#2275 = DIRECTION('',(1.,0.,0.));
#2276 = DEFINITIONAL_REPRESENTATION('',(#2277),#2280);
#2277 = B_SPLINE_CURVE_WITH_KNOTS('',1,(#2278,#2279),.UNSPECIFIED.,.F.,
  .F.,(2,2),(-1.625,24.375),.PIECEWISE_BEZIER_KNOTS.);
#2278 = CARTESIAN_POINT('',(26.,-1.));
#2279 = CARTESIAN_POINT('',(0.,-1.));
#2280 = ( GEOMETRIC_REPRESENTATION_CONTEXT(2) 
PARAMETRIC_REPRESENTATION_CONTEXT() REPRESENTATION_CONTEXT('2D SPACE',''
  ) );
#2281 = ORIENTED_EDGE('',*,*,#2282,.T.);
#2282 = EDGE_CURVE('',#2257,#2283,#2285,.T.);
#2283 = VERTEX_POINT('',#2284);
#2284 = CARTESIAN_POINT('',(-38.,23.75,0.));
#2285 = SURFACE_CURVE('',#2286,(#2290,#2296),.PCURVE_S1.);
#2286 = LINE('',#2287,#2288);
#2287 = CARTESIAN_POINT('',(-38.,11.875,0.));
#2288 = VECTOR('',#2289,1.);
#2289 = DIRECTION('',(-0.,1.,0.));
#2290 = PCURVE('',#44,#2291);
#2291 = DEFINITIONAL_REPRESENTATION('',(#2292),#2295);
#2292 = B_SPLINE_CURVE_WITH_KNOTS('',1,(#2293,#2294),.UNSPECIFIED.,.F.,
  .F.,(2,2),(7.375,11.875),.PIECEWISE_BEZIER_KNOTS.);
#2293 = CARTESIAN_POINT('',(-48.75,19.25));
#2294 = CARTESIAN_POINT('',(-48.75,23.75));
#2295 = ( GEOMETRIC_REPRESENTATION_CONTEXT(2) 
PARAMETRIC_REPRESENTATION_CONTEXT() REPRESENTATION_CONTEXT('2D SPACE',''
  ) );
#2296 = PCURVE('',#2297,#2302);
#2297 = PLANE('',#2298);
#2298 = AXIS2_PLACEMENT_3D('',#2299,#2300,#2301);
#2299 = CARTESIAN_POINT('',(-38.,23.75,-1.));
#2300 = DIRECTION('',(1.,0.,-0.));
#2301 = DIRECTION('',(0.,-1.,0.));
#2302 = DEFINITIONAL_REPRESENTATION('',(#2303),#2306);
#2303 = B_SPLINE_CURVE_WITH_KNOTS('',1,(#2304,#2305),.UNSPECIFIED.,.F.,
  .F.,(2,2),(7.375,11.875),.PIECEWISE_BEZIER_KNOTS.);
#2304 = CARTESIAN_POINT('',(4.5,-1.));
#2305 = CARTESIAN_POINT('',(0.,-1.));
#2306 = ( GEOMETRIC_REPRESENTATION_CONTEXT(2) 
PARAMETRIC_REPRESENTATION_CONTEXT() REPRESENTATION_CONTEXT('2D SPACE',''
  ) );
#2307 = ORIENTED_EDGE('',*,*,#2308,.T.);
#2308 = EDGE_CURVE('',#2283,#2229,#2309,.T.);
#2309 = SURFACE_CURVE('',#2310,(#2314,#2320),.PCURVE_S1.);
#2310 = LINE('',#2311,#2312);
#2311 = CARTESIAN_POINT('',(-0.625,23.75,0.));
#2312 = VECTOR('',#2313,1.);
#2313 = DIRECTION('',(1.,0.,-0.));
#2314 = PCURVE('',#44,#2315);
#2315 = DEFINITIONAL_REPRESENTATION('',(#2316),#2319);
#2316 = B_SPLINE_CURVE_WITH_KNOTS('',1,(#2317,#2318),.UNSPECIFIED.,.F.,
  .F.,(2,2),(-37.375,-11.375),.PIECEWISE_BEZIER_KNOTS.);
#2317 = CARTESIAN_POINT('',(-48.75,23.75));
#2318 = CARTESIAN_POINT('',(-22.75,23.75));
#2319 = ( GEOMETRIC_REPRESENTATION_CONTEXT(2) 
PARAMETRIC_REPRESENTATION_CONTEXT() REPRESENTATION_CONTEXT('2D SPACE',''
  ) );
#2320 = PCURVE('',#2321,#2326);
#2321 = PLANE('',#2322);
#2322 = AXIS2_PLACEMENT_3D('',#2323,#2324,#2325);
#2323 = CARTESIAN_POINT('',(-12.,23.75,-1.));
#2324 = DIRECTION('',(0.,-1.,0.));
#2325 = DIRECTION('',(-1.,0.,0.));
#2326 = DEFINITIONAL_REPRESENTATION('',(#2327),#2330);
#2327 = B_SPLINE_CURVE_WITH_KNOTS('',1,(#2328,#2329),.UNSPECIFIED.,.F.,
  .F.,(2,2),(-37.375,-11.375),.PIECEWISE_BEZIER_KNOTS.);
#2328 = CARTESIAN_POINT('',(26.,-1.));
#2329 = CARTESIAN_POINT('',(0.,-1.));
#2330 = ( GEOMETRIC_REPRESENTATION_CONTEXT(2) 
PARAMETRIC_REPRESENTATION_CONTEXT() REPRESENTATION_CONTEXT('2D SPACE',''
  ) );
#2331 = FACE_BOUND('',#2332,.F.);
#2332 = EDGE_LOOP('',(#2333));
#2333 = ORIENTED_EDGE('',*,*,#2334,.T.);
#2334 = EDGE_CURVE('',#2335,#2335,#2337,.T.);
#2335 = VERTEX_POINT('',#2336);
#2336 = CARTESIAN_POINT('',(2.05,15.,0.));
#2337 = SURFACE_CURVE('',#2338,(#2343,#2354),.PCURVE_S1.);
#2338 = CIRCLE('',#2339,1.3);
#2339 = AXIS2_PLACEMENT_3D('',#2340,#2341,#2342);
#2340 = CARTESIAN_POINT('',(0.75,15.,0.));
#2341 = DIRECTION('',(0.,0.,-1.));
#2342 = DIRECTION('',(1.,0.,0.));
#2343 = PCURVE('',#44,#2344);
#2344 = DEFINITIONAL_REPRESENTATION('',(#2345),#2353);
#2345 = ( BOUNDED_CURVE() B_SPLINE_CURVE(2,(#2346,#2347,#2348,#2349,
#2350,#2351,#2352),.UNSPECIFIED.,.T.,.F.) B_SPLINE_CURVE_WITH_KNOTS((1,2
    ,2,2,2,1),(-2.094395102393,0.,2.094395102393,4.188790204786,
6.28318530718,8.377580409573),.UNSPECIFIED.) CURVE() 
GEOMETRIC_REPRESENTATION_ITEM() RATIONAL_B_SPLINE_CURVE((1.,0.5,1.,0.5,
1.,0.5,1.)) REPRESENTATION_ITEM('') );
#2346 = CARTESIAN_POINT('',(-8.7,15.));
#2347 = CARTESIAN_POINT('',(-8.7,12.74833395016));
#2348 = CARTESIAN_POINT('',(-10.65,13.87416697508));
#2349 = CARTESIAN_POINT('',(-12.6,15.));
#2350 = CARTESIAN_POINT('',(-10.65,16.12583302492));
#2351 = CARTESIAN_POINT('',(-8.7,17.25166604984));
#2352 = CARTESIAN_POINT('',(-8.7,15.));
#2353 = ( GEOMETRIC_REPRESENTATION_CONTEXT(2) 
PARAMETRIC_REPRESENTATION_CONTEXT() REPRESENTATION_CONTEXT('2D SPACE',''
  ) );
#2354 = PCURVE('',#2355,#2360);
#2355 = CYLINDRICAL_SURFACE('',#2356,1.3);
#2356 = AXIS2_PLACEMENT_3D('',#2357,#2358,#2359);
#2357 = CARTESIAN_POINT('',(0.75,15.,-0.5));
#2358 = DIRECTION('',(-0.,-0.,-1.));
#2359 = DIRECTION('',(1.,0.,0.));
#2360 = DEFINITIONAL_REPRESENTATION('',(#2361),#2365);
#2361 = LINE('',#2362,#2363);
#2362 = CARTESIAN_POINT('',(-6.28318530718,-0.5));
#2363 = VECTOR('',#2364,1.);
#2364 = DIRECTION('',(1.,-0.));
#2365 = ( GEOMETRIC_REPRESENTATION_CONTEXT(2) 
PARAMETRIC_REPRESENTATION_CONTEXT() REPRESENTATION_CONTEXT('2D SPACE',''
  ) );
#2366 = FACE_BOUND('',#2367,.F.);
#2367 = EDGE_LOOP('',(#2368));
#2368 = ORIENTED_EDGE('',*,*,#2369,.T.);
#2369 = EDGE_CURVE('',#2370,#2370,#2372,.T.);
#2370 = VERTEX_POINT('',#2371);
#2371 = CARTESIAN_POINT('',(-7.95,20.,0.));
#2372 = SURFACE_CURVE('',#2373,(#2378,#2389),.PCURVE_S1.);
#2373 = CIRCLE('',#2374,1.3);
#2374 = AXIS2_PLACEMENT_3D('',#2375,#2376,#2377);
#2375 = CARTESIAN_POINT('',(-9.25,20.,0.));
#2376 = DIRECTION('',(0.,0.,-1.));
#2377 = DIRECTION('',(1.,0.,0.));
#2378 = PCURVE('',#44,#2379);
#2379 = DEFINITIONAL_REPRESENTATION('',(#2380),#2388);
#2380 = ( BOUNDED_CURVE() B_SPLINE_CURVE(2,(#2381,#2382,#2383,#2384,
#2385,#2386,#2387),.UNSPECIFIED.,.T.,.F.) B_SPLINE_CURVE_WITH_KNOTS((1,2
    ,2,2,2,1),(-2.094395102393,0.,2.094395102393,4.188790204786,
6.28318530718,8.377580409573),.UNSPECIFIED.) CURVE() 
GEOMETRIC_REPRESENTATION_ITEM() RATIONAL_B_SPLINE_CURVE((1.,0.5,1.,0.5,
1.,0.5,1.)) REPRESENTATION_ITEM('') );
#2381 = CARTESIAN_POINT('',(-18.7,20.));
#2382 = CARTESIAN_POINT('',(-18.7,17.74833395016));
#2383 = CARTESIAN_POINT('',(-20.65,18.87416697508));
#2384 = CARTESIAN_POINT('',(-22.6,20.));
#2385 = CARTESIAN_POINT('',(-20.65,21.12583302492));
#2386 = CARTESIAN_POINT('',(-18.7,22.25166604984));
#2387 = CARTESIAN_POINT('',(-18.7,20.));
#2388 = ( GEOMETRIC_REPRESENTATION_CONTEXT(2) 
PARAMETRIC_REPRESENTATION_CONTEXT() REPRESENTATION_CONTEXT('2D SPACE',''
  ) );
#2389 = PCURVE('',#2390,#2395);
#2390 = CYLINDRICAL_SURFACE('',#2391,1.3);
#2391 = AXIS2_PLACEMENT_3D('',#2392,#2393,#2394);
#2392 = CARTESIAN_POINT('',(-9.25,20.,-0.5));
#2393 = DIRECTION('',(-0.,-0.,-1.));
#2394 = DIRECTION('',(1.,0.,0.));
#2395 = DEFINITIONAL_REPRESENTATION('',(#2396),#2400);
#2396 = LINE('',#2397,#2398);
#2397 = CARTESIAN_POINT('',(-6.28318530718,-0.5));
#2398 = VECTOR('',#2399,1.);
#2399 = DIRECTION('',(1.,-0.));
#2400 = ( GEOMETRIC_REPRESENTATION_CONTEXT(2) 
PARAMETRIC_REPRESENTATION_CONTEXT() REPRESENTATION_CONTEXT('2D SPACE',''
  ) );
#2401 = FACE_BOUND('',#2402,.F.);
#2402 = EDGE_LOOP('',(#2403));
#2403 = ORIENTED_EDGE('',*,*,#2404,.T.);
#2404 = EDGE_CURVE('',#2405,#2405,#2407,.T.);
#2405 = VERTEX_POINT('',#2406);
#2406 = CARTESIAN_POINT('',(7.05,20.,0.));
#2407 = SURFACE_CURVE('',#2408,(#2413,#2424),.PCURVE_S1.);
#2408 = CIRCLE('',#2409,1.3);
#2409 = AXIS2_PLACEMENT_3D('',#2410,#2411,#2412);
#2410 = CARTESIAN_POINT('',(5.75,20.,0.));
#2411 = DIRECTION('',(0.,0.,-1.));
#2412 = DIRECTION('',(1.,0.,0.));
#2413 = PCURVE('',#44,#2414);
#2414 = DEFINITIONAL_REPRESENTATION('',(#2415),#2423);
#2415 = ( BOUNDED_CURVE() B_SPLINE_CURVE(2,(#2416,#2417,#2418,#2419,
#2420,#2421,#2422),.UNSPECIFIED.,.T.,.F.) B_SPLINE_CURVE_WITH_KNOTS((1,2
    ,2,2,2,1),(-2.094395102393,0.,2.094395102393,4.188790204786,
6.28318530718,8.377580409573),.UNSPECIFIED.) CURVE() 
GEOMETRIC_REPRESENTATION_ITEM() RATIONAL_B_SPLINE_CURVE((1.,0.5,1.,0.5,
1.,0.5,1.)) REPRESENTATION_ITEM('') );
#2416 = CARTESIAN_POINT('',(-3.7,20.));
#2417 = CARTESIAN_POINT('',(-3.7,17.74833395016));
#2418 = CARTESIAN_POINT('',(-5.65,18.87416697508));
#2419 = CARTESIAN_POINT('',(-7.6,20.));
#2420 = CARTESIAN_POINT('',(-5.65,21.12583302492));
#2421 = CARTESIAN_POINT('',(-3.7,22.25166604984));
#2422 = CARTESIAN_POINT('',(-3.7,20.));
#2423 = ( GEOMETRIC_REPRESENTATION_CONTEXT(2) 
PARAMETRIC_REPRESENTATION_CONTEXT() REPRESENTATION_CONTEXT('2D SPACE',''
  ) );
#2424 = PCURVE('',#2425,#2430);
#2425 = CYLINDRICAL_SURFACE('',#2426,1.3);
#2426 = AXIS2_PLACEMENT_3D('',#2427,#2428,#2429);
#2427 = CARTESIAN_POINT('',(5.75,20.,-0.5));
#2428 = DIRECTION('',(-0.,-0.,-1.));
#2429 = DIRECTION('',(1.,0.,0.));
#2430 = DEFINITIONAL_REPRESENTATION('',(#2431),#2435);
#2431 = LINE('',#2432,#2433);
#2432 = CARTESIAN_POINT('',(-6.28318530718,-0.5));
#2433 = VECTOR('',#2434,1.);
#2434 = DIRECTION('',(1.,-0.));
#2435 = ( GEOMETRIC_REPRESENTATION_CONTEXT(2) 
PARAMETRIC_REPRESENTATION_CONTEXT() REPRESENTATION_CONTEXT('2D SPACE',''
  ) );
#2436 = FACE_BOUND('',#2437,.F.);
#2437 = EDGE_LOOP('',(#2438));
#2438 = ORIENTED_EDGE('',*,*,#2439,.T.);
#2439 = EDGE_CURVE('',#2440,#2440,#2442,.T.);
#2440 = VERTEX_POINT('',#2441);
#2441 = CARTESIAN_POINT('',(7.05,25.,0.));
#2442 = SURFACE_CURVE('',#2443,(#2448,#2459),.PCURVE_S1.);
#2443 = CIRCLE('',#2444,1.3);
#2444 = AXIS2_PLACEMENT_3D('',#2445,#2446,#2447);
#2445 = CARTESIAN_POINT('',(5.75,25.,0.));
#2446 = DIRECTION('',(0.,0.,-1.));
#2447 = DIRECTION('',(1.,0.,0.));
#2448 = PCURVE('',#44,#2449);
#2449 = DEFINITIONAL_REPRESENTATION('',(#2450),#2458);
#2450 = ( BOUNDED_CURVE() B_SPLINE_CURVE(2,(#2451,#2452,#2453,#2454,
#2455,#2456,#2457),.UNSPECIFIED.,.T.,.F.) B_SPLINE_CURVE_WITH_KNOTS((1,2
    ,2,2,2,1),(-2.094395102393,0.,2.094395102393,4.188790204786,
6.28318530718,8.377580409573),.UNSPECIFIED.) CURVE() 
GEOMETRIC_REPRESENTATION_ITEM() RATIONAL_B_SPLINE_CURVE((1.,0.5,1.,0.5,
1.,0.5,1.)) REPRESENTATION_ITEM('') );
#2451 = CARTESIAN_POINT('',(-3.7,25.));
#2452 = CARTESIAN_POINT('',(-3.7,22.74833395016));
#2453 = CARTESIAN_POINT('',(-5.65,23.87416697508));
#2454 = CARTESIAN_POINT('',(-7.6,25.));
#2455 = CARTESIAN_POINT('',(-5.65,26.12583302492));
#2456 = CARTESIAN_POINT('',(-3.7,27.25166604984));
#2457 = CARTESIAN_POINT('',(-3.7,25.));
#2458 = ( GEOMETRIC_REPRESENTATION_CONTEXT(2) 
PARAMETRIC_REPRESENTATION_CONTEXT() REPRESENTATION_CONTEXT('2D SPACE',''
  ) );
#2459 = PCURVE('',#2460,#2465);
#2460 = CYLINDRICAL_SURFACE('',#2461,1.3);
#2461 = AXIS2_PLACEMENT_3D('',#2462,#2463,#2464);
#2462 = CARTESIAN_POINT('',(5.75,25.,-0.5));
#2463 = DIRECTION('',(-0.,-0.,-1.));
#2464 = DIRECTION('',(1.,0.,0.));
#2465 = DEFINITIONAL_REPRESENTATION('',(#2466),#2470);
#2466 = LINE('',#2467,#2468);
#2467 = CARTESIAN_POINT('',(-6.28318530718,-0.5));
#2468 = VECTOR('',#2469,1.);
#2469 = DIRECTION('',(1.,-0.));
#2470 = ( GEOMETRIC_REPRESENTATION_CONTEXT(2) 
PARAMETRIC_REPRESENTATION_CONTEXT() REPRESENTATION_CONTEXT('2D SPACE',''
  ) );
#2471 = FACE_BOUND('',#2472,.F.);
#2472 = EDGE_LOOP('',(#2473,#2501,#2527,#2553));
#2473 = ORIENTED_EDGE('',*,*,#2474,.T.);
#2474 = EDGE_CURVE('',#2475,#2477,#2479,.T.);
#2475 = VERTEX_POINT('',#2476);
#2476 = CARTESIAN_POINT('',(9.75,12.15,0.));
#2477 = VERTEX_POINT('',#2478);
#2478 = CARTESIAN_POINT('',(30.25,12.15,0.));
#2479 = SURFACE_CURVE('',#2480,(#2484,#2490),.PCURVE_S1.);
#2480 = LINE('',#2481,#2482);
#2481 = CARTESIAN_POINT('',(20.5,12.15,0.));
#2482 = VECTOR('',#2483,1.);
#2483 = DIRECTION('',(1.,0.,-0.));
#2484 = PCURVE('',#44,#2485);
#2485 = DEFINITIONAL_REPRESENTATION('',(#2486),#2489);
#2486 = B_SPLINE_CURVE_WITH_KNOTS('',1,(#2487,#2488),.UNSPECIFIED.,.F.,
  .F.,(2,2),(-10.75,9.75),.PIECEWISE_BEZIER_KNOTS.);
#2487 = CARTESIAN_POINT('',(-1.,12.15));
#2488 = CARTESIAN_POINT('',(19.5,12.15));
#2489 = ( GEOMETRIC_REPRESENTATION_CONTEXT(2) 
PARAMETRIC_REPRESENTATION_CONTEXT() REPRESENTATION_CONTEXT('2D SPACE',''
  ) );
#2490 = PCURVE('',#2491,#2496);
#2491 = PLANE('',#2492);
#2492 = AXIS2_PLACEMENT_3D('',#2493,#2494,#2495);
#2493 = CARTESIAN_POINT('',(30.25,12.15,-0.5));
#2494 = DIRECTION('',(0.,-1.,0.));
#2495 = DIRECTION('',(-1.,0.,0.));
#2496 = DEFINITIONAL_REPRESENTATION('',(#2497),#2500);
#2497 = B_SPLINE_CURVE_WITH_KNOTS('',1,(#2498,#2499),.UNSPECIFIED.,.F.,
  .F.,(2,2),(-10.75,9.75),.PIECEWISE_BEZIER_KNOTS.);
#2498 = CARTESIAN_POINT('',(20.5,-0.5));
#2499 = CARTESIAN_POINT('',(0.,-0.5));
#2500 = ( GEOMETRIC_REPRESENTATION_CONTEXT(2) 
PARAMETRIC_REPRESENTATION_CONTEXT() REPRESENTATION_CONTEXT('2D SPACE',''
  ) );
#2501 = ORIENTED_EDGE('',*,*,#2502,.T.);
#2502 = EDGE_CURVE('',#2477,#2503,#2505,.T.);
#2503 = VERTEX_POINT('',#2504);
#2504 = CARTESIAN_POINT('',(30.25,-12.15,0.));
#2505 = SURFACE_CURVE('',#2506,(#2510,#2516),.PCURVE_S1.);
#2506 = LINE('',#2507,#2508);
#2507 = CARTESIAN_POINT('',(30.25,-6.075,0.));
#2508 = VECTOR('',#2509,1.);
#2509 = DIRECTION('',(0.,-1.,0.));
#2510 = PCURVE('',#44,#2511);
#2511 = DEFINITIONAL_REPRESENTATION('',(#2512),#2515);
#2512 = B_SPLINE_CURVE_WITH_KNOTS('',1,(#2513,#2514),.UNSPECIFIED.,.F.,
  .F.,(2,2),(-18.225,6.075),.PIECEWISE_BEZIER_KNOTS.);
#2513 = CARTESIAN_POINT('',(19.5,12.15));
#2514 = CARTESIAN_POINT('',(19.5,-12.15));
#2515 = ( GEOMETRIC_REPRESENTATION_CONTEXT(2) 
PARAMETRIC_REPRESENTATION_CONTEXT() REPRESENTATION_CONTEXT('2D SPACE',''
  ) );
#2516 = PCURVE('',#2517,#2522);
#2517 = PLANE('',#2518);
#2518 = AXIS2_PLACEMENT_3D('',#2519,#2520,#2521);
#2519 = CARTESIAN_POINT('',(30.25,-12.15,-0.5));
#2520 = DIRECTION('',(-1.,0.,0.));
#2521 = DIRECTION('',(0.,1.,0.));
#2522 = DEFINITIONAL_REPRESENTATION('',(#2523),#2526);
#2523 = B_SPLINE_CURVE_WITH_KNOTS('',1,(#2524,#2525),.UNSPECIFIED.,.F.,
  .F.,(2,2),(-18.225,6.075),.PIECEWISE_BEZIER_KNOTS.);
#2524 = CARTESIAN_POINT('',(24.3,-0.5));
#2525 = CARTESIAN_POINT('',(0.,-0.5));
#2526 = ( GEOMETRIC_REPRESENTATION_CONTEXT(2) 
PARAMETRIC_REPRESENTATION_CONTEXT() REPRESENTATION_CONTEXT('2D SPACE',''
  ) );
#2527 = ORIENTED_EDGE('',*,*,#2528,.T.);
#2528 = EDGE_CURVE('',#2503,#2529,#2531,.T.);
#2529 = VERTEX_POINT('',#2530);
#2530 = CARTESIAN_POINT('',(9.75,-12.15,0.));
#2531 = SURFACE_CURVE('',#2532,(#2536,#2542),.PCURVE_S1.);
#2532 = LINE('',#2533,#2534);
#2533 = CARTESIAN_POINT('',(10.25,-12.15,0.));
#2534 = VECTOR('',#2535,1.);
#2535 = DIRECTION('',(-1.,0.,0.));
#2536 = PCURVE('',#44,#2537);
#2537 = DEFINITIONAL_REPRESENTATION('',(#2538),#2541);
#2538 = B_SPLINE_CURVE_WITH_KNOTS('',1,(#2539,#2540),.UNSPECIFIED.,.F.,
  .F.,(2,2),(-20.,0.5),.PIECEWISE_BEZIER_KNOTS.);
#2539 = CARTESIAN_POINT('',(19.5,-12.15));
#2540 = CARTESIAN_POINT('',(-1.,-12.15));
#2541 = ( GEOMETRIC_REPRESENTATION_CONTEXT(2) 
PARAMETRIC_REPRESENTATION_CONTEXT() REPRESENTATION_CONTEXT('2D SPACE',''
  ) );
#2542 = PCURVE('',#2543,#2548);
#2543 = PLANE('',#2544);
#2544 = AXIS2_PLACEMENT_3D('',#2545,#2546,#2547);
#2545 = CARTESIAN_POINT('',(9.75,-12.15,-0.5));
#2546 = DIRECTION('',(0.,1.,0.));
#2547 = DIRECTION('',(1.,0.,0.));
#2548 = DEFINITIONAL_REPRESENTATION('',(#2549),#2552);
#2549 = B_SPLINE_CURVE_WITH_KNOTS('',1,(#2550,#2551),.UNSPECIFIED.,.F.,
  .F.,(2,2),(-20.,0.5),.PIECEWISE_BEZIER_KNOTS.);
#2550 = CARTESIAN_POINT('',(20.5,-0.5));
#2551 = CARTESIAN_POINT('',(0.,-0.5));
#2552 = ( GEOMETRIC_REPRESENTATION_CONTEXT(2) 
PARAMETRIC_REPRESENTATION_CONTEXT() REPRESENTATION_CONTEXT('2D SPACE',''
  ) );
#2553 = ORIENTED_EDGE('',*,*,#2554,.T.);
#2554 = EDGE_CURVE('',#2529,#2475,#2555,.T.);
#2555 = SURFACE_CURVE('',#2556,(#2560,#2566),.PCURVE_S1.);
#2556 = LINE('',#2557,#2558);
#2557 = CARTESIAN_POINT('',(9.75,6.075,0.));
#2558 = VECTOR('',#2559,1.);
#2559 = DIRECTION('',(-0.,1.,0.));
#2560 = PCURVE('',#44,#2561);
#2561 = DEFINITIONAL_REPRESENTATION('',(#2562),#2565);
#2562 = B_SPLINE_CURVE_WITH_KNOTS('',1,(#2563,#2564),.UNSPECIFIED.,.F.,
  .F.,(2,2),(-18.225,6.075),.PIECEWISE_BEZIER_KNOTS.);
#2563 = CARTESIAN_POINT('',(-1.,-12.15));
#2564 = CARTESIAN_POINT('',(-1.,12.15));
#2565 = ( GEOMETRIC_REPRESENTATION_CONTEXT(2) 
PARAMETRIC_REPRESENTATION_CONTEXT() REPRESENTATION_CONTEXT('2D SPACE',''
  ) );
#2566 = PCURVE('',#2567,#2572);
#2567 = PLANE('',#2568);
#2568 = AXIS2_PLACEMENT_3D('',#2569,#2570,#2571);
#2569 = CARTESIAN_POINT('',(9.75,12.15,-0.5));
#2570 = DIRECTION('',(1.,0.,-0.));
#2571 = DIRECTION('',(0.,-1.,0.));
#2572 = DEFINITIONAL_REPRESENTATION('',(#2573),#2576);
#2573 = B_SPLINE_CURVE_WITH_KNOTS('',1,(#2574,#2575),.UNSPECIFIED.,.F.,
  .F.,(2,2),(-18.225,6.075),.PIECEWISE_BEZIER_KNOTS.);
#2574 = CARTESIAN_POINT('',(24.3,-0.5));
#2575 = CARTESIAN_POINT('',(0.,-0.5));
#2576 = ( GEOMETRIC_REPRESENTATION_CONTEXT(2) 
PARAMETRIC_REPRESENTATION_CONTEXT() REPRESENTATION_CONTEXT('2D SPACE',''
  ) );
#2577 = FACE_BOUND('',#2578,.F.);
#2578 = EDGE_LOOP('',(#2579));
#2579 = ORIENTED_EDGE('',*,*,#2580,.T.);
#2580 = EDGE_CURVE('',#2581,#2581,#2583,.T.);
#2581 = VERTEX_POINT('',#2582);
#2582 = CARTESIAN_POINT('',(42.05,0.,0.));
#2583 = SURFACE_CURVE('',#2584,(#2589,#2600),.PCURVE_S1.);
#2584 = CIRCLE('',#2585,1.3);
#2585 = AXIS2_PLACEMENT_3D('',#2586,#2587,#2588);
#2586 = CARTESIAN_POINT('',(40.75,0.,0.));
#2587 = DIRECTION('',(0.,0.,-1.));
#2588 = DIRECTION('',(1.,0.,0.));
#2589 = PCURVE('',#44,#2590);
#2590 = DEFINITIONAL_REPRESENTATION('',(#2591),#2599);
#2591 = ( BOUNDED_CURVE() B_SPLINE_CURVE(2,(#2592,#2593,#2594,#2595,
#2596,#2597,#2598),.UNSPECIFIED.,.T.,.F.) B_SPLINE_CURVE_WITH_KNOTS((1,2
    ,2,2,2,1),(-2.094395102393,0.,2.094395102393,4.188790204786,
6.28318530718,8.377580409573),.UNSPECIFIED.) CURVE() 
GEOMETRIC_REPRESENTATION_ITEM() RATIONAL_B_SPLINE_CURVE((1.,0.5,1.,0.5,
1.,0.5,1.)) REPRESENTATION_ITEM('') );
#2592 = CARTESIAN_POINT('',(31.3,0.));
#2593 = CARTESIAN_POINT('',(31.3,-2.25166604984));
#2594 = CARTESIAN_POINT('',(29.35,-1.12583302492));
#2595 = CARTESIAN_POINT('',(27.4,-3.184081677783E-16));
#2596 = CARTESIAN_POINT('',(29.35,1.12583302492));
#2597 = CARTESIAN_POINT('',(31.3,2.25166604984));
#2598 = CARTESIAN_POINT('',(31.3,0.));
#2599 = ( GEOMETRIC_REPRESENTATION_CONTEXT(2) 
PARAMETRIC_REPRESENTATION_CONTEXT() REPRESENTATION_CONTEXT('2D SPACE',''
  ) );
#2600 = PCURVE('',#2601,#2606);
#2601 = CYLINDRICAL_SURFACE('',#2602,1.3);
#2602 = AXIS2_PLACEMENT_3D('',#2603,#2604,#2605);
#2603 = CARTESIAN_POINT('',(40.75,0.,-0.5));
#2604 = DIRECTION('',(-0.,-0.,-1.));
#2605 = DIRECTION('',(1.,0.,0.));
#2606 = DEFINITIONAL_REPRESENTATION('',(#2607),#2611);
#2607 = LINE('',#2608,#2609);
#2608 = CARTESIAN_POINT('',(-6.28318530718,-0.5));
#2609 = VECTOR('',#2610,1.);
#2610 = DIRECTION('',(1.,-0.));
#2611 = ( GEOMETRIC_REPRESENTATION_CONTEXT(2) 
PARAMETRIC_REPRESENTATION_CONTEXT() REPRESENTATION_CONTEXT('2D SPACE',''
  ) );
#2612 = FACE_BOUND('',#2613,.F.);
#2613 = EDGE_LOOP('',(#2614));
#2614 = ORIENTED_EDGE('',*,*,#2615,.T.);
#2615 = EDGE_CURVE('',#2616,#2616,#2618,.T.);
#2616 = VERTEX_POINT('',#2617);
#2617 = CARTESIAN_POINT('',(42.05,5.,0.));
#2618 = SURFACE_CURVE('',#2619,(#2624,#2635),.PCURVE_S1.);
#2619 = CIRCLE('',#2620,1.3);
#2620 = AXIS2_PLACEMENT_3D('',#2621,#2622,#2623);
#2621 = CARTESIAN_POINT('',(40.75,5.,0.));
#2622 = DIRECTION('',(0.,0.,-1.));
#2623 = DIRECTION('',(1.,0.,0.));
#2624 = PCURVE('',#44,#2625);
#2625 = DEFINITIONAL_REPRESENTATION('',(#2626),#2634);
#2626 = ( BOUNDED_CURVE() B_SPLINE_CURVE(2,(#2627,#2628,#2629,#2630,
#2631,#2632,#2633),.UNSPECIFIED.,.T.,.F.) B_SPLINE_CURVE_WITH_KNOTS((1,2
    ,2,2,2,1),(-2.094395102393,0.,2.094395102393,4.188790204786,
6.28318530718,8.377580409573),.UNSPECIFIED.) CURVE() 
GEOMETRIC_REPRESENTATION_ITEM() RATIONAL_B_SPLINE_CURVE((1.,0.5,1.,0.5,
1.,0.5,1.)) REPRESENTATION_ITEM('') );
#2627 = CARTESIAN_POINT('',(31.3,5.));
#2628 = CARTESIAN_POINT('',(31.3,2.74833395016));
#2629 = CARTESIAN_POINT('',(29.35,3.87416697508));
#2630 = CARTESIAN_POINT('',(27.4,5.));
#2631 = CARTESIAN_POINT('',(29.35,6.12583302492));
#2632 = CARTESIAN_POINT('',(31.3,7.25166604984));
#2633 = CARTESIAN_POINT('',(31.3,5.));
#2634 = ( GEOMETRIC_REPRESENTATION_CONTEXT(2) 
PARAMETRIC_REPRESENTATION_CONTEXT() REPRESENTATION_CONTEXT('2D SPACE',''
  ) );
#2635 = PCURVE('',#2636,#2641);
#2636 = CYLINDRICAL_SURFACE('',#2637,1.3);
#2637 = AXIS2_PLACEMENT_3D('',#2638,#2639,#2640);
#2638 = CARTESIAN_POINT('',(40.75,5.,-0.5));
#2639 = DIRECTION('',(-0.,-0.,-1.));
#2640 = DIRECTION('',(1.,0.,0.));
#2641 = DEFINITIONAL_REPRESENTATION('',(#2642),#2646);
#2642 = LINE('',#2643,#2644);
#2643 = CARTESIAN_POINT('',(-6.28318530718,-0.5));
#2644 = VECTOR('',#2645,1.);
#2645 = DIRECTION('',(1.,-0.));
#2646 = ( GEOMETRIC_REPRESENTATION_CONTEXT(2) 
PARAMETRIC_REPRESENTATION_CONTEXT() REPRESENTATION_CONTEXT('2D SPACE',''
  ) );
#2647 = FACE_BOUND('',#2648,.F.);
#2648 = EDGE_LOOP('',(#2649));
#2649 = ORIENTED_EDGE('',*,*,#2650,.T.);
#2650 = EDGE_CURVE('',#2651,#2651,#2653,.T.);
#2651 = VERTEX_POINT('',#2652);
#2652 = CARTESIAN_POINT('',(47.05,0.,0.));
#2653 = SURFACE_CURVE('',#2654,(#2659,#2670),.PCURVE_S1.);
#2654 = CIRCLE('',#2655,1.3);
#2655 = AXIS2_PLACEMENT_3D('',#2656,#2657,#2658);
#2656 = CARTESIAN_POINT('',(45.75,0.,0.));
#2657 = DIRECTION('',(0.,0.,-1.));
#2658 = DIRECTION('',(1.,0.,0.));
#2659 = PCURVE('',#44,#2660);
#2660 = DEFINITIONAL_REPRESENTATION('',(#2661),#2669);
#2661 = ( BOUNDED_CURVE() B_SPLINE_CURVE(2,(#2662,#2663,#2664,#2665,
#2666,#2667,#2668),.UNSPECIFIED.,.T.,.F.) B_SPLINE_CURVE_WITH_KNOTS((1,2
    ,2,2,2,1),(-2.094395102393,0.,2.094395102393,4.188790204786,
6.28318530718,8.377580409573),.UNSPECIFIED.) CURVE() 
GEOMETRIC_REPRESENTATION_ITEM() RATIONAL_B_SPLINE_CURVE((1.,0.5,1.,0.5,
1.,0.5,1.)) REPRESENTATION_ITEM('') );
#2662 = CARTESIAN_POINT('',(36.3,0.));
#2663 = CARTESIAN_POINT('',(36.3,-2.25166604984));
#2664 = CARTESIAN_POINT('',(34.35,-1.12583302492));
#2665 = CARTESIAN_POINT('',(32.4,-3.184081677783E-16));
#2666 = CARTESIAN_POINT('',(34.35,1.12583302492));
#2667 = CARTESIAN_POINT('',(36.3,2.25166604984));
#2668 = CARTESIAN_POINT('',(36.3,0.));
#2669 = ( GEOMETRIC_REPRESENTATION_CONTEXT(2) 
PARAMETRIC_REPRESENTATION_CONTEXT() REPRESENTATION_CONTEXT('2D SPACE',''
  ) );
#2670 = PCURVE('',#2671,#2676);
#2671 = CYLINDRICAL_SURFACE('',#2672,1.3);
#2672 = AXIS2_PLACEMENT_3D('',#2673,#2674,#2675);
#2673 = CARTESIAN_POINT('',(45.75,0.,-0.5));
#2674 = DIRECTION('',(-0.,-0.,-1.));
#2675 = DIRECTION('',(1.,0.,0.));
#2676 = DEFINITIONAL_REPRESENTATION('',(#2677),#2681);
#2677 = LINE('',#2678,#2679);
#2678 = CARTESIAN_POINT('',(-6.28318530718,-0.5));
#2679 = VECTOR('',#2680,1.);
#2680 = DIRECTION('',(1.,-0.));
#2681 = ( GEOMETRIC_REPRESENTATION_CONTEXT(2) 
PARAMETRIC_REPRESENTATION_CONTEXT() REPRESENTATION_CONTEXT('2D SPACE',''
  ) );
#2682 = FACE_BOUND('',#2683,.F.);
#2683 = EDGE_LOOP('',(#2684));
#2684 = ORIENTED_EDGE('',*,*,#2685,.T.);
#2685 = EDGE_CURVE('',#2686,#2686,#2688,.T.);
#2686 = VERTEX_POINT('',#2687);
#2687 = CARTESIAN_POINT('',(42.05,10.,0.));
#2688 = SURFACE_CURVE('',#2689,(#2694,#2705),.PCURVE_S1.);
#2689 = CIRCLE('',#2690,1.3);
#2690 = AXIS2_PLACEMENT_3D('',#2691,#2692,#2693);
#2691 = CARTESIAN_POINT('',(40.75,10.,0.));
#2692 = DIRECTION('',(0.,0.,-1.));
#2693 = DIRECTION('',(1.,0.,0.));
#2694 = PCURVE('',#44,#2695);
#2695 = DEFINITIONAL_REPRESENTATION('',(#2696),#2704);
#2696 = ( BOUNDED_CURVE() B_SPLINE_CURVE(2,(#2697,#2698,#2699,#2700,
#2701,#2702,#2703),.UNSPECIFIED.,.T.,.F.) B_SPLINE_CURVE_WITH_KNOTS((1,2
    ,2,2,2,1),(-2.094395102393,0.,2.094395102393,4.188790204786,
6.28318530718,8.377580409573),.UNSPECIFIED.) CURVE() 
GEOMETRIC_REPRESENTATION_ITEM() RATIONAL_B_SPLINE_CURVE((1.,0.5,1.,0.5,
1.,0.5,1.)) REPRESENTATION_ITEM('') );
#2697 = CARTESIAN_POINT('',(31.3,10.));
#2698 = CARTESIAN_POINT('',(31.3,7.74833395016));
#2699 = CARTESIAN_POINT('',(29.35,8.87416697508));
#2700 = CARTESIAN_POINT('',(27.4,10.));
#2701 = CARTESIAN_POINT('',(29.35,11.12583302492));
#2702 = CARTESIAN_POINT('',(31.3,12.25166604984));
#2703 = CARTESIAN_POINT('',(31.3,10.));
#2704 = ( GEOMETRIC_REPRESENTATION_CONTEXT(2) 
PARAMETRIC_REPRESENTATION_CONTEXT() REPRESENTATION_CONTEXT('2D SPACE',''
  ) );
#2705 = PCURVE('',#2706,#2711);
#2706 = CYLINDRICAL_SURFACE('',#2707,1.3);
#2707 = AXIS2_PLACEMENT_3D('',#2708,#2709,#2710);
#2708 = CARTESIAN_POINT('',(40.75,10.,-0.5));
#2709 = DIRECTION('',(-0.,-0.,-1.));
#2710 = DIRECTION('',(1.,0.,0.));
#2711 = DEFINITIONAL_REPRESENTATION('',(#2712),#2716);
#2712 = LINE('',#2713,#2714);
#2713 = CARTESIAN_POINT('',(-6.28318530718,-0.5));
#2714 = VECTOR('',#2715,1.);
#2715 = DIRECTION('',(1.,-0.));
#2716 = ( GEOMETRIC_REPRESENTATION_CONTEXT(2) 
PARAMETRIC_REPRESENTATION_CONTEXT() REPRESENTATION_CONTEXT('2D SPACE',''
  ) );
#2717 = FACE_BOUND('',#2718,.F.);
#2718 = EDGE_LOOP('',(#2719));
#2719 = ORIENTED_EDGE('',*,*,#2720,.T.);
#2720 = EDGE_CURVE('',#2721,#2721,#2723,.T.);
#2721 = VERTEX_POINT('',#2722);
#2722 = CARTESIAN_POINT('',(47.05,10.,0.));
#2723 = SURFACE_CURVE('',#2724,(#2729,#2740),.PCURVE_S1.);
#2724 = CIRCLE('',#2725,1.3);
#2725 = AXIS2_PLACEMENT_3D('',#2726,#2727,#2728);
#2726 = CARTESIAN_POINT('',(45.75,10.,0.));
#2727 = DIRECTION('',(0.,0.,-1.));
#2728 = DIRECTION('',(1.,0.,0.));
#2729 = PCURVE('',#44,#2730);
#2730 = DEFINITIONAL_REPRESENTATION('',(#2731),#2739);
#2731 = ( BOUNDED_CURVE() B_SPLINE_CURVE(2,(#2732,#2733,#2734,#2735,
#2736,#2737,#2738),.UNSPECIFIED.,.T.,.F.) B_SPLINE_CURVE_WITH_KNOTS((1,2
    ,2,2,2,1),(-2.094395102393,0.,2.094395102393,4.188790204786,
6.28318530718,8.377580409573),.UNSPECIFIED.) CURVE() 
GEOMETRIC_REPRESENTATION_ITEM() RATIONAL_B_SPLINE_CURVE((1.,0.5,1.,0.5,
1.,0.5,1.)) REPRESENTATION_ITEM('') );
#2732 = CARTESIAN_POINT('',(36.3,10.));
#2733 = CARTESIAN_POINT('',(36.3,7.74833395016));
#2734 = CARTESIAN_POINT('',(34.35,8.87416697508));
#2735 = CARTESIAN_POINT('',(32.4,10.));
#2736 = CARTESIAN_POINT('',(34.35,11.12583302492));
#2737 = CARTESIAN_POINT('',(36.3,12.25166604984));
#2738 = CARTESIAN_POINT('',(36.3,10.));
#2739 = ( GEOMETRIC_REPRESENTATION_CONTEXT(2) 
PARAMETRIC_REPRESENTATION_CONTEXT() REPRESENTATION_CONTEXT('2D SPACE',''
  ) );
#2740 = PCURVE('',#2741,#2746);
#2741 = CYLINDRICAL_SURFACE('',#2742,1.3);
#2742 = AXIS2_PLACEMENT_3D('',#2743,#2744,#2745);
#2743 = CARTESIAN_POINT('',(45.75,10.,-0.5));
#2744 = DIRECTION('',(-0.,-0.,-1.));
#2745 = DIRECTION('',(1.,0.,0.));
#2746 = DEFINITIONAL_REPRESENTATION('',(#2747),#2751);
#2747 = LINE('',#2748,#2749);
#2748 = CARTESIAN_POINT('',(-6.28318530718,-0.5));
#2749 = VECTOR('',#2750,1.);
#2750 = DIRECTION('',(1.,-0.));
#2751 = ( GEOMETRIC_REPRESENTATION_CONTEXT(2) 
PARAMETRIC_REPRESENTATION_CONTEXT() REPRESENTATION_CONTEXT('2D SPACE',''
  ) );
#2752 = FACE_BOUND('',#2753,.F.);
#2753 = EDGE_LOOP('',(#2754));
#2754 = ORIENTED_EDGE('',*,*,#2755,.T.);
#2755 = EDGE_CURVE('',#2756,#2756,#2758,.T.);
#2756 = VERTEX_POINT('',#2757);
#2757 = CARTESIAN_POINT('',(12.05,20.,0.));
#2758 = SURFACE_CURVE('',#2759,(#2764,#2775),.PCURVE_S1.);
#2759 = CIRCLE('',#2760,1.3);
#2760 = AXIS2_PLACEMENT_3D('',#2761,#2762,#2763);
#2761 = CARTESIAN_POINT('',(10.75,20.,0.));
#2762 = DIRECTION('',(0.,0.,-1.));
#2763 = DIRECTION('',(1.,0.,0.));
#2764 = PCURVE('',#44,#2765);
#2765 = DEFINITIONAL_REPRESENTATION('',(#2766),#2774);
#2766 = ( BOUNDED_CURVE() B_SPLINE_CURVE(2,(#2767,#2768,#2769,#2770,
#2771,#2772,#2773),.UNSPECIFIED.,.T.,.F.) B_SPLINE_CURVE_WITH_KNOTS((1,2
    ,2,2,2,1),(-2.094395102393,0.,2.094395102393,4.188790204786,
6.28318530718,8.377580409573),.UNSPECIFIED.) CURVE() 
GEOMETRIC_REPRESENTATION_ITEM() RATIONAL_B_SPLINE_CURVE((1.,0.5,1.,0.5,
1.,0.5,1.)) REPRESENTATION_ITEM('') );
#2767 = CARTESIAN_POINT('',(1.3,20.));
#2768 = CARTESIAN_POINT('',(1.3,17.74833395016));
#2769 = CARTESIAN_POINT('',(-0.65,18.87416697508));
#2770 = CARTESIAN_POINT('',(-2.6,20.));
#2771 = CARTESIAN_POINT('',(-0.65,21.12583302492));
#2772 = CARTESIAN_POINT('',(1.3,22.25166604984));
#2773 = CARTESIAN_POINT('',(1.3,20.));
#2774 = ( GEOMETRIC_REPRESENTATION_CONTEXT(2) 
PARAMETRIC_REPRESENTATION_CONTEXT() REPRESENTATION_CONTEXT('2D SPACE',''
  ) );
#2775 = PCURVE('',#2776,#2781);
#2776 = CYLINDRICAL_SURFACE('',#2777,1.3);
#2777 = AXIS2_PLACEMENT_3D('',#2778,#2779,#2780);
#2778 = CARTESIAN_POINT('',(10.75,20.,-0.5));
#2779 = DIRECTION('',(-0.,-0.,-1.));
#2780 = DIRECTION('',(1.,0.,0.));
#2781 = DEFINITIONAL_REPRESENTATION('',(#2782),#2786);
#2782 = LINE('',#2783,#2784);
#2783 = CARTESIAN_POINT('',(-6.28318530718,-0.5));
#2784 = VECTOR('',#2785,1.);
#2785 = DIRECTION('',(1.,-0.));
#2786 = ( GEOMETRIC_REPRESENTATION_CONTEXT(2) 
PARAMETRIC_REPRESENTATION_CONTEXT() REPRESENTATION_CONTEXT('2D SPACE',''
  ) );
#2787 = FACE_BOUND('',#2788,.F.);
#2788 = EDGE_LOOP('',(#2789));
#2789 = ORIENTED_EDGE('',*,*,#2790,.T.);
#2790 = EDGE_CURVE('',#2791,#2791,#2793,.T.);
#2791 = VERTEX_POINT('',#2792);
#2792 = CARTESIAN_POINT('',(17.05,20.,0.));
#2793 = SURFACE_CURVE('',#2794,(#2799,#2810),.PCURVE_S1.);
#2794 = CIRCLE('',#2795,1.3);
#2795 = AXIS2_PLACEMENT_3D('',#2796,#2797,#2798);
#2796 = CARTESIAN_POINT('',(15.75,20.,0.));
#2797 = DIRECTION('',(0.,0.,-1.));
#2798 = DIRECTION('',(1.,0.,0.));
#2799 = PCURVE('',#44,#2800);
#2800 = DEFINITIONAL_REPRESENTATION('',(#2801),#2809);
#2801 = ( BOUNDED_CURVE() B_SPLINE_CURVE(2,(#2802,#2803,#2804,#2805,
#2806,#2807,#2808),.UNSPECIFIED.,.T.,.F.) B_SPLINE_CURVE_WITH_KNOTS((1,2
    ,2,2,2,1),(-2.094395102393,0.,2.094395102393,4.188790204786,
6.28318530718,8.377580409573),.UNSPECIFIED.) CURVE() 
GEOMETRIC_REPRESENTATION_ITEM() RATIONAL_B_SPLINE_CURVE((1.,0.5,1.,0.5,
1.,0.5,1.)) REPRESENTATION_ITEM('') );
#2802 = CARTESIAN_POINT('',(6.3,20.));
#2803 = CARTESIAN_POINT('',(6.3,17.74833395016));
#2804 = CARTESIAN_POINT('',(4.35,18.87416697508));
#2805 = CARTESIAN_POINT('',(2.4,20.));
#2806 = CARTESIAN_POINT('',(4.35,21.12583302492));
#2807 = CARTESIAN_POINT('',(6.3,22.25166604984));
#2808 = CARTESIAN_POINT('',(6.3,20.));
#2809 = ( GEOMETRIC_REPRESENTATION_CONTEXT(2) 
PARAMETRIC_REPRESENTATION_CONTEXT() REPRESENTATION_CONTEXT('2D SPACE',''
  ) );
#2810 = PCURVE('',#2811,#2816);
#2811 = CYLINDRICAL_SURFACE('',#2812,1.3);
#2812 = AXIS2_PLACEMENT_3D('',#2813,#2814,#2815);
#2813 = CARTESIAN_POINT('',(15.75,20.,-0.5));
#2814 = DIRECTION('',(-0.,-0.,-1.));
#2815 = DIRECTION('',(1.,0.,0.));
#2816 = DEFINITIONAL_REPRESENTATION('',(#2817),#2821);
#2817 = LINE('',#2818,#2819);
#2818 = CARTESIAN_POINT('',(-6.28318530718,-0.5));
#2819 = VECTOR('',#2820,1.);
#2820 = DIRECTION('',(1.,-0.));
#2821 = ( GEOMETRIC_REPRESENTATION_CONTEXT(2) 
PARAMETRIC_REPRESENTATION_CONTEXT() REPRESENTATION_CONTEXT('2D SPACE',''
  ) );
#2822 = FACE_BOUND('',#2823,.F.);
#2823 = EDGE_LOOP('',(#2824));
#2824 = ORIENTED_EDGE('',*,*,#2825,.T.);
#2825 = EDGE_CURVE('',#2826,#2826,#2828,.T.);
#2826 = VERTEX_POINT('',#2827);
#2827 = CARTESIAN_POINT('',(22.05,20.,0.));
#2828 = SURFACE_CURVE('',#2829,(#2834,#2845),.PCURVE_S1.);
#2829 = CIRCLE('',#2830,1.3);
#2830 = AXIS2_PLACEMENT_3D('',#2831,#2832,#2833);
#2831 = CARTESIAN_POINT('',(20.75,20.,0.));
#2832 = DIRECTION('',(0.,0.,-1.));
#2833 = DIRECTION('',(1.,0.,0.));
#2834 = PCURVE('',#44,#2835);
#2835 = DEFINITIONAL_REPRESENTATION('',(#2836),#2844);
#2836 = ( BOUNDED_CURVE() B_SPLINE_CURVE(2,(#2837,#2838,#2839,#2840,
#2841,#2842,#2843),.UNSPECIFIED.,.T.,.F.) B_SPLINE_CURVE_WITH_KNOTS((1,2
    ,2,2,2,1),(-2.094395102393,0.,2.094395102393,4.188790204786,
6.28318530718,8.377580409573),.UNSPECIFIED.) CURVE() 
GEOMETRIC_REPRESENTATION_ITEM() RATIONAL_B_SPLINE_CURVE((1.,0.5,1.,0.5,
1.,0.5,1.)) REPRESENTATION_ITEM('') );
#2837 = CARTESIAN_POINT('',(11.3,20.));
#2838 = CARTESIAN_POINT('',(11.3,17.74833395016));
#2839 = CARTESIAN_POINT('',(9.35,18.87416697508));
#2840 = CARTESIAN_POINT('',(7.4,20.));
#2841 = CARTESIAN_POINT('',(9.35,21.12583302492));
#2842 = CARTESIAN_POINT('',(11.3,22.25166604984));
#2843 = CARTESIAN_POINT('',(11.3,20.));
#2844 = ( GEOMETRIC_REPRESENTATION_CONTEXT(2) 
PARAMETRIC_REPRESENTATION_CONTEXT() REPRESENTATION_CONTEXT('2D SPACE',''
  ) );
#2845 = PCURVE('',#2846,#2851);
#2846 = CYLINDRICAL_SURFACE('',#2847,1.3);
#2847 = AXIS2_PLACEMENT_3D('',#2848,#2849,#2850);
#2848 = CARTESIAN_POINT('',(20.75,20.,-0.5));
#2849 = DIRECTION('',(-0.,-0.,-1.));
#2850 = DIRECTION('',(1.,0.,0.));
#2851 = DEFINITIONAL_REPRESENTATION('',(#2852),#2856);
#2852 = LINE('',#2853,#2854);
#2853 = CARTESIAN_POINT('',(-6.28318530718,-0.5));
#2854 = VECTOR('',#2855,1.);
#2855 = DIRECTION('',(1.,-0.));
#2856 = ( GEOMETRIC_REPRESENTATION_CONTEXT(2) 
PARAMETRIC_REPRESENTATION_CONTEXT() REPRESENTATION_CONTEXT('2D SPACE',''
  ) );
#2857 = FACE_BOUND('',#2858,.F.);
#2858 = EDGE_LOOP('',(#2859));
#2859 = ORIENTED_EDGE('',*,*,#2860,.T.);
#2860 = EDGE_CURVE('',#2861,#2861,#2863,.T.);
#2861 = VERTEX_POINT('',#2862);
#2862 = CARTESIAN_POINT('',(12.05,25.,0.));
#2863 = SURFACE_CURVE('',#2864,(#2869,#2880),.PCURVE_S1.);
#2864 = CIRCLE('',#2865,1.3);
#2865 = AXIS2_PLACEMENT_3D('',#2866,#2867,#2868);
#2866 = CARTESIAN_POINT('',(10.75,25.,0.));
#2867 = DIRECTION('',(0.,0.,-1.));
#2868 = DIRECTION('',(1.,0.,0.));
#2869 = PCURVE('',#44,#2870);
#2870 = DEFINITIONAL_REPRESENTATION('',(#2871),#2879);
#2871 = ( BOUNDED_CURVE() B_SPLINE_CURVE(2,(#2872,#2873,#2874,#2875,
#2876,#2877,#2878),.UNSPECIFIED.,.T.,.F.) B_SPLINE_CURVE_WITH_KNOTS((1,2
    ,2,2,2,1),(-2.094395102393,0.,2.094395102393,4.188790204786,
6.28318530718,8.377580409573),.UNSPECIFIED.) CURVE() 
GEOMETRIC_REPRESENTATION_ITEM() RATIONAL_B_SPLINE_CURVE((1.,0.5,1.,0.5,
1.,0.5,1.)) REPRESENTATION_ITEM('') );
#2872 = CARTESIAN_POINT('',(1.3,25.));
#2873 = CARTESIAN_POINT('',(1.3,22.74833395016));
#2874 = CARTESIAN_POINT('',(-0.65,23.87416697508));
#2875 = CARTESIAN_POINT('',(-2.6,25.));
#2876 = CARTESIAN_POINT('',(-0.65,26.12583302492));
#2877 = CARTESIAN_POINT('',(1.3,27.25166604984));
#2878 = CARTESIAN_POINT('',(1.3,25.));
#2879 = ( GEOMETRIC_REPRESENTATION_CONTEXT(2) 
PARAMETRIC_REPRESENTATION_CONTEXT() REPRESENTATION_CONTEXT('2D SPACE',''
  ) );
#2880 = PCURVE('',#2881,#2886);
#2881 = CYLINDRICAL_SURFACE('',#2882,1.3);
#2882 = AXIS2_PLACEMENT_3D('',#2883,#2884,#2885);
#2883 = CARTESIAN_POINT('',(10.75,25.,-0.5));
#2884 = DIRECTION('',(-0.,-0.,-1.));
#2885 = DIRECTION('',(1.,0.,0.));
#2886 = DEFINITIONAL_REPRESENTATION('',(#2887),#2891);
#2887 = LINE('',#2888,#2889);
#2888 = CARTESIAN_POINT('',(-6.28318530718,-0.5));
#2889 = VECTOR('',#2890,1.);
#2890 = DIRECTION('',(1.,-0.));
#2891 = ( GEOMETRIC_REPRESENTATION_CONTEXT(2) 
PARAMETRIC_REPRESENTATION_CONTEXT() REPRESENTATION_CONTEXT('2D SPACE',''
  ) );
#2892 = FACE_BOUND('',#2893,.F.);
#2893 = EDGE_LOOP('',(#2894));
#2894 = ORIENTED_EDGE('',*,*,#2895,.T.);
#2895 = EDGE_CURVE('',#2896,#2896,#2898,.T.);
#2896 = VERTEX_POINT('',#2897);
#2897 = CARTESIAN_POINT('',(17.05,25.,0.));
#2898 = SURFACE_CURVE('',#2899,(#2904,#2915),.PCURVE_S1.);
#2899 = CIRCLE('',#2900,1.3);
#2900 = AXIS2_PLACEMENT_3D('',#2901,#2902,#2903);
#2901 = CARTESIAN_POINT('',(15.75,25.,0.));
#2902 = DIRECTION('',(0.,0.,-1.));
#2903 = DIRECTION('',(1.,0.,0.));
#2904 = PCURVE('',#44,#2905);
#2905 = DEFINITIONAL_REPRESENTATION('',(#2906),#2914);
#2906 = ( BOUNDED_CURVE() B_SPLINE_CURVE(2,(#2907,#2908,#2909,#2910,
#2911,#2912,#2913),.UNSPECIFIED.,.T.,.F.) B_SPLINE_CURVE_WITH_KNOTS((1,2
    ,2,2,2,1),(-2.094395102393,0.,2.094395102393,4.188790204786,
6.28318530718,8.377580409573),.UNSPECIFIED.) CURVE() 
GEOMETRIC_REPRESENTATION_ITEM() RATIONAL_B_SPLINE_CURVE((1.,0.5,1.,0.5,
1.,0.5,1.)) REPRESENTATION_ITEM('') );
#2907 = CARTESIAN_POINT('',(6.3,25.));
#2908 = CARTESIAN_POINT('',(6.3,22.74833395016));
#2909 = CARTESIAN_POINT('',(4.35,23.87416697508));
#2910 = CARTESIAN_POINT('',(2.4,25.));
#2911 = CARTESIAN_POINT('',(4.35,26.12583302492));
#2912 = CARTESIAN_POINT('',(6.3,27.25166604984));
#2913 = CARTESIAN_POINT('',(6.3,25.));
#2914 = ( GEOMETRIC_REPRESENTATION_CONTEXT(2) 
PARAMETRIC_REPRESENTATION_CONTEXT() REPRESENTATION_CONTEXT('2D SPACE',''
  ) );
#2915 = PCURVE('',#2916,#2921);
#2916 = CYLINDRICAL_SURFACE('',#2917,1.3);
#2917 = AXIS2_PLACEMENT_3D('',#2918,#2919,#2920);
#2918 = CARTESIAN_POINT('',(15.75,25.,-0.5));
#2919 = DIRECTION('',(-0.,-0.,-1.));
#2920 = DIRECTION('',(1.,0.,0.));
#2921 = DEFINITIONAL_REPRESENTATION('',(#2922),#2926);
#2922 = LINE('',#2923,#2924);
#2923 = CARTESIAN_POINT('',(-6.28318530718,-0.5));
#2924 = VECTOR('',#2925,1.);
#2925 = DIRECTION('',(1.,-0.));
#2926 = ( GEOMETRIC_REPRESENTATION_CONTEXT(2) 
PARAMETRIC_REPRESENTATION_CONTEXT() REPRESENTATION_CONTEXT('2D SPACE',''
  ) );
#2927 = FACE_BOUND('',#2928,.F.);
#2928 = EDGE_LOOP('',(#2929));
#2929 = ORIENTED_EDGE('',*,*,#2930,.T.);
#2930 = EDGE_CURVE('',#2931,#2931,#2933,.T.);
#2931 = VERTEX_POINT('',#2932);
#2932 = CARTESIAN_POINT('',(22.05,25.,0.));
#2933 = SURFACE_CURVE('',#2934,(#2939,#2950),.PCURVE_S1.);
#2934 = CIRCLE('',#2935,1.3);
#2935 = AXIS2_PLACEMENT_3D('',#2936,#2937,#2938);
#2936 = CARTESIAN_POINT('',(20.75,25.,0.));
#2937 = DIRECTION('',(0.,0.,-1.));
#2938 = DIRECTION('',(1.,0.,0.));
#2939 = PCURVE('',#44,#2940);
#2940 = DEFINITIONAL_REPRESENTATION('',(#2941),#2949);
#2941 = ( BOUNDED_CURVE() B_SPLINE_CURVE(2,(#2942,#2943,#2944,#2945,
#2946,#2947,#2948),.UNSPECIFIED.,.T.,.F.) B_SPLINE_CURVE_WITH_KNOTS((1,2
    ,2,2,2,1),(-2.094395102393,0.,2.094395102393,4.188790204786,
6.28318530718,8.377580409573),.UNSPECIFIED.) CURVE() 
GEOMETRIC_REPRESENTATION_ITEM() RATIONAL_B_SPLINE_CURVE((1.,0.5,1.,0.5,
1.,0.5,1.)) REPRESENTATION_ITEM('') );
#2942 = CARTESIAN_POINT('',(11.3,25.));
#2943 = CARTESIAN_POINT('',(11.3,22.74833395016));
#2944 = CARTESIAN_POINT('',(9.35,23.87416697508));
#2945 = CARTESIAN_POINT('',(7.4,25.));
#2946 = CARTESIAN_POINT('',(9.35,26.12583302492));
#2947 = CARTESIAN_POINT('',(11.3,27.25166604984));
#2948 = CARTESIAN_POINT('',(11.3,25.));
#2949 = ( GEOMETRIC_REPRESENTATION_CONTEXT(2) 
PARAMETRIC_REPRESENTATION_CONTEXT() REPRESENTATION_CONTEXT('2D SPACE',''
  ) );
#2950 = PCURVE('',#2951,#2956);
#2951 = CYLINDRICAL_SURFACE('',#2952,1.3);
#2952 = AXIS2_PLACEMENT_3D('',#2953,#2954,#2955);
#2953 = CARTESIAN_POINT('',(20.75,25.,-0.5));
#2954 = DIRECTION('',(-0.,-0.,-1.));
#2955 = DIRECTION('',(1.,0.,0.));
#2956 = DEFINITIONAL_REPRESENTATION('',(#2957),#2961);
#2957 = LINE('',#2958,#2959);
#2958 = CARTESIAN_POINT('',(-6.28318530718,-0.5));
#2959 = VECTOR('',#2960,1.);
#2960 = DIRECTION('',(1.,-0.));
#2961 = ( GEOMETRIC_REPRESENTATION_CONTEXT(2) 
PARAMETRIC_REPRESENTATION_CONTEXT() REPRESENTATION_CONTEXT('2D SPACE',''
  ) );
#2962 = FACE_BOUND('',#2963,.F.);
#2963 = EDGE_LOOP('',(#2964));
#2964 = ORIENTED_EDGE('',*,*,#2965,.T.);
#2965 = EDGE_CURVE('',#2966,#2966,#2968,.T.);
#2966 = VERTEX_POINT('',#2967);
#2967 = CARTESIAN_POINT('',(27.05,20.,0.));
#2968 = SURFACE_CURVE('',#2969,(#2974,#2985),.PCURVE_S1.);
#2969 = CIRCLE('',#2970,1.3);
#2970 = AXIS2_PLACEMENT_3D('',#2971,#2972,#2973);
#2971 = CARTESIAN_POINT('',(25.75,20.,0.));
#2972 = DIRECTION('',(0.,0.,-1.));
#2973 = DIRECTION('',(1.,0.,0.));
#2974 = PCURVE('',#44,#2975);
#2975 = DEFINITIONAL_REPRESENTATION('',(#2976),#2984);
#2976 = ( BOUNDED_CURVE() B_SPLINE_CURVE(2,(#2977,#2978,#2979,#2980,
#2981,#2982,#2983),.UNSPECIFIED.,.T.,.F.) B_SPLINE_CURVE_WITH_KNOTS((1,2
    ,2,2,2,1),(-2.094395102393,0.,2.094395102393,4.188790204786,
6.28318530718,8.377580409573),.UNSPECIFIED.) CURVE() 
GEOMETRIC_REPRESENTATION_ITEM() RATIONAL_B_SPLINE_CURVE((1.,0.5,1.,0.5,
1.,0.5,1.)) REPRESENTATION_ITEM('') );
#2977 = CARTESIAN_POINT('',(16.3,20.));
#2978 = CARTESIAN_POINT('',(16.3,17.74833395016));
#2979 = CARTESIAN_POINT('',(14.35,18.87416697508));
#2980 = CARTESIAN_POINT('',(12.4,20.));
#2981 = CARTESIAN_POINT('',(14.35,21.12583302492));
#2982 = CARTESIAN_POINT('',(16.3,22.25166604984));
#2983 = CARTESIAN_POINT('',(16.3,20.));
#2984 = ( GEOMETRIC_REPRESENTATION_CONTEXT(2) 
PARAMETRIC_REPRESENTATION_CONTEXT() REPRESENTATION_CONTEXT('2D SPACE',''
  ) );
#2985 = PCURVE('',#2986,#2991);
#2986 = CYLINDRICAL_SURFACE('',#2987,1.3);
#2987 = AXIS2_PLACEMENT_3D('',#2988,#2989,#2990);
#2988 = CARTESIAN_POINT('',(25.75,20.,-0.5));
#2989 = DIRECTION('',(-0.,-0.,-1.));
#2990 = DIRECTION('',(1.,0.,0.));
#2991 = DEFINITIONAL_REPRESENTATION('',(#2992),#2996);
#2992 = LINE('',#2993,#2994);
#2993 = CARTESIAN_POINT('',(-6.28318530718,-0.5));
#2994 = VECTOR('',#2995,1.);
#2995 = DIRECTION('',(1.,-0.));
#2996 = ( GEOMETRIC_REPRESENTATION_CONTEXT(2) 
PARAMETRIC_REPRESENTATION_CONTEXT() REPRESENTATION_CONTEXT('2D SPACE',''
  ) );
#2997 = FACE_BOUND('',#2998,.F.);
#2998 = EDGE_LOOP('',(#2999));
#2999 = ORIENTED_EDGE('',*,*,#3000,.T.);
#3000 = EDGE_CURVE('',#3001,#3001,#3003,.T.);
#3001 = VERTEX_POINT('',#3002);
#3002 = CARTESIAN_POINT('',(32.05,20.,0.));
#3003 = SURFACE_CURVE('',#3004,(#3009,#3020),.PCURVE_S1.);
#3004 = CIRCLE('',#3005,1.3);
#3005 = AXIS2_PLACEMENT_3D('',#3006,#3007,#3008);
#3006 = CARTESIAN_POINT('',(30.75,20.,0.));
#3007 = DIRECTION('',(0.,0.,-1.));
#3008 = DIRECTION('',(1.,0.,0.));
#3009 = PCURVE('',#44,#3010);
#3010 = DEFINITIONAL_REPRESENTATION('',(#3011),#3019);
#3011 = ( BOUNDED_CURVE() B_SPLINE_CURVE(2,(#3012,#3013,#3014,#3015,
#3016,#3017,#3018),.UNSPECIFIED.,.T.,.F.) B_SPLINE_CURVE_WITH_KNOTS((1,2
    ,2,2,2,1),(-2.094395102393,0.,2.094395102393,4.188790204786,
6.28318530718,8.377580409573),.UNSPECIFIED.) CURVE() 
GEOMETRIC_REPRESENTATION_ITEM() RATIONAL_B_SPLINE_CURVE((1.,0.5,1.,0.5,
1.,0.5,1.)) REPRESENTATION_ITEM('') );
#3012 = CARTESIAN_POINT('',(21.3,20.));
#3013 = CARTESIAN_POINT('',(21.3,17.74833395016));
#3014 = CARTESIAN_POINT('',(19.35,18.87416697508));
#3015 = CARTESIAN_POINT('',(17.4,20.));
#3016 = CARTESIAN_POINT('',(19.35,21.12583302492));
#3017 = CARTESIAN_POINT('',(21.3,22.25166604984));
#3018 = CARTESIAN_POINT('',(21.3,20.));
#3019 = ( GEOMETRIC_REPRESENTATION_CONTEXT(2) 
PARAMETRIC_REPRESENTATION_CONTEXT() REPRESENTATION_CONTEXT('2D SPACE',''
  ) );
#3020 = PCURVE('',#3021,#3026);
#3021 = CYLINDRICAL_SURFACE('',#3022,1.3);
#3022 = AXIS2_PLACEMENT_3D('',#3023,#3024,#3025);
#3023 = CARTESIAN_POINT('',(30.75,20.,-0.5));
#3024 = DIRECTION('',(-0.,-0.,-1.));
#3025 = DIRECTION('',(1.,0.,0.));
#3026 = DEFINITIONAL_REPRESENTATION('',(#3027),#3031);
#3027 = LINE('',#3028,#3029);
#3028 = CARTESIAN_POINT('',(-6.28318530718,-0.5));
#3029 = VECTOR('',#3030,1.);
#3030 = DIRECTION('',(1.,-0.));
#3031 = ( GEOMETRIC_REPRESENTATION_CONTEXT(2) 
PARAMETRIC_REPRESENTATION_CONTEXT() REPRESENTATION_CONTEXT('2D SPACE',''
  ) );
#3032 = FACE_BOUND('',#3033,.F.);
#3033 = EDGE_LOOP('',(#3034));
#3034 = ORIENTED_EDGE('',*,*,#3035,.T.);
#3035 = EDGE_CURVE('',#3036,#3036,#3038,.T.);
#3036 = VERTEX_POINT('',#3037);
#3037 = CARTESIAN_POINT('',(27.05,25.,0.));
#3038 = SURFACE_CURVE('',#3039,(#3044,#3055),.PCURVE_S1.);
#3039 = CIRCLE('',#3040,1.3);
#3040 = AXIS2_PLACEMENT_3D('',#3041,#3042,#3043);
#3041 = CARTESIAN_POINT('',(25.75,25.,0.));
#3042 = DIRECTION('',(0.,0.,-1.));
#3043 = DIRECTION('',(1.,0.,0.));
#3044 = PCURVE('',#44,#3045);
#3045 = DEFINITIONAL_REPRESENTATION('',(#3046),#3054);
#3046 = ( BOUNDED_CURVE() B_SPLINE_CURVE(2,(#3047,#3048,#3049,#3050,
#3051,#3052,#3053),.UNSPECIFIED.,.T.,.F.) B_SPLINE_CURVE_WITH_KNOTS((1,2
    ,2,2,2,1),(-2.094395102393,0.,2.094395102393,4.188790204786,
6.28318530718,8.377580409573),.UNSPECIFIED.) CURVE() 
GEOMETRIC_REPRESENTATION_ITEM() RATIONAL_B_SPLINE_CURVE((1.,0.5,1.,0.5,
1.,0.5,1.)) REPRESENTATION_ITEM('') );
#3047 = CARTESIAN_POINT('',(16.3,25.));
#3048 = CARTESIAN_POINT('',(16.3,22.74833395016));
#3049 = CARTESIAN_POINT('',(14.35,23.87416697508));
#3050 = CARTESIAN_POINT('',(12.4,25.));
#3051 = CARTESIAN_POINT('',(14.35,26.12583302492));
#3052 = CARTESIAN_POINT('',(16.3,27.25166604984));
#3053 = CARTESIAN_POINT('',(16.3,25.));
#3054 = ( GEOMETRIC_REPRESENTATION_CONTEXT(2) 
PARAMETRIC_REPRESENTATION_CONTEXT() REPRESENTATION_CONTEXT('2D SPACE',''
  ) );
#3055 = PCURVE('',#3056,#3061);
#3056 = CYLINDRICAL_SURFACE('',#3057,1.3);
#3057 = AXIS2_PLACEMENT_3D('',#3058,#3059,#3060);
#3058 = CARTESIAN_POINT('',(25.75,25.,-0.5));
#3059 = DIRECTION('',(-0.,-0.,-1.));
#3060 = DIRECTION('',(1.,0.,0.));
#3061 = DEFINITIONAL_REPRESENTATION('',(#3062),#3066);
#3062 = LINE('',#3063,#3064);
#3063 = CARTESIAN_POINT('',(-6.28318530718,-0.5));
#3064 = VECTOR('',#3065,1.);
#3065 = DIRECTION('',(1.,-0.));
#3066 = ( GEOMETRIC_REPRESENTATION_CONTEXT(2) 
PARAMETRIC_REPRESENTATION_CONTEXT() REPRESENTATION_CONTEXT('2D SPACE',''
  ) );
#3067 = FACE_BOUND('',#3068,.F.);
#3068 = EDGE_LOOP('',(#3069));
#3069 = ORIENTED_EDGE('',*,*,#3070,.T.);
#3070 = EDGE_CURVE('',#3071,#3071,#3073,.T.);
#3071 = VERTEX_POINT('',#3072);
#3072 = CARTESIAN_POINT('',(32.05,25.,0.));
#3073 = SURFACE_CURVE('',#3074,(#3079,#3090),.PCURVE_S1.);
#3074 = CIRCLE('',#3075,1.3);
#3075 = AXIS2_PLACEMENT_3D('',#3076,#3077,#3078);
#3076 = CARTESIAN_POINT('',(30.75,25.,0.));
#3077 = DIRECTION('',(0.,0.,-1.));
#3078 = DIRECTION('',(1.,0.,0.));
#3079 = PCURVE('',#44,#3080);
#3080 = DEFINITIONAL_REPRESENTATION('',(#3081),#3089);
#3081 = ( BOUNDED_CURVE() B_SPLINE_CURVE(2,(#3082,#3083,#3084,#3085,
#3086,#3087,#3088),.UNSPECIFIED.,.T.,.F.) B_SPLINE_CURVE_WITH_KNOTS((1,2
    ,2,2,2,1),(-2.094395102393,0.,2.094395102393,4.188790204786,
6.28318530718,8.377580409573),.UNSPECIFIED.) CURVE() 
GEOMETRIC_REPRESENTATION_ITEM() RATIONAL_B_SPLINE_CURVE((1.,0.5,1.,0.5,
1.,0.5,1.)) REPRESENTATION_ITEM('') );
#3082 = CARTESIAN_POINT('',(21.3,25.));
#3083 = CARTESIAN_POINT('',(21.3,22.74833395016));
#3084 = CARTESIAN_POINT('',(19.35,23.87416697508));
#3085 = CARTESIAN_POINT('',(17.4,25.));
#3086 = CARTESIAN_POINT('',(19.35,26.12583302492));
#3087 = CARTESIAN_POINT('',(21.3,27.25166604984));
#3088 = CARTESIAN_POINT('',(21.3,25.));
#3089 = ( GEOMETRIC_REPRESENTATION_CONTEXT(2) 
PARAMETRIC_REPRESENTATION_CONTEXT() REPRESENTATION_CONTEXT('2D SPACE',''
  ) );
#3090 = PCURVE('',#3091,#3096);
#3091 = CYLINDRICAL_SURFACE('',#3092,1.3);
#3092 = AXIS2_PLACEMENT_3D('',#3093,#3094,#3095);
#3093 = CARTESIAN_POINT('',(30.75,25.,-0.5));
#3094 = DIRECTION('',(-0.,-0.,-1.));
#3095 = DIRECTION('',(1.,0.,0.));
#3096 = DEFINITIONAL_REPRESENTATION('',(#3097),#3101);
#3097 = LINE('',#3098,#3099);
#3098 = CARTESIAN_POINT('',(-6.28318530718,-0.5));
#3099 = VECTOR('',#3100,1.);
#3100 = DIRECTION('',(1.,-0.));
#3101 = ( GEOMETRIC_REPRESENTATION_CONTEXT(2) 
PARAMETRIC_REPRESENTATION_CONTEXT() REPRESENTATION_CONTEXT('2D SPACE',''
  ) );
#3102 = FACE_BOUND('',#3103,.F.);
#3103 = EDGE_LOOP('',(#3104));
#3104 = ORIENTED_EDGE('',*,*,#3105,.T.);
#3105 = EDGE_CURVE('',#3106,#3106,#3108,.T.);
#3106 = VERTEX_POINT('',#3107);
#3107 = CARTESIAN_POINT('',(42.05,15.,0.));
#3108 = SURFACE_CURVE('',#3109,(#3114,#3125),.PCURVE_S1.);
#3109 = CIRCLE('',#3110,1.3);
#3110 = AXIS2_PLACEMENT_3D('',#3111,#3112,#3113);
#3111 = CARTESIAN_POINT('',(40.75,15.,0.));
#3112 = DIRECTION('',(0.,0.,-1.));
#3113 = DIRECTION('',(1.,0.,0.));
#3114 = PCURVE('',#44,#3115);
#3115 = DEFINITIONAL_REPRESENTATION('',(#3116),#3124);
#3116 = ( BOUNDED_CURVE() B_SPLINE_CURVE(2,(#3117,#3118,#3119,#3120,
#3121,#3122,#3123),.UNSPECIFIED.,.T.,.F.) B_SPLINE_CURVE_WITH_KNOTS((1,2
    ,2,2,2,1),(-2.094395102393,0.,2.094395102393,4.188790204786,
6.28318530718,8.377580409573),.UNSPECIFIED.) CURVE() 
GEOMETRIC_REPRESENTATION_ITEM() RATIONAL_B_SPLINE_CURVE((1.,0.5,1.,0.5,
1.,0.5,1.)) REPRESENTATION_ITEM('') );
#3117 = CARTESIAN_POINT('',(31.3,15.));
#3118 = CARTESIAN_POINT('',(31.3,12.74833395016));
#3119 = CARTESIAN_POINT('',(29.35,13.87416697508));
#3120 = CARTESIAN_POINT('',(27.4,15.));
#3121 = CARTESIAN_POINT('',(29.35,16.12583302492));
#3122 = CARTESIAN_POINT('',(31.3,17.25166604984));
#3123 = CARTESIAN_POINT('',(31.3,15.));
#3124 = ( GEOMETRIC_REPRESENTATION_CONTEXT(2) 
PARAMETRIC_REPRESENTATION_CONTEXT() REPRESENTATION_CONTEXT('2D SPACE',''
  ) );
#3125 = PCURVE('',#3126,#3131);
#3126 = CYLINDRICAL_SURFACE('',#3127,1.3);
#3127 = AXIS2_PLACEMENT_3D('',#3128,#3129,#3130);
#3128 = CARTESIAN_POINT('',(40.75,15.,-0.5));
#3129 = DIRECTION('',(-0.,-0.,-1.));
#3130 = DIRECTION('',(1.,0.,0.));
#3131 = DEFINITIONAL_REPRESENTATION('',(#3132),#3136);
#3132 = LINE('',#3133,#3134);
#3133 = CARTESIAN_POINT('',(-6.28318530718,-0.5));
#3134 = VECTOR('',#3135,1.);
#3135 = DIRECTION('',(1.,-0.));
#3136 = ( GEOMETRIC_REPRESENTATION_CONTEXT(2) 
PARAMETRIC_REPRESENTATION_CONTEXT() REPRESENTATION_CONTEXT('2D SPACE',''
  ) );
#3137 = FACE_BOUND('',#3138,.F.);
#3138 = EDGE_LOOP('',(#3139));
#3139 = ORIENTED_EDGE('',*,*,#3140,.T.);
#3140 = EDGE_CURVE('',#3141,#3141,#3143,.T.);
#3141 = VERTEX_POINT('',#3142);
#3142 = CARTESIAN_POINT('',(47.05,15.,0.));
#3143 = SURFACE_CURVE('',#3144,(#3149,#3160),.PCURVE_S1.);
#3144 = CIRCLE('',#3145,1.3);
#3145 = AXIS2_PLACEMENT_3D('',#3146,#3147,#3148);
#3146 = CARTESIAN_POINT('',(45.75,15.,0.));
#3147 = DIRECTION('',(0.,0.,-1.));
#3148 = DIRECTION('',(1.,0.,0.));
#3149 = PCURVE('',#44,#3150);
#3150 = DEFINITIONAL_REPRESENTATION('',(#3151),#3159);
#3151 = ( BOUNDED_CURVE() B_SPLINE_CURVE(2,(#3152,#3153,#3154,#3155,
#3156,#3157,#3158),.UNSPECIFIED.,.T.,.F.) B_SPLINE_CURVE_WITH_KNOTS((1,2
    ,2,2,2,1),(-2.094395102393,0.,2.094395102393,4.188790204786,
6.28318530718,8.377580409573),.UNSPECIFIED.) CURVE() 
GEOMETRIC_REPRESENTATION_ITEM() RATIONAL_B_SPLINE_CURVE((1.,0.5,1.,0.5,
1.,0.5,1.)) REPRESENTATION_ITEM('') );
#3152 = CARTESIAN_POINT('',(36.3,15.));
#3153 = CARTESIAN_POINT('',(36.3,12.74833395016));
#3154 = CARTESIAN_POINT('',(34.35,13.87416697508));
#3155 = CARTESIAN_POINT('',(32.4,15.));
#3156 = CARTESIAN_POINT('',(34.35,16.12583302492));
#3157 = CARTESIAN_POINT('',(36.3,17.25166604984));
#3158 = CARTESIAN_POINT('',(36.3,15.));
#3159 = ( GEOMETRIC_REPRESENTATION_CONTEXT(2) 
PARAMETRIC_REPRESENTATION_CONTEXT() REPRESENTATION_CONTEXT('2D SPACE',''
  ) );
#3160 = PCURVE('',#3161,#3166);
#3161 = CYLINDRICAL_SURFACE('',#3162,1.3);
#3162 = AXIS2_PLACEMENT_3D('',#3163,#3164,#3165);
#3163 = CARTESIAN_POINT('',(45.75,15.,-0.5));
#3164 = DIRECTION('',(-0.,-0.,-1.));
#3165 = DIRECTION('',(1.,0.,0.));
#3166 = DEFINITIONAL_REPRESENTATION('',(#3167),#3171);
#3167 = LINE('',#3168,#3169);
#3168 = CARTESIAN_POINT('',(-6.28318530718,-0.5));
#3169 = VECTOR('',#3170,1.);
#3170 = DIRECTION('',(1.,-0.));
#3171 = ( GEOMETRIC_REPRESENTATION_CONTEXT(2) 
PARAMETRIC_REPRESENTATION_CONTEXT() REPRESENTATION_CONTEXT('2D SPACE',''
  ) );
#3172 = FACE_BOUND('',#3173,.F.);
#3173 = EDGE_LOOP('',(#3174));
#3174 = ORIENTED_EDGE('',*,*,#3175,.T.);
#3175 = EDGE_CURVE('',#3176,#3176,#3178,.T.);
#3176 = VERTEX_POINT('',#3177);
#3177 = CARTESIAN_POINT('',(52.05,15.,0.));
#3178 = SURFACE_CURVE('',#3179,(#3184,#3195),.PCURVE_S1.);
#3179 = CIRCLE('',#3180,1.3);
#3180 = AXIS2_PLACEMENT_3D('',#3181,#3182,#3183);
#3181 = CARTESIAN_POINT('',(50.75,15.,0.));
#3182 = DIRECTION('',(0.,0.,-1.));
#3183 = DIRECTION('',(1.,0.,0.));
#3184 = PCURVE('',#44,#3185);
#3185 = DEFINITIONAL_REPRESENTATION('',(#3186),#3194);
#3186 = ( BOUNDED_CURVE() B_SPLINE_CURVE(2,(#3187,#3188,#3189,#3190,
#3191,#3192,#3193),.UNSPECIFIED.,.T.,.F.) B_SPLINE_CURVE_WITH_KNOTS((1,2
    ,2,2,2,1),(-2.094395102393,0.,2.094395102393,4.188790204786,
6.28318530718,8.377580409573),.UNSPECIFIED.) CURVE() 
GEOMETRIC_REPRESENTATION_ITEM() RATIONAL_B_SPLINE_CURVE((1.,0.5,1.,0.5,
1.,0.5,1.)) REPRESENTATION_ITEM('') );
#3187 = CARTESIAN_POINT('',(41.3,15.));
#3188 = CARTESIAN_POINT('',(41.3,12.74833395016));
#3189 = CARTESIAN_POINT('',(39.35,13.87416697508));
#3190 = CARTESIAN_POINT('',(37.4,15.));
#3191 = CARTESIAN_POINT('',(39.35,16.12583302492));
#3192 = CARTESIAN_POINT('',(41.3,17.25166604984));
#3193 = CARTESIAN_POINT('',(41.3,15.));
#3194 = ( GEOMETRIC_REPRESENTATION_CONTEXT(2) 
PARAMETRIC_REPRESENTATION_CONTEXT() REPRESENTATION_CONTEXT('2D SPACE',''
  ) );
#3195 = PCURVE('',#3196,#3201);
#3196 = CYLINDRICAL_SURFACE('',#3197,1.3);
#3197 = AXIS2_PLACEMENT_3D('',#3198,#3199,#3200);
#3198 = CARTESIAN_POINT('',(50.75,15.,-0.5));
#3199 = DIRECTION('',(-0.,-0.,-1.));
#3200 = DIRECTION('',(1.,0.,0.));
#3201 = DEFINITIONAL_REPRESENTATION('',(#3202),#3206);
#3202 = LINE('',#3203,#3204);
#3203 = CARTESIAN_POINT('',(-6.28318530718,-0.5));
#3204 = VECTOR('',#3205,1.);
#3205 = DIRECTION('',(1.,-0.));
#3206 = ( GEOMETRIC_REPRESENTATION_CONTEXT(2) 
PARAMETRIC_REPRESENTATION_CONTEXT() REPRESENTATION_CONTEXT('2D SPACE',''
  ) );
#3207 = FACE_BOUND('',#3208,.F.);
#3208 = EDGE_LOOP('',(#3209));
#3209 = ORIENTED_EDGE('',*,*,#3210,.T.);
#3210 = EDGE_CURVE('',#3211,#3211,#3213,.T.);
#3211 = VERTEX_POINT('',#3212);
#3212 = CARTESIAN_POINT('',(57.05,15.,0.));
#3213 = SURFACE_CURVE('',#3214,(#3219,#3230),.PCURVE_S1.);
#3214 = CIRCLE('',#3215,1.3);
#3215 = AXIS2_PLACEMENT_3D('',#3216,#3217,#3218);
#3216 = CARTESIAN_POINT('',(55.75,15.,0.));
#3217 = DIRECTION('',(0.,0.,-1.));
#3218 = DIRECTION('',(1.,0.,0.));
#3219 = PCURVE('',#44,#3220);
#3220 = DEFINITIONAL_REPRESENTATION('',(#3221),#3229);
#3221 = ( BOUNDED_CURVE() B_SPLINE_CURVE(2,(#3222,#3223,#3224,#3225,
#3226,#3227,#3228),.UNSPECIFIED.,.T.,.F.) B_SPLINE_CURVE_WITH_KNOTS((1,2
    ,2,2,2,1),(-2.094395102393,0.,2.094395102393,4.188790204786,
6.28318530718,8.377580409573),.UNSPECIFIED.) CURVE() 
GEOMETRIC_REPRESENTATION_ITEM() RATIONAL_B_SPLINE_CURVE((1.,0.5,1.,0.5,
1.,0.5,1.)) REPRESENTATION_ITEM('') );
#3222 = CARTESIAN_POINT('',(46.3,15.));
#3223 = CARTESIAN_POINT('',(46.3,12.74833395016));
#3224 = CARTESIAN_POINT('',(44.35,13.87416697508));
#3225 = CARTESIAN_POINT('',(42.4,15.));
#3226 = CARTESIAN_POINT('',(44.35,16.12583302492));
#3227 = CARTESIAN_POINT('',(46.3,17.25166604984));
#3228 = CARTESIAN_POINT('',(46.3,15.));
#3229 = ( GEOMETRIC_REPRESENTATION_CONTEXT(2) 
PARAMETRIC_REPRESENTATION_CONTEXT() REPRESENTATION_CONTEXT('2D SPACE',''
  ) );
#3230 = PCURVE('',#3231,#3236);
#3231 = CYLINDRICAL_SURFACE('',#3232,1.3);
#3232 = AXIS2_PLACEMENT_3D('',#3233,#3234,#3235);
#3233 = CARTESIAN_POINT('',(55.75,15.,-0.5));
#3234 = DIRECTION('',(-0.,-0.,-1.));
#3235 = DIRECTION('',(1.,0.,0.));
#3236 = DEFINITIONAL_REPRESENTATION('',(#3237),#3241);
#3237 = LINE('',#3238,#3239);
#3238 = CARTESIAN_POINT('',(-6.28318530718,-0.5));
#3239 = VECTOR('',#3240,1.);
#3240 = DIRECTION('',(1.,-0.));
#3241 = ( GEOMETRIC_REPRESENTATION_CONTEXT(2) 
PARAMETRIC_REPRESENTATION_CONTEXT() REPRESENTATION_CONTEXT('2D SPACE',''
  ) );
#3242 = FACE_BOUND('',#3243,.F.);
#3243 = EDGE_LOOP('',(#3244));
#3244 = ORIENTED_EDGE('',*,*,#3245,.T.);
#3245 = EDGE_CURVE('',#3246,#3246,#3248,.T.);
#3246 = VERTEX_POINT('',#3247);
#3247 = CARTESIAN_POINT('',(37.05,20.,0.));
#3248 = SURFACE_CURVE('',#3249,(#3254,#3265),.PCURVE_S1.);
#3249 = CIRCLE('',#3250,1.3);
#3250 = AXIS2_PLACEMENT_3D('',#3251,#3252,#3253);
#3251 = CARTESIAN_POINT('',(35.75,20.,0.));
#3252 = DIRECTION('',(0.,0.,-1.));
#3253 = DIRECTION('',(1.,0.,0.));
#3254 = PCURVE('',#44,#3255);
#3255 = DEFINITIONAL_REPRESENTATION('',(#3256),#3264);
#3256 = ( BOUNDED_CURVE() B_SPLINE_CURVE(2,(#3257,#3258,#3259,#3260,
#3261,#3262,#3263),.UNSPECIFIED.,.T.,.F.) B_SPLINE_CURVE_WITH_KNOTS((1,2
    ,2,2,2,1),(-2.094395102393,0.,2.094395102393,4.188790204786,
6.28318530718,8.377580409573),.UNSPECIFIED.) CURVE() 
GEOMETRIC_REPRESENTATION_ITEM() RATIONAL_B_SPLINE_CURVE((1.,0.5,1.,0.5,
1.,0.5,1.)) REPRESENTATION_ITEM('') );
#3257 = CARTESIAN_POINT('',(26.3,20.));
#3258 = CARTESIAN_POINT('',(26.3,17.74833395016));
#3259 = CARTESIAN_POINT('',(24.35,18.87416697508));
#3260 = CARTESIAN_POINT('',(22.4,20.));
#3261 = CARTESIAN_POINT('',(24.35,21.12583302492));
#3262 = CARTESIAN_POINT('',(26.3,22.25166604984));
#3263 = CARTESIAN_POINT('',(26.3,20.));
#3264 = ( GEOMETRIC_REPRESENTATION_CONTEXT(2) 
PARAMETRIC_REPRESENTATION_CONTEXT() REPRESENTATION_CONTEXT('2D SPACE',''
  ) );
#3265 = PCURVE('',#3266,#3271);
#3266 = CYLINDRICAL_SURFACE('',#3267,1.3);
#3267 = AXIS2_PLACEMENT_3D('',#3268,#3269,#3270);
#3268 = CARTESIAN_POINT('',(35.75,20.,-0.5));
#3269 = DIRECTION('',(-0.,-0.,-1.));
#3270 = DIRECTION('',(1.,0.,0.));
#3271 = DEFINITIONAL_REPRESENTATION('',(#3272),#3276);
#3272 = LINE('',#3273,#3274);
#3273 = CARTESIAN_POINT('',(-6.28318530718,-0.5));
#3274 = VECTOR('',#3275,1.);
#3275 = DIRECTION('',(1.,-0.));
#3276 = ( GEOMETRIC_REPRESENTATION_CONTEXT(2) 
PARAMETRIC_REPRESENTATION_CONTEXT() REPRESENTATION_CONTEXT('2D SPACE',''
  ) );
#3277 = FACE_BOUND('',#3278,.F.);
#3278 = EDGE_LOOP('',(#3279));
#3279 = ORIENTED_EDGE('',*,*,#3280,.T.);
#3280 = EDGE_CURVE('',#3281,#3281,#3283,.T.);
#3281 = VERTEX_POINT('',#3282);
#3282 = CARTESIAN_POINT('',(42.05,20.,0.));
#3283 = SURFACE_CURVE('',#3284,(#3289,#3300),.PCURVE_S1.);
#3284 = CIRCLE('',#3285,1.3);
#3285 = AXIS2_PLACEMENT_3D('',#3286,#3287,#3288);
#3286 = CARTESIAN_POINT('',(40.75,20.,0.));
#3287 = DIRECTION('',(0.,0.,-1.));
#3288 = DIRECTION('',(1.,0.,0.));
#3289 = PCURVE('',#44,#3290);
#3290 = DEFINITIONAL_REPRESENTATION('',(#3291),#3299);
#3291 = ( BOUNDED_CURVE() B_SPLINE_CURVE(2,(#3292,#3293,#3294,#3295,
#3296,#3297,#3298),.UNSPECIFIED.,.T.,.F.) B_SPLINE_CURVE_WITH_KNOTS((1,2
    ,2,2,2,1),(-2.094395102393,0.,2.094395102393,4.188790204786,
6.28318530718,8.377580409573),.UNSPECIFIED.) CURVE() 
GEOMETRIC_REPRESENTATION_ITEM() RATIONAL_B_SPLINE_CURVE((1.,0.5,1.,0.5,
1.,0.5,1.)) REPRESENTATION_ITEM('') );
#3292 = CARTESIAN_POINT('',(31.3,20.));
#3293 = CARTESIAN_POINT('',(31.3,17.74833395016));
#3294 = CARTESIAN_POINT('',(29.35,18.87416697508));
#3295 = CARTESIAN_POINT('',(27.4,20.));
#3296 = CARTESIAN_POINT('',(29.35,21.12583302492));
#3297 = CARTESIAN_POINT('',(31.3,22.25166604984));
#3298 = CARTESIAN_POINT('',(31.3,20.));
#3299 = ( GEOMETRIC_REPRESENTATION_CONTEXT(2) 
PARAMETRIC_REPRESENTATION_CONTEXT() REPRESENTATION_CONTEXT('2D SPACE',''
  ) );
#3300 = PCURVE('',#3301,#3306);
#3301 = CYLINDRICAL_SURFACE('',#3302,1.3);
#3302 = AXIS2_PLACEMENT_3D('',#3303,#3304,#3305);
#3303 = CARTESIAN_POINT('',(40.75,20.,-0.5));
#3304 = DIRECTION('',(-0.,-0.,-1.));
#3305 = DIRECTION('',(1.,0.,0.));
#3306 = DEFINITIONAL_REPRESENTATION('',(#3307),#3311);
#3307 = LINE('',#3308,#3309);
#3308 = CARTESIAN_POINT('',(-6.28318530718,-0.5));
#3309 = VECTOR('',#3310,1.);
#3310 = DIRECTION('',(1.,-0.));
#3311 = ( GEOMETRIC_REPRESENTATION_CONTEXT(2) 
PARAMETRIC_REPRESENTATION_CONTEXT() REPRESENTATION_CONTEXT('2D SPACE',''
  ) );
#3312 = FACE_BOUND('',#3313,.F.);
#3313 = EDGE_LOOP('',(#3314));
#3314 = ORIENTED_EDGE('',*,*,#3315,.T.);
#3315 = EDGE_CURVE('',#3316,#3316,#3318,.T.);
#3316 = VERTEX_POINT('',#3317);
#3317 = CARTESIAN_POINT('',(37.05,25.,0.));
#3318 = SURFACE_CURVE('',#3319,(#3324,#3335),.PCURVE_S1.);
#3319 = CIRCLE('',#3320,1.3);
#3320 = AXIS2_PLACEMENT_3D('',#3321,#3322,#3323);
#3321 = CARTESIAN_POINT('',(35.75,25.,0.));
#3322 = DIRECTION('',(0.,0.,-1.));
#3323 = DIRECTION('',(1.,0.,0.));
#3324 = PCURVE('',#44,#3325);
#3325 = DEFINITIONAL_REPRESENTATION('',(#3326),#3334);
#3326 = ( BOUNDED_CURVE() B_SPLINE_CURVE(2,(#3327,#3328,#3329,#3330,
#3331,#3332,#3333),.UNSPECIFIED.,.T.,.F.) B_SPLINE_CURVE_WITH_KNOTS((1,2
    ,2,2,2,1),(-2.094395102393,0.,2.094395102393,4.188790204786,
6.28318530718,8.377580409573),.UNSPECIFIED.) CURVE() 
GEOMETRIC_REPRESENTATION_ITEM() RATIONAL_B_SPLINE_CURVE((1.,0.5,1.,0.5,
1.,0.5,1.)) REPRESENTATION_ITEM('') );
#3327 = CARTESIAN_POINT('',(26.3,25.));
#3328 = CARTESIAN_POINT('',(26.3,22.74833395016));
#3329 = CARTESIAN_POINT('',(24.35,23.87416697508));
#3330 = CARTESIAN_POINT('',(22.4,25.));
#3331 = CARTESIAN_POINT('',(24.35,26.12583302492));
#3332 = CARTESIAN_POINT('',(26.3,27.25166604984));
#3333 = CARTESIAN_POINT('',(26.3,25.));
#3334 = ( GEOMETRIC_REPRESENTATION_CONTEXT(2) 
PARAMETRIC_REPRESENTATION_CONTEXT() REPRESENTATION_CONTEXT('2D SPACE',''
  ) );
#3335 = PCURVE('',#3336,#3341);
#3336 = CYLINDRICAL_SURFACE('',#3337,1.3);
#3337 = AXIS2_PLACEMENT_3D('',#3338,#3339,#3340);
#3338 = CARTESIAN_POINT('',(35.75,25.,-0.5));
#3339 = DIRECTION('',(-0.,-0.,-1.));
#3340 = DIRECTION('',(1.,0.,0.));
#3341 = DEFINITIONAL_REPRESENTATION('',(#3342),#3346);
#3342 = LINE('',#3343,#3344);
#3343 = CARTESIAN_POINT('',(-6.28318530718,-0.5));
#3344 = VECTOR('',#3345,1.);
#3345 = DIRECTION('',(1.,-0.));
#3346 = ( GEOMETRIC_REPRESENTATION_CONTEXT(2) 
PARAMETRIC_REPRESENTATION_CONTEXT() REPRESENTATION_CONTEXT('2D SPACE',''
  ) );
#3347 = FACE_BOUND('',#3348,.F.);
#3348 = EDGE_LOOP('',(#3349));
#3349 = ORIENTED_EDGE('',*,*,#3350,.T.);
#3350 = EDGE_CURVE('',#3351,#3351,#3353,.T.);
#3351 = VERTEX_POINT('',#3352);
#3352 = CARTESIAN_POINT('',(42.05,25.,0.));
#3353 = SURFACE_CURVE('',#3354,(#3359,#3370),.PCURVE_S1.);
#3354 = CIRCLE('',#3355,1.3);
#3355 = AXIS2_PLACEMENT_3D('',#3356,#3357,#3358);
#3356 = CARTESIAN_POINT('',(40.75,25.,0.));
#3357 = DIRECTION('',(0.,0.,-1.));
#3358 = DIRECTION('',(1.,0.,0.));
#3359 = PCURVE('',#44,#3360);
#3360 = DEFINITIONAL_REPRESENTATION('',(#3361),#3369);
#3361 = ( BOUNDED_CURVE() B_SPLINE_CURVE(2,(#3362,#3363,#3364,#3365,
#3366,#3367,#3368),.UNSPECIFIED.,.T.,.F.) B_SPLINE_CURVE_WITH_KNOTS((1,2
    ,2,2,2,1),(-2.094395102393,0.,2.094395102393,4.188790204786,
6.28318530718,8.377580409573),.UNSPECIFIED.) CURVE() 
GEOMETRIC_REPRESENTATION_ITEM() RATIONAL_B_SPLINE_CURVE((1.,0.5,1.,0.5,
1.,0.5,1.)) REPRESENTATION_ITEM('') );
#3362 = CARTESIAN_POINT('',(31.3,25.));
#3363 = CARTESIAN_POINT('',(31.3,22.74833395016));
#3364 = CARTESIAN_POINT('',(29.35,23.87416697508));
#3365 = CARTESIAN_POINT('',(27.4,25.));
#3366 = CARTESIAN_POINT('',(29.35,26.12583302492));
#3367 = CARTESIAN_POINT('',(31.3,27.25166604984));
#3368 = CARTESIAN_POINT('',(31.3,25.));
#3369 = ( GEOMETRIC_REPRESENTATION_CONTEXT(2) 
PARAMETRIC_REPRESENTATION_CONTEXT() REPRESENTATION_CONTEXT('2D SPACE',''
  ) );
#3370 = PCURVE('',#3371,#3376);
#3371 = CYLINDRICAL_SURFACE('',#3372,1.3);
#3372 = AXIS2_PLACEMENT_3D('',#3373,#3374,#3375);
#3373 = CARTESIAN_POINT('',(40.75,25.,-0.5));
#3374 = DIRECTION('',(-0.,-0.,-1.));
#3375 = DIRECTION('',(1.,0.,0.));
#3376 = DEFINITIONAL_REPRESENTATION('',(#3377),#3381);
#3377 = LINE('',#3378,#3379);
#3378 = CARTESIAN_POINT('',(-6.28318530718,-0.5));
#3379 = VECTOR('',#3380,1.);
#3380 = DIRECTION('',(1.,-0.));
#3381 = ( GEOMETRIC_REPRESENTATION_CONTEXT(2) 
PARAMETRIC_REPRESENTATION_CONTEXT() REPRESENTATION_CONTEXT('2D SPACE',''
  ) );
#3382 = FACE_BOUND('',#3383,.F.);
#3383 = EDGE_LOOP('',(#3384));
#3384 = ORIENTED_EDGE('',*,*,#3385,.T.);
#3385 = EDGE_CURVE('',#3386,#3386,#3388,.T.);
#3386 = VERTEX_POINT('',#3387);
#3387 = CARTESIAN_POINT('',(47.05,20.,0.));
#3388 = SURFACE_CURVE('',#3389,(#3394,#3405),.PCURVE_S1.);
#3389 = CIRCLE('',#3390,1.3);
#3390 = AXIS2_PLACEMENT_3D('',#3391,#3392,#3393);
#3391 = CARTESIAN_POINT('',(45.75,20.,0.));
#3392 = DIRECTION('',(0.,0.,-1.));
#3393 = DIRECTION('',(1.,0.,0.));
#3394 = PCURVE('',#44,#3395);
#3395 = DEFINITIONAL_REPRESENTATION('',(#3396),#3404);
#3396 = ( BOUNDED_CURVE() B_SPLINE_CURVE(2,(#3397,#3398,#3399,#3400,
#3401,#3402,#3403),.UNSPECIFIED.,.T.,.F.) B_SPLINE_CURVE_WITH_KNOTS((1,2
    ,2,2,2,1),(-2.094395102393,0.,2.094395102393,4.188790204786,
6.28318530718,8.377580409573),.UNSPECIFIED.) CURVE() 
GEOMETRIC_REPRESENTATION_ITEM() RATIONAL_B_SPLINE_CURVE((1.,0.5,1.,0.5,
1.,0.5,1.)) REPRESENTATION_ITEM('') );
#3397 = CARTESIAN_POINT('',(36.3,20.));
#3398 = CARTESIAN_POINT('',(36.3,17.74833395016));
#3399 = CARTESIAN_POINT('',(34.35,18.87416697508));
#3400 = CARTESIAN_POINT('',(32.4,20.));
#3401 = CARTESIAN_POINT('',(34.35,21.12583302492));
#3402 = CARTESIAN_POINT('',(36.3,22.25166604984));
#3403 = CARTESIAN_POINT('',(36.3,20.));
#3404 = ( GEOMETRIC_REPRESENTATION_CONTEXT(2) 
PARAMETRIC_REPRESENTATION_CONTEXT() REPRESENTATION_CONTEXT('2D SPACE',''
  ) );
#3405 = PCURVE('',#3406,#3411);
#3406 = CYLINDRICAL_SURFACE('',#3407,1.3);
#3407 = AXIS2_PLACEMENT_3D('',#3408,#3409,#3410);
#3408 = CARTESIAN_POINT('',(45.75,20.,-0.5));
#3409 = DIRECTION('',(-0.,-0.,-1.));
#3410 = DIRECTION('',(1.,0.,0.));
#3411 = DEFINITIONAL_REPRESENTATION('',(#3412),#3416);
#3412 = LINE('',#3413,#3414);
#3413 = CARTESIAN_POINT('',(-6.28318530718,-0.5));
#3414 = VECTOR('',#3415,1.);
#3415 = DIRECTION('',(1.,-0.));
#3416 = ( GEOMETRIC_REPRESENTATION_CONTEXT(2) 
PARAMETRIC_REPRESENTATION_CONTEXT() REPRESENTATION_CONTEXT('2D SPACE',''
  ) );
#3417 = ADVANCED_FACE('',(#3418),#72,.T.);
#3418 = FACE_BOUND('',#3419,.F.);
#3419 = EDGE_LOOP('',(#3420,#3421,#3444,#3470));
#3420 = ORIENTED_EDGE('',*,*,#308,.T.);
#3421 = ORIENTED_EDGE('',*,*,#3422,.T.);
#3422 = EDGE_CURVE('',#281,#3423,#3425,.T.);
#3423 = VERTEX_POINT('',#3424);
#3424 = CARTESIAN_POINT('',(-39.25,-26.,4.));
#3425 = SURFACE_CURVE('',#3426,(#3430,#3437),.PCURVE_S1.);
#3426 = LINE('',#3427,#3428);
#3427 = CARTESIAN_POINT('',(-39.25,-26.,0.));
#3428 = VECTOR('',#3429,1.);
#3429 = DIRECTION('',(0.,0.,1.));
#3430 = PCURVE('',#72,#3431);
#3431 = DEFINITIONAL_REPRESENTATION('',(#3432),#3436);
#3432 = LINE('',#3433,#3434);
#3433 = CARTESIAN_POINT('',(-1.570796326795,0.));
#3434 = VECTOR('',#3435,1.);
#3435 = DIRECTION('',(-0.,1.));
#3436 = ( GEOMETRIC_REPRESENTATION_CONTEXT(2) 
PARAMETRIC_REPRESENTATION_CONTEXT() REPRESENTATION_CONTEXT('2D SPACE',''
  ) );
#3437 = PCURVE('',#296,#3438);
#3438 = DEFINITIONAL_REPRESENTATION('',(#3439),#3443);
#3439 = LINE('',#3440,#3441);
#3440 = CARTESIAN_POINT('',(56.,0.));
#3441 = VECTOR('',#3442,1.);
#3442 = DIRECTION('',(0.,-1.));
#3443 = ( GEOMETRIC_REPRESENTATION_CONTEXT(2) 
PARAMETRIC_REPRESENTATION_CONTEXT() REPRESENTATION_CONTEXT('2D SPACE',''
  ) );
#3444 = ORIENTED_EDGE('',*,*,#3445,.F.);
#3445 = EDGE_CURVE('',#57,#3423,#3446,.T.);
#3446 = SURFACE_CURVE('',#3447,(#3452,#3459),.PCURVE_S1.);
#3447 = CIRCLE('',#3448,4.);
#3448 = AXIS2_PLACEMENT_3D('',#3449,#3450,#3451);
#3449 = CARTESIAN_POINT('',(-35.25,-26.,4.));
#3450 = DIRECTION('',(-0.,-0.,-1.));
#3451 = DIRECTION('',(0.,-1.,0.));
#3452 = PCURVE('',#72,#3453);
#3453 = DEFINITIONAL_REPRESENTATION('',(#3454),#3458);
#3454 = LINE('',#3455,#3456);
#3455 = CARTESIAN_POINT('',(-0.,4.));
#3456 = VECTOR('',#3457,1.);
#3457 = DIRECTION('',(-1.,0.));
#3458 = ( GEOMETRIC_REPRESENTATION_CONTEXT(2) 
PARAMETRIC_REPRESENTATION_CONTEXT() REPRESENTATION_CONTEXT('2D SPACE',''
  ) );
#3459 = PCURVE('',#100,#3460);
#3460 = DEFINITIONAL_REPRESENTATION('',(#3461),#3469);
#3461 = ( BOUNDED_CURVE() B_SPLINE_CURVE(2,(#3462,#3463,#3464,#3465,
#3466,#3467,#3468),.UNSPECIFIED.,.T.,.F.) B_SPLINE_CURVE_WITH_KNOTS((1,2
    ,2,2,2,1),(-2.094395102393,0.,2.094395102393,4.188790204786,
6.28318530718,8.377580409573),.UNSPECIFIED.) CURVE() 
GEOMETRIC_REPRESENTATION_ITEM() RATIONAL_B_SPLINE_CURVE((1.,0.5,1.,0.5,
1.,0.5,1.)) REPRESENTATION_ITEM('') );
#3462 = CARTESIAN_POINT('',(-46.,-30.));
#3463 = CARTESIAN_POINT('',(-52.92820323027,-30.));
#3464 = CARTESIAN_POINT('',(-49.46410161513,-24.));
#3465 = CARTESIAN_POINT('',(-46.,-18.));
#3466 = CARTESIAN_POINT('',(-42.53589838486,-24.));
#3467 = CARTESIAN_POINT('',(-39.07179676972,-30.));
#3468 = CARTESIAN_POINT('',(-46.,-30.));
#3469 = ( GEOMETRIC_REPRESENTATION_CONTEXT(2) 
PARAMETRIC_REPRESENTATION_CONTEXT() REPRESENTATION_CONTEXT('2D SPACE',''
  ) );
#3470 = ORIENTED_EDGE('',*,*,#56,.F.);
#3471 = ADVANCED_FACE('',(#3472),#126,.T.);
#3472 = FACE_BOUND('',#3473,.T.);
#3473 = EDGE_LOOP('',(#3474,#3475,#3498,#3520));
#3474 = ORIENTED_EDGE('',*,*,#142,.T.);
#3475 = ORIENTED_EDGE('',*,*,#3476,.T.);
#3476 = EDGE_CURVE('',#143,#3477,#3479,.T.);
#3477 = VERTEX_POINT('',#3478);
#3478 = CARTESIAN_POINT('',(60.75,-26.,4.));
#3479 = SURFACE_CURVE('',#3480,(#3484,#3491),.PCURVE_S1.);
#3480 = LINE('',#3481,#3482);
#3481 = CARTESIAN_POINT('',(60.75,-26.,0.));
#3482 = VECTOR('',#3483,1.);
#3483 = DIRECTION('',(0.,0.,1.));
#3484 = PCURVE('',#126,#3485);
#3485 = DEFINITIONAL_REPRESENTATION('',(#3486),#3490);
#3486 = LINE('',#3487,#3488);
#3487 = CARTESIAN_POINT('',(1.570796326795,0.));
#3488 = VECTOR('',#3489,1.);
#3489 = DIRECTION('',(0.,1.));
#3490 = ( GEOMETRIC_REPRESENTATION_CONTEXT(2) 
PARAMETRIC_REPRESENTATION_CONTEXT() REPRESENTATION_CONTEXT('2D SPACE',''
  ) );
#3491 = PCURVE('',#182,#3492);
#3492 = DEFINITIONAL_REPRESENTATION('',(#3493),#3497);
#3493 = LINE('',#3494,#3495);
#3494 = CARTESIAN_POINT('',(4.,0.));
#3495 = VECTOR('',#3496,1.);
#3496 = DIRECTION('',(0.,-1.));
#3497 = ( GEOMETRIC_REPRESENTATION_CONTEXT(2) 
PARAMETRIC_REPRESENTATION_CONTEXT() REPRESENTATION_CONTEXT('2D SPACE',''
  ) );
#3498 = ORIENTED_EDGE('',*,*,#3499,.F.);
#3499 = EDGE_CURVE('',#85,#3477,#3500,.T.);
#3500 = SURFACE_CURVE('',#3501,(#3506,#3513),.PCURVE_S1.);
#3501 = CIRCLE('',#3502,4.);
#3502 = AXIS2_PLACEMENT_3D('',#3503,#3504,#3505);
#3503 = CARTESIAN_POINT('',(56.75,-26.,4.));
#3504 = DIRECTION('',(0.,0.,1.));
#3505 = DIRECTION('',(0.,-1.,0.));
#3506 = PCURVE('',#126,#3507);
#3507 = DEFINITIONAL_REPRESENTATION('',(#3508),#3512);
#3508 = LINE('',#3509,#3510);
#3509 = CARTESIAN_POINT('',(0.,4.));
#3510 = VECTOR('',#3511,1.);
#3511 = DIRECTION('',(1.,0.));
#3512 = ( GEOMETRIC_REPRESENTATION_CONTEXT(2) 
PARAMETRIC_REPRESENTATION_CONTEXT() REPRESENTATION_CONTEXT('2D SPACE',''
  ) );
#3513 = PCURVE('',#100,#3514);
#3514 = DEFINITIONAL_REPRESENTATION('',(#3515),#3519);
#3515 = CIRCLE('',#3516,4.);
#3516 = AXIS2_PLACEMENT_2D('',#3517,#3518);
#3517 = CARTESIAN_POINT('',(46.,-26.));
#3518 = DIRECTION('',(0.,-1.));
#3519 = ( GEOMETRIC_REPRESENTATION_CONTEXT(2) 
PARAMETRIC_REPRESENTATION_CONTEXT() REPRESENTATION_CONTEXT('2D SPACE',''
  ) );
#3520 = ORIENTED_EDGE('',*,*,#112,.F.);
#3521 = ADVANCED_FACE('',(#3522,#3642,#3672,#3702,#3788,#3818,#3848,
    #3878,#3908,#3938,#3968,#3998,#4028,#4058,#4088,#4118,#4148,#4444,
    #4474,#4504,#4534,#4564,#4594,#4624,#4654,#4684,#4714,#4744,#4774,
    #4804,#4834,#4864,#4894,#4924,#4954,#4984,#5014,#5044,#5074,#5104,
    #5134,#5164,#5194,#5224,#5446,#5476,#5506,#5536,#5566,#5596,#5626,
    #5656,#5686,#5716,#5746,#5776,#5862,#5892,#5922,#5953,#5983,#6013,
    #6044,#6074,#6104,#6134,#6164,#6194,#6224,#6254,#6284,#6314,#6344,
    #6374,#6404,#6434,#6464,#6494,#6524,#6554,#6584,#6614,#6644,#6674),
  #100,.T.);
#3522 = FACE_BOUND('',#3523,.T.);
#3523 = EDGE_LOOP('',(#3524,#3525,#3526,#3549,#3573,#3596,#3620,#3641));
#3524 = ORIENTED_EDGE('',*,*,#84,.T.);
#3525 = ORIENTED_EDGE('',*,*,#3499,.T.);
#3526 = ORIENTED_EDGE('',*,*,#3527,.T.);
#3527 = EDGE_CURVE('',#3477,#3528,#3530,.T.);
#3528 = VERTEX_POINT('',#3529);
#3529 = CARTESIAN_POINT('',(60.75,26.,4.));
#3530 = SURFACE_CURVE('',#3531,(#3535,#3542),.PCURVE_S1.);
#3531 = LINE('',#3532,#3533);
#3532 = CARTESIAN_POINT('',(60.75,-30.,4.));
#3533 = VECTOR('',#3534,1.);
#3534 = DIRECTION('',(0.,1.,0.));
#3535 = PCURVE('',#100,#3536);
#3536 = DEFINITIONAL_REPRESENTATION('',(#3537),#3541);
#3537 = LINE('',#3538,#3539);
#3538 = CARTESIAN_POINT('',(50.,-30.));
#3539 = VECTOR('',#3540,1.);
#3540 = DIRECTION('',(0.,1.));
#3541 = ( GEOMETRIC_REPRESENTATION_CONTEXT(2) 
PARAMETRIC_REPRESENTATION_CONTEXT() REPRESENTATION_CONTEXT('2D SPACE',''
  ) );
#3542 = PCURVE('',#182,#3543);
#3543 = DEFINITIONAL_REPRESENTATION('',(#3544),#3548);
#3544 = LINE('',#3545,#3546);
#3545 = CARTESIAN_POINT('',(0.,-4.));
#3546 = VECTOR('',#3547,1.);
#3547 = DIRECTION('',(1.,0.));
#3548 = ( GEOMETRIC_REPRESENTATION_CONTEXT(2) 
PARAMETRIC_REPRESENTATION_CONTEXT() REPRESENTATION_CONTEXT('2D SPACE',''
  ) );
#3549 = ORIENTED_EDGE('',*,*,#3550,.T.);
#3550 = EDGE_CURVE('',#3528,#3551,#3553,.T.);
#3551 = VERTEX_POINT('',#3552);
#3552 = CARTESIAN_POINT('',(56.75,30.,4.));
#3553 = SURFACE_CURVE('',#3554,(#3559,#3566),.PCURVE_S1.);
#3554 = CIRCLE('',#3555,4.);
#3555 = AXIS2_PLACEMENT_3D('',#3556,#3557,#3558);
#3556 = CARTESIAN_POINT('',(56.75,26.,4.));
#3557 = DIRECTION('',(0.,0.,1.));
#3558 = DIRECTION('',(0.,-1.,0.));
#3559 = PCURVE('',#100,#3560);
#3560 = DEFINITIONAL_REPRESENTATION('',(#3561),#3565);
#3561 = CIRCLE('',#3562,4.);
#3562 = AXIS2_PLACEMENT_2D('',#3563,#3564);
#3563 = CARTESIAN_POINT('',(46.,26.));
#3564 = DIRECTION('',(0.,-1.));
#3565 = ( GEOMETRIC_REPRESENTATION_CONTEXT(2) 
PARAMETRIC_REPRESENTATION_CONTEXT() REPRESENTATION_CONTEXT('2D SPACE',''
  ) );
#3566 = PCURVE('',#211,#3567);
#3567 = DEFINITIONAL_REPRESENTATION('',(#3568),#3572);
#3568 = LINE('',#3569,#3570);
#3569 = CARTESIAN_POINT('',(-1.570796326795,4.));
#3570 = VECTOR('',#3571,1.);
#3571 = DIRECTION('',(1.,0.));
#3572 = ( GEOMETRIC_REPRESENTATION_CONTEXT(2) 
PARAMETRIC_REPRESENTATION_CONTEXT() REPRESENTATION_CONTEXT('2D SPACE',''
  ) );
#3573 = ORIENTED_EDGE('',*,*,#3574,.T.);
#3574 = EDGE_CURVE('',#3551,#3575,#3577,.T.);
#3575 = VERTEX_POINT('',#3576);
#3576 = CARTESIAN_POINT('',(-35.25,30.,4.));
#3577 = SURFACE_CURVE('',#3578,(#3582,#3589),.PCURVE_S1.);
#3578 = LINE('',#3579,#3580);
#3579 = CARTESIAN_POINT('',(60.75,30.,4.));
#3580 = VECTOR('',#3581,1.);
#3581 = DIRECTION('',(-1.,0.,0.));
#3582 = PCURVE('',#100,#3583);
#3583 = DEFINITIONAL_REPRESENTATION('',(#3584),#3588);
#3584 = LINE('',#3585,#3586);
#3585 = CARTESIAN_POINT('',(50.,30.));
#3586 = VECTOR('',#3587,1.);
#3587 = DIRECTION('',(-1.,0.));
#3588 = ( GEOMETRIC_REPRESENTATION_CONTEXT(2) 
PARAMETRIC_REPRESENTATION_CONTEXT() REPRESENTATION_CONTEXT('2D SPACE',''
  ) );
#3589 = PCURVE('',#239,#3590);
#3590 = DEFINITIONAL_REPRESENTATION('',(#3591),#3595);
#3591 = LINE('',#3592,#3593);
#3592 = CARTESIAN_POINT('',(0.,-4.));
#3593 = VECTOR('',#3594,1.);
#3594 = DIRECTION('',(1.,0.));
#3595 = ( GEOMETRIC_REPRESENTATION_CONTEXT(2) 
PARAMETRIC_REPRESENTATION_CONTEXT() REPRESENTATION_CONTEXT('2D SPACE',''
  ) );
#3596 = ORIENTED_EDGE('',*,*,#3597,.T.);
#3597 = EDGE_CURVE('',#3575,#3598,#3600,.T.);
#3598 = VERTEX_POINT('',#3599);
#3599 = CARTESIAN_POINT('',(-39.25,26.,4.));
#3600 = SURFACE_CURVE('',#3601,(#3606,#3613),.PCURVE_S1.);
#3601 = CIRCLE('',#3602,4.);
#3602 = AXIS2_PLACEMENT_3D('',#3603,#3604,#3605);
#3603 = CARTESIAN_POINT('',(-35.25,26.,4.));
#3604 = DIRECTION('',(0.,0.,1.));
#3605 = DIRECTION('',(0.,-1.,0.));
#3606 = PCURVE('',#100,#3607);
#3607 = DEFINITIONAL_REPRESENTATION('',(#3608),#3612);
#3608 = CIRCLE('',#3609,4.);
#3609 = AXIS2_PLACEMENT_2D('',#3610,#3611);
#3610 = CARTESIAN_POINT('',(-46.,26.));
#3611 = DIRECTION('',(0.,-1.));
#3612 = ( GEOMETRIC_REPRESENTATION_CONTEXT(2) 
PARAMETRIC_REPRESENTATION_CONTEXT() REPRESENTATION_CONTEXT('2D SPACE',''
  ) );
#3613 = PCURVE('',#268,#3614);
#3614 = DEFINITIONAL_REPRESENTATION('',(#3615),#3619);
#3615 = LINE('',#3616,#3617);
#3616 = CARTESIAN_POINT('',(-3.14159265359,4.));
#3617 = VECTOR('',#3618,1.);
#3618 = DIRECTION('',(1.,0.));
#3619 = ( GEOMETRIC_REPRESENTATION_CONTEXT(2) 
PARAMETRIC_REPRESENTATION_CONTEXT() REPRESENTATION_CONTEXT('2D SPACE',''
  ) );
#3620 = ORIENTED_EDGE('',*,*,#3621,.T.);
#3621 = EDGE_CURVE('',#3598,#3423,#3622,.T.);
#3622 = SURFACE_CURVE('',#3623,(#3627,#3634),.PCURVE_S1.);
#3623 = LINE('',#3624,#3625);
#3624 = CARTESIAN_POINT('',(-39.25,30.,4.));
#3625 = VECTOR('',#3626,1.);
#3626 = DIRECTION('',(0.,-1.,0.));
#3627 = PCURVE('',#100,#3628);
#3628 = DEFINITIONAL_REPRESENTATION('',(#3629),#3633);
#3629 = LINE('',#3630,#3631);
#3630 = CARTESIAN_POINT('',(-50.,30.));
#3631 = VECTOR('',#3632,1.);
#3632 = DIRECTION('',(0.,-1.));
#3633 = ( GEOMETRIC_REPRESENTATION_CONTEXT(2) 
PARAMETRIC_REPRESENTATION_CONTEXT() REPRESENTATION_CONTEXT('2D SPACE',''
  ) );
#3634 = PCURVE('',#296,#3635);
#3635 = DEFINITIONAL_REPRESENTATION('',(#3636),#3640);
#3636 = LINE('',#3637,#3638);
#3637 = CARTESIAN_POINT('',(0.,-4.));
#3638 = VECTOR('',#3639,1.);
#3639 = DIRECTION('',(1.,0.));
#3640 = ( GEOMETRIC_REPRESENTATION_CONTEXT(2) 
PARAMETRIC_REPRESENTATION_CONTEXT() REPRESENTATION_CONTEXT('2D SPACE',''
  ) );
#3641 = ORIENTED_EDGE('',*,*,#3445,.F.);
#3642 = FACE_BOUND('',#3643,.T.);
#3643 = EDGE_LOOP('',(#3644));
#3644 = ORIENTED_EDGE('',*,*,#3645,.T.);
#3645 = EDGE_CURVE('',#3646,#3646,#3648,.T.);
#3646 = VERTEX_POINT('',#3647);
#3647 = CARTESIAN_POINT('',(-32.95,-20.,4.));
#3648 = SURFACE_CURVE('',#3649,(#3654,#3665),.PCURVE_S1.);
#3649 = CIRCLE('',#3650,1.3);
#3650 = AXIS2_PLACEMENT_3D('',#3651,#3652,#3653);
#3651 = CARTESIAN_POINT('',(-34.25,-20.,4.));
#3652 = DIRECTION('',(0.,0.,-1.));
#3653 = DIRECTION('',(1.,0.,0.));
#3654 = PCURVE('',#100,#3655);
#3655 = DEFINITIONAL_REPRESENTATION('',(#3656),#3664);
#3656 = ( BOUNDED_CURVE() B_SPLINE_CURVE(2,(#3657,#3658,#3659,#3660,
#3661,#3662,#3663),.UNSPECIFIED.,.T.,.F.) B_SPLINE_CURVE_WITH_KNOTS((1,2
    ,2,2,2,1),(-2.094395102393,0.,2.094395102393,4.188790204786,
6.28318530718,8.377580409573),.UNSPECIFIED.) CURVE() 
GEOMETRIC_REPRESENTATION_ITEM() RATIONAL_B_SPLINE_CURVE((1.,0.5,1.,0.5,
1.,0.5,1.)) REPRESENTATION_ITEM('') );
#3657 = CARTESIAN_POINT('',(-43.7,-20.));
#3658 = CARTESIAN_POINT('',(-43.7,-22.25166604984));
#3659 = CARTESIAN_POINT('',(-45.65,-21.12583302492));
#3660 = CARTESIAN_POINT('',(-47.6,-20.));
#3661 = CARTESIAN_POINT('',(-45.65,-18.87416697508));
#3662 = CARTESIAN_POINT('',(-43.7,-17.74833395016));
#3663 = CARTESIAN_POINT('',(-43.7,-20.));
#3664 = ( GEOMETRIC_REPRESENTATION_CONTEXT(2) 
PARAMETRIC_REPRESENTATION_CONTEXT() REPRESENTATION_CONTEXT('2D SPACE',''
  ) );
#3665 = PCURVE('',#463,#3666);
#3666 = DEFINITIONAL_REPRESENTATION('',(#3667),#3671);
#3667 = LINE('',#3668,#3669);
#3668 = CARTESIAN_POINT('',(-6.28318530718,-4.5));
#3669 = VECTOR('',#3670,1.);
#3670 = DIRECTION('',(1.,-0.));
#3671 = ( GEOMETRIC_REPRESENTATION_CONTEXT(2) 
PARAMETRIC_REPRESENTATION_CONTEXT() REPRESENTATION_CONTEXT('2D SPACE',''
  ) );
#3672 = FACE_BOUND('',#3673,.T.);
#3673 = EDGE_LOOP('',(#3674));
#3674 = ORIENTED_EDGE('',*,*,#3675,.T.);
#3675 = EDGE_CURVE('',#3676,#3676,#3678,.T.);
#3676 = VERTEX_POINT('',#3677);
#3677 = CARTESIAN_POINT('',(-27.95,-20.,4.));
#3678 = SURFACE_CURVE('',#3679,(#3684,#3695),.PCURVE_S1.);
#3679 = CIRCLE('',#3680,1.3);
#3680 = AXIS2_PLACEMENT_3D('',#3681,#3682,#3683);
#3681 = CARTESIAN_POINT('',(-29.25,-20.,4.));
#3682 = DIRECTION('',(0.,0.,-1.));
#3683 = DIRECTION('',(1.,0.,0.));
#3684 = PCURVE('',#100,#3685);
#3685 = DEFINITIONAL_REPRESENTATION('',(#3686),#3694);
#3686 = ( BOUNDED_CURVE() B_SPLINE_CURVE(2,(#3687,#3688,#3689,#3690,
#3691,#3692,#3693),.UNSPECIFIED.,.T.,.F.) B_SPLINE_CURVE_WITH_KNOTS((1,2
    ,2,2,2,1),(-2.094395102393,0.,2.094395102393,4.188790204786,
6.28318530718,8.377580409573),.UNSPECIFIED.) CURVE() 
GEOMETRIC_REPRESENTATION_ITEM() RATIONAL_B_SPLINE_CURVE((1.,0.5,1.,0.5,
1.,0.5,1.)) REPRESENTATION_ITEM('') );
#3687 = CARTESIAN_POINT('',(-38.7,-20.));
#3688 = CARTESIAN_POINT('',(-38.7,-22.25166604984));
#3689 = CARTESIAN_POINT('',(-40.65,-21.12583302492));
#3690 = CARTESIAN_POINT('',(-42.6,-20.));
#3691 = CARTESIAN_POINT('',(-40.65,-18.87416697508));
#3692 = CARTESIAN_POINT('',(-38.7,-17.74833395016));
#3693 = CARTESIAN_POINT('',(-38.7,-20.));
#3694 = ( GEOMETRIC_REPRESENTATION_CONTEXT(2) 
PARAMETRIC_REPRESENTATION_CONTEXT() REPRESENTATION_CONTEXT('2D SPACE',''
  ) );
#3695 = PCURVE('',#498,#3696);
#3696 = DEFINITIONAL_REPRESENTATION('',(#3697),#3701);
#3697 = LINE('',#3698,#3699);
#3698 = CARTESIAN_POINT('',(-6.28318530718,-4.5));
#3699 = VECTOR('',#3700,1.);
#3700 = DIRECTION('',(1.,-0.));
#3701 = ( GEOMETRIC_REPRESENTATION_CONTEXT(2) 
PARAMETRIC_REPRESENTATION_CONTEXT() REPRESENTATION_CONTEXT('2D SPACE',''
  ) );
#3702 = FACE_BOUND('',#3703,.T.);
#3703 = EDGE_LOOP('',(#3704,#3727,#3748,#3769));
#3704 = ORIENTED_EDGE('',*,*,#3705,.T.);
#3705 = EDGE_CURVE('',#3706,#3708,#3710,.T.);
#3706 = VERTEX_POINT('',#3707);
#3707 = CARTESIAN_POINT('',(-12.,-22.5,4.));
#3708 = VERTEX_POINT('',#3709);
#3709 = CARTESIAN_POINT('',(-12.,-27.,4.));
#3710 = SURFACE_CURVE('',#3711,(#3715,#3721),.PCURVE_S1.);
#3711 = LINE('',#3712,#3713);
#3712 = CARTESIAN_POINT('',(-12.,-13.5,4.));
#3713 = VECTOR('',#3714,1.);
#3714 = DIRECTION('',(0.,-1.,0.));
#3715 = PCURVE('',#100,#3716);
#3716 = DEFINITIONAL_REPRESENTATION('',(#3717),#3720);
#3717 = B_SPLINE_CURVE_WITH_KNOTS('',1,(#3718,#3719),.UNSPECIFIED.,.F.,
  .F.,(2,2),(9.,13.5),.PIECEWISE_BEZIER_KNOTS.);
#3718 = CARTESIAN_POINT('',(-22.75,-22.5));
#3719 = CARTESIAN_POINT('',(-22.75,-27.));
#3720 = ( GEOMETRIC_REPRESENTATION_CONTEXT(2) 
PARAMETRIC_REPRESENTATION_CONTEXT() REPRESENTATION_CONTEXT('2D SPACE',''
  ) );
#3721 = PCURVE('',#353,#3722);
#3722 = DEFINITIONAL_REPRESENTATION('',(#3723),#3726);
#3723 = B_SPLINE_CURVE_WITH_KNOTS('',1,(#3724,#3725),.UNSPECIFIED.,.F.,
  .F.,(2,2),(9.,13.5),.PIECEWISE_BEZIER_KNOTS.);
#3724 = CARTESIAN_POINT('',(4.5,-5.));
#3725 = CARTESIAN_POINT('',(0.,-5.));
#3726 = ( GEOMETRIC_REPRESENTATION_CONTEXT(2) 
PARAMETRIC_REPRESENTATION_CONTEXT() REPRESENTATION_CONTEXT('2D SPACE',''
  ) );
#3727 = ORIENTED_EDGE('',*,*,#3728,.T.);
#3728 = EDGE_CURVE('',#3708,#3729,#3731,.T.);
#3729 = VERTEX_POINT('',#3730);
#3730 = CARTESIAN_POINT('',(-38.,-27.,4.));
#3731 = SURFACE_CURVE('',#3732,(#3736,#3742),.PCURVE_S1.);
#3732 = LINE('',#3733,#3734);
#3733 = CARTESIAN_POINT('',(-13.625,-27.,4.));
#3734 = VECTOR('',#3735,1.);
#3735 = DIRECTION('',(-1.,0.,0.));
#3736 = PCURVE('',#100,#3737);
#3737 = DEFINITIONAL_REPRESENTATION('',(#3738),#3741);
#3738 = B_SPLINE_CURVE_WITH_KNOTS('',1,(#3739,#3740),.UNSPECIFIED.,.F.,
  .F.,(2,2),(-1.625,24.375),.PIECEWISE_BEZIER_KNOTS.);
#3739 = CARTESIAN_POINT('',(-22.75,-27.));
#3740 = CARTESIAN_POINT('',(-48.75,-27.));
#3741 = ( GEOMETRIC_REPRESENTATION_CONTEXT(2) 
PARAMETRIC_REPRESENTATION_CONTEXT() REPRESENTATION_CONTEXT('2D SPACE',''
  ) );
#3742 = PCURVE('',#379,#3743);
#3743 = DEFINITIONAL_REPRESENTATION('',(#3744),#3747);
#3744 = B_SPLINE_CURVE_WITH_KNOTS('',1,(#3745,#3746),.UNSPECIFIED.,.F.,
  .F.,(2,2),(-1.625,24.375),.PIECEWISE_BEZIER_KNOTS.);
#3745 = CARTESIAN_POINT('',(26.,-5.));
#3746 = CARTESIAN_POINT('',(0.,-5.));
#3747 = ( GEOMETRIC_REPRESENTATION_CONTEXT(2) 
PARAMETRIC_REPRESENTATION_CONTEXT() REPRESENTATION_CONTEXT('2D SPACE',''
  ) );
#3748 = ORIENTED_EDGE('',*,*,#3749,.T.);
#3749 = EDGE_CURVE('',#3729,#3750,#3752,.T.);
#3750 = VERTEX_POINT('',#3751);
#3751 = CARTESIAN_POINT('',(-38.,-22.5,4.));
#3752 = SURFACE_CURVE('',#3753,(#3757,#3763),.PCURVE_S1.);
#3753 = LINE('',#3754,#3755);
#3754 = CARTESIAN_POINT('',(-38.,-11.25,4.));
#3755 = VECTOR('',#3756,1.);
#3756 = DIRECTION('',(-0.,1.,0.));
#3757 = PCURVE('',#100,#3758);
#3758 = DEFINITIONAL_REPRESENTATION('',(#3759),#3762);
#3759 = B_SPLINE_CURVE_WITH_KNOTS('',1,(#3760,#3761),.UNSPECIFIED.,.F.,
  .F.,(2,2),(-15.75,-11.25),.PIECEWISE_BEZIER_KNOTS.);
#3760 = CARTESIAN_POINT('',(-48.75,-27.));
#3761 = CARTESIAN_POINT('',(-48.75,-22.5));
#3762 = ( GEOMETRIC_REPRESENTATION_CONTEXT(2) 
PARAMETRIC_REPRESENTATION_CONTEXT() REPRESENTATION_CONTEXT('2D SPACE',''
  ) );
#3763 = PCURVE('',#405,#3764);
#3764 = DEFINITIONAL_REPRESENTATION('',(#3765),#3768);
#3765 = B_SPLINE_CURVE_WITH_KNOTS('',1,(#3766,#3767),.UNSPECIFIED.,.F.,
  .F.,(2,2),(-15.75,-11.25),.PIECEWISE_BEZIER_KNOTS.);
#3766 = CARTESIAN_POINT('',(4.5,-5.));
#3767 = CARTESIAN_POINT('',(0.,-5.));
#3768 = ( GEOMETRIC_REPRESENTATION_CONTEXT(2) 
PARAMETRIC_REPRESENTATION_CONTEXT() REPRESENTATION_CONTEXT('2D SPACE',''
  ) );
#3769 = ORIENTED_EDGE('',*,*,#3770,.T.);
#3770 = EDGE_CURVE('',#3750,#3706,#3771,.T.);
#3771 = SURFACE_CURVE('',#3772,(#3776,#3782),.PCURVE_S1.);
#3772 = LINE('',#3773,#3774);
#3773 = CARTESIAN_POINT('',(-0.625,-22.5,4.));
#3774 = VECTOR('',#3775,1.);
#3775 = DIRECTION('',(1.,0.,-0.));
#3776 = PCURVE('',#100,#3777);
#3777 = DEFINITIONAL_REPRESENTATION('',(#3778),#3781);
#3778 = B_SPLINE_CURVE_WITH_KNOTS('',1,(#3779,#3780),.UNSPECIFIED.,.F.,
  .F.,(2,2),(-37.375,-11.375),.PIECEWISE_BEZIER_KNOTS.);
#3779 = CARTESIAN_POINT('',(-48.75,-22.5));
#3780 = CARTESIAN_POINT('',(-22.75,-22.5));
#3781 = ( GEOMETRIC_REPRESENTATION_CONTEXT(2) 
PARAMETRIC_REPRESENTATION_CONTEXT() REPRESENTATION_CONTEXT('2D SPACE',''
  ) );
#3782 = PCURVE('',#429,#3783);
#3783 = DEFINITIONAL_REPRESENTATION('',(#3784),#3787);
#3784 = B_SPLINE_CURVE_WITH_KNOTS('',1,(#3785,#3786),.UNSPECIFIED.,.F.,
  .F.,(2,2),(-37.375,-11.375),.PIECEWISE_BEZIER_KNOTS.);
#3785 = CARTESIAN_POINT('',(26.,-5.));
#3786 = CARTESIAN_POINT('',(0.,-5.));
#3787 = ( GEOMETRIC_REPRESENTATION_CONTEXT(2) 
PARAMETRIC_REPRESENTATION_CONTEXT() REPRESENTATION_CONTEXT('2D SPACE',''
  ) );
#3788 = FACE_BOUND('',#3789,.T.);
#3789 = EDGE_LOOP('',(#3790));
#3790 = ORIENTED_EDGE('',*,*,#3791,.T.);
#3791 = EDGE_CURVE('',#3792,#3792,#3794,.T.);
#3792 = VERTEX_POINT('',#3793);
#3793 = CARTESIAN_POINT('',(-22.95,-20.,4.));
#3794 = SURFACE_CURVE('',#3795,(#3800,#3811),.PCURVE_S1.);
#3795 = CIRCLE('',#3796,1.3);
#3796 = AXIS2_PLACEMENT_3D('',#3797,#3798,#3799);
#3797 = CARTESIAN_POINT('',(-24.25,-20.,4.));
#3798 = DIRECTION('',(0.,0.,-1.));
#3799 = DIRECTION('',(1.,0.,0.));
#3800 = PCURVE('',#100,#3801);
#3801 = DEFINITIONAL_REPRESENTATION('',(#3802),#3810);
#3802 = ( BOUNDED_CURVE() B_SPLINE_CURVE(2,(#3803,#3804,#3805,#3806,
#3807,#3808,#3809),.UNSPECIFIED.,.T.,.F.) B_SPLINE_CURVE_WITH_KNOTS((1,2
    ,2,2,2,1),(-2.094395102393,0.,2.094395102393,4.188790204786,
6.28318530718,8.377580409573),.UNSPECIFIED.) CURVE() 
GEOMETRIC_REPRESENTATION_ITEM() RATIONAL_B_SPLINE_CURVE((1.,0.5,1.,0.5,
1.,0.5,1.)) REPRESENTATION_ITEM('') );
#3803 = CARTESIAN_POINT('',(-33.7,-20.));
#3804 = CARTESIAN_POINT('',(-33.7,-22.25166604984));
#3805 = CARTESIAN_POINT('',(-35.65,-21.12583302492));
#3806 = CARTESIAN_POINT('',(-37.6,-20.));
#3807 = CARTESIAN_POINT('',(-35.65,-18.87416697508));
#3808 = CARTESIAN_POINT('',(-33.7,-17.74833395016));
#3809 = CARTESIAN_POINT('',(-33.7,-20.));
#3810 = ( GEOMETRIC_REPRESENTATION_CONTEXT(2) 
PARAMETRIC_REPRESENTATION_CONTEXT() REPRESENTATION_CONTEXT('2D SPACE',''
  ) );
#3811 = PCURVE('',#533,#3812);
#3812 = DEFINITIONAL_REPRESENTATION('',(#3813),#3817);
#3813 = LINE('',#3814,#3815);
#3814 = CARTESIAN_POINT('',(-6.28318530718,-4.5));
#3815 = VECTOR('',#3816,1.);
#3816 = DIRECTION('',(1.,-0.));
#3817 = ( GEOMETRIC_REPRESENTATION_CONTEXT(2) 
PARAMETRIC_REPRESENTATION_CONTEXT() REPRESENTATION_CONTEXT('2D SPACE',''
  ) );
#3818 = FACE_BOUND('',#3819,.T.);
#3819 = EDGE_LOOP('',(#3820));
#3820 = ORIENTED_EDGE('',*,*,#3821,.T.);
#3821 = EDGE_CURVE('',#3822,#3822,#3824,.T.);
#3822 = VERTEX_POINT('',#3823);
#3823 = CARTESIAN_POINT('',(-17.95,-20.,4.));
#3824 = SURFACE_CURVE('',#3825,(#3830,#3841),.PCURVE_S1.);
#3825 = CIRCLE('',#3826,1.3);
#3826 = AXIS2_PLACEMENT_3D('',#3827,#3828,#3829);
#3827 = CARTESIAN_POINT('',(-19.25,-20.,4.));
#3828 = DIRECTION('',(0.,0.,-1.));
#3829 = DIRECTION('',(1.,0.,0.));
#3830 = PCURVE('',#100,#3831);
#3831 = DEFINITIONAL_REPRESENTATION('',(#3832),#3840);
#3832 = ( BOUNDED_CURVE() B_SPLINE_CURVE(2,(#3833,#3834,#3835,#3836,
#3837,#3838,#3839),.UNSPECIFIED.,.T.,.F.) B_SPLINE_CURVE_WITH_KNOTS((1,2
    ,2,2,2,1),(-2.094395102393,0.,2.094395102393,4.188790204786,
6.28318530718,8.377580409573),.UNSPECIFIED.) CURVE() 
GEOMETRIC_REPRESENTATION_ITEM() RATIONAL_B_SPLINE_CURVE((1.,0.5,1.,0.5,
1.,0.5,1.)) REPRESENTATION_ITEM('') );
#3833 = CARTESIAN_POINT('',(-28.7,-20.));
#3834 = CARTESIAN_POINT('',(-28.7,-22.25166604984));
#3835 = CARTESIAN_POINT('',(-30.65,-21.12583302492));
#3836 = CARTESIAN_POINT('',(-32.6,-20.));
#3837 = CARTESIAN_POINT('',(-30.65,-18.87416697508));
#3838 = CARTESIAN_POINT('',(-28.7,-17.74833395016));
#3839 = CARTESIAN_POINT('',(-28.7,-20.));
#3840 = ( GEOMETRIC_REPRESENTATION_CONTEXT(2) 
PARAMETRIC_REPRESENTATION_CONTEXT() REPRESENTATION_CONTEXT('2D SPACE',''
  ) );
#3841 = PCURVE('',#568,#3842);
#3842 = DEFINITIONAL_REPRESENTATION('',(#3843),#3847);
#3843 = LINE('',#3844,#3845);
#3844 = CARTESIAN_POINT('',(-6.28318530718,-4.5));
#3845 = VECTOR('',#3846,1.);
#3846 = DIRECTION('',(1.,-0.));
#3847 = ( GEOMETRIC_REPRESENTATION_CONTEXT(2) 
PARAMETRIC_REPRESENTATION_CONTEXT() REPRESENTATION_CONTEXT('2D SPACE',''
  ) );
#3848 = FACE_BOUND('',#3849,.T.);
#3849 = EDGE_LOOP('',(#3850));
#3850 = ORIENTED_EDGE('',*,*,#3851,.T.);
#3851 = EDGE_CURVE('',#3852,#3852,#3854,.T.);
#3852 = VERTEX_POINT('',#3853);
#3853 = CARTESIAN_POINT('',(-12.95,-20.,4.));
#3854 = SURFACE_CURVE('',#3855,(#3860,#3871),.PCURVE_S1.);
#3855 = CIRCLE('',#3856,1.3);
#3856 = AXIS2_PLACEMENT_3D('',#3857,#3858,#3859);
#3857 = CARTESIAN_POINT('',(-14.25,-20.,4.));
#3858 = DIRECTION('',(0.,0.,-1.));
#3859 = DIRECTION('',(1.,0.,0.));
#3860 = PCURVE('',#100,#3861);
#3861 = DEFINITIONAL_REPRESENTATION('',(#3862),#3870);
#3862 = ( BOUNDED_CURVE() B_SPLINE_CURVE(2,(#3863,#3864,#3865,#3866,
#3867,#3868,#3869),.UNSPECIFIED.,.T.,.F.) B_SPLINE_CURVE_WITH_KNOTS((1,2
    ,2,2,2,1),(-2.094395102393,0.,2.094395102393,4.188790204786,
6.28318530718,8.377580409573),.UNSPECIFIED.) CURVE() 
GEOMETRIC_REPRESENTATION_ITEM() RATIONAL_B_SPLINE_CURVE((1.,0.5,1.,0.5,
1.,0.5,1.)) REPRESENTATION_ITEM('') );
#3863 = CARTESIAN_POINT('',(-23.7,-20.));
#3864 = CARTESIAN_POINT('',(-23.7,-22.25166604984));
#3865 = CARTESIAN_POINT('',(-25.65,-21.12583302492));
#3866 = CARTESIAN_POINT('',(-27.6,-20.));
#3867 = CARTESIAN_POINT('',(-25.65,-18.87416697508));
#3868 = CARTESIAN_POINT('',(-23.7,-17.74833395016));
#3869 = CARTESIAN_POINT('',(-23.7,-20.));
#3870 = ( GEOMETRIC_REPRESENTATION_CONTEXT(2) 
PARAMETRIC_REPRESENTATION_CONTEXT() REPRESENTATION_CONTEXT('2D SPACE',''
  ) );
#3871 = PCURVE('',#603,#3872);
#3872 = DEFINITIONAL_REPRESENTATION('',(#3873),#3877);
#3873 = LINE('',#3874,#3875);
#3874 = CARTESIAN_POINT('',(-6.28318530718,-4.5));
#3875 = VECTOR('',#3876,1.);
#3876 = DIRECTION('',(1.,-0.));
#3877 = ( GEOMETRIC_REPRESENTATION_CONTEXT(2) 
PARAMETRIC_REPRESENTATION_CONTEXT() REPRESENTATION_CONTEXT('2D SPACE',''
  ) );
#3878 = FACE_BOUND('',#3879,.T.);
#3879 = EDGE_LOOP('',(#3880));
#3880 = ORIENTED_EDGE('',*,*,#3881,.T.);
#3881 = EDGE_CURVE('',#3882,#3882,#3884,.T.);
#3882 = VERTEX_POINT('',#3883);
#3883 = CARTESIAN_POINT('',(-7.95,-25.,4.));
#3884 = SURFACE_CURVE('',#3885,(#3890,#3901),.PCURVE_S1.);
#3885 = CIRCLE('',#3886,1.3);
#3886 = AXIS2_PLACEMENT_3D('',#3887,#3888,#3889);
#3887 = CARTESIAN_POINT('',(-9.25,-25.,4.));
#3888 = DIRECTION('',(0.,0.,-1.));
#3889 = DIRECTION('',(1.,0.,0.));
#3890 = PCURVE('',#100,#3891);
#3891 = DEFINITIONAL_REPRESENTATION('',(#3892),#3900);
#3892 = ( BOUNDED_CURVE() B_SPLINE_CURVE(2,(#3893,#3894,#3895,#3896,
#3897,#3898,#3899),.UNSPECIFIED.,.T.,.F.) B_SPLINE_CURVE_WITH_KNOTS((1,2
    ,2,2,2,1),(-2.094395102393,0.,2.094395102393,4.188790204786,
6.28318530718,8.377580409573),.UNSPECIFIED.) CURVE() 
GEOMETRIC_REPRESENTATION_ITEM() RATIONAL_B_SPLINE_CURVE((1.,0.5,1.,0.5,
1.,0.5,1.)) REPRESENTATION_ITEM('') );
#3893 = CARTESIAN_POINT('',(-18.7,-25.));
#3894 = CARTESIAN_POINT('',(-18.7,-27.25166604984));
#3895 = CARTESIAN_POINT('',(-20.65,-26.12583302492));
#3896 = CARTESIAN_POINT('',(-22.6,-25.));
#3897 = CARTESIAN_POINT('',(-20.65,-23.87416697508));
#3898 = CARTESIAN_POINT('',(-18.7,-22.74833395016));
#3899 = CARTESIAN_POINT('',(-18.7,-25.));
#3900 = ( GEOMETRIC_REPRESENTATION_CONTEXT(2) 
PARAMETRIC_REPRESENTATION_CONTEXT() REPRESENTATION_CONTEXT('2D SPACE',''
  ) );
#3901 = PCURVE('',#638,#3902);
#3902 = DEFINITIONAL_REPRESENTATION('',(#3903),#3907);
#3903 = LINE('',#3904,#3905);
#3904 = CARTESIAN_POINT('',(-6.28318530718,-4.5));
#3905 = VECTOR('',#3906,1.);
#3906 = DIRECTION('',(1.,-0.));
#3907 = ( GEOMETRIC_REPRESENTATION_CONTEXT(2) 
PARAMETRIC_REPRESENTATION_CONTEXT() REPRESENTATION_CONTEXT('2D SPACE',''
  ) );
#3908 = FACE_BOUND('',#3909,.T.);
#3909 = EDGE_LOOP('',(#3910));
#3910 = ORIENTED_EDGE('',*,*,#3911,.T.);
#3911 = EDGE_CURVE('',#3912,#3912,#3914,.T.);
#3912 = VERTEX_POINT('',#3913);
#3913 = CARTESIAN_POINT('',(-2.95,-25.,4.));
#3914 = SURFACE_CURVE('',#3915,(#3920,#3931),.PCURVE_S1.);
#3915 = CIRCLE('',#3916,1.3);
#3916 = AXIS2_PLACEMENT_3D('',#3917,#3918,#3919);
#3917 = CARTESIAN_POINT('',(-4.25,-25.,4.));
#3918 = DIRECTION('',(0.,0.,-1.));
#3919 = DIRECTION('',(1.,0.,0.));
#3920 = PCURVE('',#100,#3921);
#3921 = DEFINITIONAL_REPRESENTATION('',(#3922),#3930);
#3922 = ( BOUNDED_CURVE() B_SPLINE_CURVE(2,(#3923,#3924,#3925,#3926,
#3927,#3928,#3929),.UNSPECIFIED.,.T.,.F.) B_SPLINE_CURVE_WITH_KNOTS((1,2
    ,2,2,2,1),(-2.094395102393,0.,2.094395102393,4.188790204786,
6.28318530718,8.377580409573),.UNSPECIFIED.) CURVE() 
GEOMETRIC_REPRESENTATION_ITEM() RATIONAL_B_SPLINE_CURVE((1.,0.5,1.,0.5,
1.,0.5,1.)) REPRESENTATION_ITEM('') );
#3923 = CARTESIAN_POINT('',(-13.7,-25.));
#3924 = CARTESIAN_POINT('',(-13.7,-27.25166604984));
#3925 = CARTESIAN_POINT('',(-15.65,-26.12583302492));
#3926 = CARTESIAN_POINT('',(-17.6,-25.));
#3927 = CARTESIAN_POINT('',(-15.65,-23.87416697508));
#3928 = CARTESIAN_POINT('',(-13.7,-22.74833395016));
#3929 = CARTESIAN_POINT('',(-13.7,-25.));
#3930 = ( GEOMETRIC_REPRESENTATION_CONTEXT(2) 
PARAMETRIC_REPRESENTATION_CONTEXT() REPRESENTATION_CONTEXT('2D SPACE',''
  ) );
#3931 = PCURVE('',#673,#3932);
#3932 = DEFINITIONAL_REPRESENTATION('',(#3933),#3937);
#3933 = LINE('',#3934,#3935);
#3934 = CARTESIAN_POINT('',(-6.28318530718,-4.5));
#3935 = VECTOR('',#3936,1.);
#3936 = DIRECTION('',(1.,-0.));
#3937 = ( GEOMETRIC_REPRESENTATION_CONTEXT(2) 
PARAMETRIC_REPRESENTATION_CONTEXT() REPRESENTATION_CONTEXT('2D SPACE',''
  ) );
#3938 = FACE_BOUND('',#3939,.T.);
#3939 = EDGE_LOOP('',(#3940));
#3940 = ORIENTED_EDGE('',*,*,#3941,.T.);
#3941 = EDGE_CURVE('',#3942,#3942,#3944,.T.);
#3942 = VERTEX_POINT('',#3943);
#3943 = CARTESIAN_POINT('',(-7.95,-20.,4.));
#3944 = SURFACE_CURVE('',#3945,(#3950,#3961),.PCURVE_S1.);
#3945 = CIRCLE('',#3946,1.3);
#3946 = AXIS2_PLACEMENT_3D('',#3947,#3948,#3949);
#3947 = CARTESIAN_POINT('',(-9.25,-20.,4.));
#3948 = DIRECTION('',(0.,0.,-1.));
#3949 = DIRECTION('',(1.,0.,0.));
#3950 = PCURVE('',#100,#3951);
#3951 = DEFINITIONAL_REPRESENTATION('',(#3952),#3960);
#3952 = ( BOUNDED_CURVE() B_SPLINE_CURVE(2,(#3953,#3954,#3955,#3956,
#3957,#3958,#3959),.UNSPECIFIED.,.T.,.F.) B_SPLINE_CURVE_WITH_KNOTS((1,2
    ,2,2,2,1),(-2.094395102393,0.,2.094395102393,4.188790204786,
6.28318530718,8.377580409573),.UNSPECIFIED.) CURVE() 
GEOMETRIC_REPRESENTATION_ITEM() RATIONAL_B_SPLINE_CURVE((1.,0.5,1.,0.5,
1.,0.5,1.)) REPRESENTATION_ITEM('') );
#3953 = CARTESIAN_POINT('',(-18.7,-20.));
#3954 = CARTESIAN_POINT('',(-18.7,-22.25166604984));
#3955 = CARTESIAN_POINT('',(-20.65,-21.12583302492));
#3956 = CARTESIAN_POINT('',(-22.6,-20.));
#3957 = CARTESIAN_POINT('',(-20.65,-18.87416697508));
#3958 = CARTESIAN_POINT('',(-18.7,-17.74833395016));
#3959 = CARTESIAN_POINT('',(-18.7,-20.));
#3960 = ( GEOMETRIC_REPRESENTATION_CONTEXT(2) 
PARAMETRIC_REPRESENTATION_CONTEXT() REPRESENTATION_CONTEXT('2D SPACE',''
  ) );
#3961 = PCURVE('',#778,#3962);
#3962 = DEFINITIONAL_REPRESENTATION('',(#3963),#3967);
#3963 = LINE('',#3964,#3965);
#3964 = CARTESIAN_POINT('',(-6.28318530718,-4.5));
#3965 = VECTOR('',#3966,1.);
#3966 = DIRECTION('',(1.,-0.));
#3967 = ( GEOMETRIC_REPRESENTATION_CONTEXT(2) 
PARAMETRIC_REPRESENTATION_CONTEXT() REPRESENTATION_CONTEXT('2D SPACE',''
  ) );
#3968 = FACE_BOUND('',#3969,.T.);
#3969 = EDGE_LOOP('',(#3970));
#3970 = ORIENTED_EDGE('',*,*,#3971,.T.);
#3971 = EDGE_CURVE('',#3972,#3972,#3974,.T.);
#3972 = VERTEX_POINT('',#3973);
#3973 = CARTESIAN_POINT('',(-2.95,-20.,4.));
#3974 = SURFACE_CURVE('',#3975,(#3980,#3991),.PCURVE_S1.);
#3975 = CIRCLE('',#3976,1.3);
#3976 = AXIS2_PLACEMENT_3D('',#3977,#3978,#3979);
#3977 = CARTESIAN_POINT('',(-4.25,-20.,4.));
#3978 = DIRECTION('',(0.,0.,-1.));
#3979 = DIRECTION('',(1.,0.,0.));
#3980 = PCURVE('',#100,#3981);
#3981 = DEFINITIONAL_REPRESENTATION('',(#3982),#3990);
#3982 = ( BOUNDED_CURVE() B_SPLINE_CURVE(2,(#3983,#3984,#3985,#3986,
#3987,#3988,#3989),.UNSPECIFIED.,.T.,.F.) B_SPLINE_CURVE_WITH_KNOTS((1,2
    ,2,2,2,1),(-2.094395102393,0.,2.094395102393,4.188790204786,
6.28318530718,8.377580409573),.UNSPECIFIED.) CURVE() 
GEOMETRIC_REPRESENTATION_ITEM() RATIONAL_B_SPLINE_CURVE((1.,0.5,1.,0.5,
1.,0.5,1.)) REPRESENTATION_ITEM('') );
#3983 = CARTESIAN_POINT('',(-13.7,-20.));
#3984 = CARTESIAN_POINT('',(-13.7,-22.25166604984));
#3985 = CARTESIAN_POINT('',(-15.65,-21.12583302492));
#3986 = CARTESIAN_POINT('',(-17.6,-20.));
#3987 = CARTESIAN_POINT('',(-15.65,-18.87416697508));
#3988 = CARTESIAN_POINT('',(-13.7,-17.74833395016));
#3989 = CARTESIAN_POINT('',(-13.7,-20.));
#3990 = ( GEOMETRIC_REPRESENTATION_CONTEXT(2) 
PARAMETRIC_REPRESENTATION_CONTEXT() REPRESENTATION_CONTEXT('2D SPACE',''
  ) );
#3991 = PCURVE('',#813,#3992);
#3992 = DEFINITIONAL_REPRESENTATION('',(#3993),#3997);
#3993 = LINE('',#3994,#3995);
#3994 = CARTESIAN_POINT('',(-6.28318530718,-4.5));
#3995 = VECTOR('',#3996,1.);
#3996 = DIRECTION('',(1.,-0.));
#3997 = ( GEOMETRIC_REPRESENTATION_CONTEXT(2) 
PARAMETRIC_REPRESENTATION_CONTEXT() REPRESENTATION_CONTEXT('2D SPACE',''
  ) );
#3998 = FACE_BOUND('',#3999,.T.);
#3999 = EDGE_LOOP('',(#4000));
#4000 = ORIENTED_EDGE('',*,*,#4001,.T.);
#4001 = EDGE_CURVE('',#4002,#4002,#4004,.T.);
#4002 = VERTEX_POINT('',#4003);
#4003 = CARTESIAN_POINT('',(2.05,-25.,4.));
#4004 = SURFACE_CURVE('',#4005,(#4010,#4021),.PCURVE_S1.);
#4005 = CIRCLE('',#4006,1.3);
#4006 = AXIS2_PLACEMENT_3D('',#4007,#4008,#4009);
#4007 = CARTESIAN_POINT('',(0.75,-25.,4.));
#4008 = DIRECTION('',(0.,0.,-1.));
#4009 = DIRECTION('',(1.,0.,0.));
#4010 = PCURVE('',#100,#4011);
#4011 = DEFINITIONAL_REPRESENTATION('',(#4012),#4020);
#4012 = ( BOUNDED_CURVE() B_SPLINE_CURVE(2,(#4013,#4014,#4015,#4016,
#4017,#4018,#4019),.UNSPECIFIED.,.T.,.F.) B_SPLINE_CURVE_WITH_KNOTS((1,2
    ,2,2,2,1),(-2.094395102393,0.,2.094395102393,4.188790204786,
6.28318530718,8.377580409573),.UNSPECIFIED.) CURVE() 
GEOMETRIC_REPRESENTATION_ITEM() RATIONAL_B_SPLINE_CURVE((1.,0.5,1.,0.5,
1.,0.5,1.)) REPRESENTATION_ITEM('') );
#4013 = CARTESIAN_POINT('',(-8.7,-25.));
#4014 = CARTESIAN_POINT('',(-8.7,-27.25166604984));
#4015 = CARTESIAN_POINT('',(-10.65,-26.12583302492));
#4016 = CARTESIAN_POINT('',(-12.6,-25.));
#4017 = CARTESIAN_POINT('',(-10.65,-23.87416697508));
#4018 = CARTESIAN_POINT('',(-8.7,-22.74833395016));
#4019 = CARTESIAN_POINT('',(-8.7,-25.));
#4020 = ( GEOMETRIC_REPRESENTATION_CONTEXT(2) 
PARAMETRIC_REPRESENTATION_CONTEXT() REPRESENTATION_CONTEXT('2D SPACE',''
  ) );
#4021 = PCURVE('',#708,#4022);
#4022 = DEFINITIONAL_REPRESENTATION('',(#4023),#4027);
#4023 = LINE('',#4024,#4025);
#4024 = CARTESIAN_POINT('',(-6.28318530718,-4.5));
#4025 = VECTOR('',#4026,1.);
#4026 = DIRECTION('',(1.,-0.));
#4027 = ( GEOMETRIC_REPRESENTATION_CONTEXT(2) 
PARAMETRIC_REPRESENTATION_CONTEXT() REPRESENTATION_CONTEXT('2D SPACE',''
  ) );
#4028 = FACE_BOUND('',#4029,.T.);
#4029 = EDGE_LOOP('',(#4030));
#4030 = ORIENTED_EDGE('',*,*,#4031,.T.);
#4031 = EDGE_CURVE('',#4032,#4032,#4034,.T.);
#4032 = VERTEX_POINT('',#4033);
#4033 = CARTESIAN_POINT('',(7.05,-25.,4.));
#4034 = SURFACE_CURVE('',#4035,(#4040,#4051),.PCURVE_S1.);
#4035 = CIRCLE('',#4036,1.3);
#4036 = AXIS2_PLACEMENT_3D('',#4037,#4038,#4039);
#4037 = CARTESIAN_POINT('',(5.75,-25.,4.));
#4038 = DIRECTION('',(0.,0.,-1.));
#4039 = DIRECTION('',(1.,0.,0.));
#4040 = PCURVE('',#100,#4041);
#4041 = DEFINITIONAL_REPRESENTATION('',(#4042),#4050);
#4042 = ( BOUNDED_CURVE() B_SPLINE_CURVE(2,(#4043,#4044,#4045,#4046,
#4047,#4048,#4049),.UNSPECIFIED.,.T.,.F.) B_SPLINE_CURVE_WITH_KNOTS((1,2
    ,2,2,2,1),(-2.094395102393,0.,2.094395102393,4.188790204786,
6.28318530718,8.377580409573),.UNSPECIFIED.) CURVE() 
GEOMETRIC_REPRESENTATION_ITEM() RATIONAL_B_SPLINE_CURVE((1.,0.5,1.,0.5,
1.,0.5,1.)) REPRESENTATION_ITEM('') );
#4043 = CARTESIAN_POINT('',(-3.7,-25.));
#4044 = CARTESIAN_POINT('',(-3.7,-27.25166604984));
#4045 = CARTESIAN_POINT('',(-5.65,-26.12583302492));
#4046 = CARTESIAN_POINT('',(-7.6,-25.));
#4047 = CARTESIAN_POINT('',(-5.65,-23.87416697508));
#4048 = CARTESIAN_POINT('',(-3.7,-22.74833395016));
#4049 = CARTESIAN_POINT('',(-3.7,-25.));
#4050 = ( GEOMETRIC_REPRESENTATION_CONTEXT(2) 
PARAMETRIC_REPRESENTATION_CONTEXT() REPRESENTATION_CONTEXT('2D SPACE',''
  ) );
#4051 = PCURVE('',#743,#4052);
#4052 = DEFINITIONAL_REPRESENTATION('',(#4053),#4057);
#4053 = LINE('',#4054,#4055);
#4054 = CARTESIAN_POINT('',(-6.28318530718,-4.5));
#4055 = VECTOR('',#4056,1.);
#4056 = DIRECTION('',(1.,-0.));
#4057 = ( GEOMETRIC_REPRESENTATION_CONTEXT(2) 
PARAMETRIC_REPRESENTATION_CONTEXT() REPRESENTATION_CONTEXT('2D SPACE',''
  ) );
#4058 = FACE_BOUND('',#4059,.T.);
#4059 = EDGE_LOOP('',(#4060));
#4060 = ORIENTED_EDGE('',*,*,#4061,.T.);
#4061 = EDGE_CURVE('',#4062,#4062,#4064,.T.);
#4062 = VERTEX_POINT('',#4063);
#4063 = CARTESIAN_POINT('',(2.05,-20.,4.));
#4064 = SURFACE_CURVE('',#4065,(#4070,#4081),.PCURVE_S1.);
#4065 = CIRCLE('',#4066,1.3);
#4066 = AXIS2_PLACEMENT_3D('',#4067,#4068,#4069);
#4067 = CARTESIAN_POINT('',(0.75,-20.,4.));
#4068 = DIRECTION('',(0.,0.,-1.));
#4069 = DIRECTION('',(1.,0.,0.));
#4070 = PCURVE('',#100,#4071);
#4071 = DEFINITIONAL_REPRESENTATION('',(#4072),#4080);
#4072 = ( BOUNDED_CURVE() B_SPLINE_CURVE(2,(#4073,#4074,#4075,#4076,
#4077,#4078,#4079),.UNSPECIFIED.,.T.,.F.) B_SPLINE_CURVE_WITH_KNOTS((1,2
    ,2,2,2,1),(-2.094395102393,0.,2.094395102393,4.188790204786,
6.28318530718,8.377580409573),.UNSPECIFIED.) CURVE() 
GEOMETRIC_REPRESENTATION_ITEM() RATIONAL_B_SPLINE_CURVE((1.,0.5,1.,0.5,
1.,0.5,1.)) REPRESENTATION_ITEM('') );
#4073 = CARTESIAN_POINT('',(-8.7,-20.));
#4074 = CARTESIAN_POINT('',(-8.7,-22.25166604984));
#4075 = CARTESIAN_POINT('',(-10.65,-21.12583302492));
#4076 = CARTESIAN_POINT('',(-12.6,-20.));
#4077 = CARTESIAN_POINT('',(-10.65,-18.87416697508));
#4078 = CARTESIAN_POINT('',(-8.7,-17.74833395016));
#4079 = CARTESIAN_POINT('',(-8.7,-20.));
#4080 = ( GEOMETRIC_REPRESENTATION_CONTEXT(2) 
PARAMETRIC_REPRESENTATION_CONTEXT() REPRESENTATION_CONTEXT('2D SPACE',''
  ) );
#4081 = PCURVE('',#848,#4082);
#4082 = DEFINITIONAL_REPRESENTATION('',(#4083),#4087);
#4083 = LINE('',#4084,#4085);
#4084 = CARTESIAN_POINT('',(-6.28318530718,-4.5));
#4085 = VECTOR('',#4086,1.);
#4086 = DIRECTION('',(1.,-0.));
#4087 = ( GEOMETRIC_REPRESENTATION_CONTEXT(2) 
PARAMETRIC_REPRESENTATION_CONTEXT() REPRESENTATION_CONTEXT('2D SPACE',''
  ) );
#4088 = FACE_BOUND('',#4089,.T.);
#4089 = EDGE_LOOP('',(#4090));
#4090 = ORIENTED_EDGE('',*,*,#4091,.T.);
#4091 = EDGE_CURVE('',#4092,#4092,#4094,.T.);
#4092 = VERTEX_POINT('',#4093);
#4093 = CARTESIAN_POINT('',(7.05,-20.,4.));
#4094 = SURFACE_CURVE('',#4095,(#4100,#4111),.PCURVE_S1.);
#4095 = CIRCLE('',#4096,1.3);
#4096 = AXIS2_PLACEMENT_3D('',#4097,#4098,#4099);
#4097 = CARTESIAN_POINT('',(5.75,-20.,4.));
#4098 = DIRECTION('',(0.,0.,-1.));
#4099 = DIRECTION('',(1.,0.,0.));
#4100 = PCURVE('',#100,#4101);
#4101 = DEFINITIONAL_REPRESENTATION('',(#4102),#4110);
#4102 = ( BOUNDED_CURVE() B_SPLINE_CURVE(2,(#4103,#4104,#4105,#4106,
#4107,#4108,#4109),.UNSPECIFIED.,.T.,.F.) B_SPLINE_CURVE_WITH_KNOTS((1,2
    ,2,2,2,1),(-2.094395102393,0.,2.094395102393,4.188790204786,
6.28318530718,8.377580409573),.UNSPECIFIED.) CURVE() 
GEOMETRIC_REPRESENTATION_ITEM() RATIONAL_B_SPLINE_CURVE((1.,0.5,1.,0.5,
1.,0.5,1.)) REPRESENTATION_ITEM('') );
#4103 = CARTESIAN_POINT('',(-3.7,-20.));
#4104 = CARTESIAN_POINT('',(-3.7,-22.25166604984));
#4105 = CARTESIAN_POINT('',(-5.65,-21.12583302492));
#4106 = CARTESIAN_POINT('',(-7.6,-20.));
#4107 = CARTESIAN_POINT('',(-5.65,-18.87416697508));
#4108 = CARTESIAN_POINT('',(-3.7,-17.74833395016));
#4109 = CARTESIAN_POINT('',(-3.7,-20.));
#4110 = ( GEOMETRIC_REPRESENTATION_CONTEXT(2) 
PARAMETRIC_REPRESENTATION_CONTEXT() REPRESENTATION_CONTEXT('2D SPACE',''
  ) );
#4111 = PCURVE('',#883,#4112);
#4112 = DEFINITIONAL_REPRESENTATION('',(#4113),#4117);
#4113 = LINE('',#4114,#4115);
#4114 = CARTESIAN_POINT('',(-6.28318530718,-4.5));
#4115 = VECTOR('',#4116,1.);
#4116 = DIRECTION('',(1.,-0.));
#4117 = ( GEOMETRIC_REPRESENTATION_CONTEXT(2) 
PARAMETRIC_REPRESENTATION_CONTEXT() REPRESENTATION_CONTEXT('2D SPACE',''
  ) );
#4118 = FACE_BOUND('',#4119,.T.);
#4119 = EDGE_LOOP('',(#4120));
#4120 = ORIENTED_EDGE('',*,*,#4121,.T.);
#4121 = EDGE_CURVE('',#4122,#4122,#4124,.T.);
#4122 = VERTEX_POINT('',#4123);
#4123 = CARTESIAN_POINT('',(2.05,-15.,4.));
#4124 = SURFACE_CURVE('',#4125,(#4130,#4141),.PCURVE_S1.);
#4125 = CIRCLE('',#4126,1.3);
#4126 = AXIS2_PLACEMENT_3D('',#4127,#4128,#4129);
#4127 = CARTESIAN_POINT('',(0.75,-15.,4.));
#4128 = DIRECTION('',(0.,0.,-1.));
#4129 = DIRECTION('',(1.,0.,0.));
#4130 = PCURVE('',#100,#4131);
#4131 = DEFINITIONAL_REPRESENTATION('',(#4132),#4140);
#4132 = ( BOUNDED_CURVE() B_SPLINE_CURVE(2,(#4133,#4134,#4135,#4136,
#4137,#4138,#4139),.UNSPECIFIED.,.T.,.F.) B_SPLINE_CURVE_WITH_KNOTS((1,2
    ,2,2,2,1),(-2.094395102393,0.,2.094395102393,4.188790204786,
6.28318530718,8.377580409573),.UNSPECIFIED.) CURVE() 
GEOMETRIC_REPRESENTATION_ITEM() RATIONAL_B_SPLINE_CURVE((1.,0.5,1.,0.5,
1.,0.5,1.)) REPRESENTATION_ITEM('') );
#4133 = CARTESIAN_POINT('',(-8.7,-15.));
#4134 = CARTESIAN_POINT('',(-8.7,-17.25166604984));
#4135 = CARTESIAN_POINT('',(-10.65,-16.12583302492));
#4136 = CARTESIAN_POINT('',(-12.6,-15.));
#4137 = CARTESIAN_POINT('',(-10.65,-13.87416697508));
#4138 = CARTESIAN_POINT('',(-8.7,-12.74833395016));
#4139 = CARTESIAN_POINT('',(-8.7,-15.));
#4140 = ( GEOMETRIC_REPRESENTATION_CONTEXT(2) 
PARAMETRIC_REPRESENTATION_CONTEXT() REPRESENTATION_CONTEXT('2D SPACE',''
  ) );
#4141 = PCURVE('',#918,#4142);
#4142 = DEFINITIONAL_REPRESENTATION('',(#4143),#4147);
#4143 = LINE('',#4144,#4145);
#4144 = CARTESIAN_POINT('',(-6.28318530718,-4.5));
#4145 = VECTOR('',#4146,1.);
#4146 = DIRECTION('',(1.,-0.));
#4147 = ( GEOMETRIC_REPRESENTATION_CONTEXT(2) 
PARAMETRIC_REPRESENTATION_CONTEXT() REPRESENTATION_CONTEXT('2D SPACE',''
  ) );
#4148 = FACE_BOUND('',#4149,.T.);
#4149 = EDGE_LOOP('',(#4150,#4181,#4205,#4231,#4260,#4286,#4315,#4341,
    #4370,#4396,#4425));
#4150 = ORIENTED_EDGE('',*,*,#4151,.F.);
#4151 = EDGE_CURVE('',#4152,#4154,#4156,.T.);
#4152 = VERTEX_POINT('',#4153);
#4153 = CARTESIAN_POINT('',(1.45,5.575,4.));
#4154 = VERTEX_POINT('',#4155);
#4155 = CARTESIAN_POINT('',(-4.75,10.098273151159,4.));
#4156 = SURFACE_CURVE('',#4157,(#4162,#4169),.PCURVE_S1.);
#4157 = CIRCLE('',#4158,4.75);
#4158 = AXIS2_PLACEMENT_3D('',#4159,#4160,#4161);
#4159 = CARTESIAN_POINT('',(-3.3,5.575,4.));
#4160 = DIRECTION('',(0.,0.,1.));
#4161 = DIRECTION('',(1.,0.,0.));
#4162 = PCURVE('',#100,#4163);
#4163 = DEFINITIONAL_REPRESENTATION('',(#4164),#4168);
#4164 = CIRCLE('',#4165,4.75);
#4165 = AXIS2_PLACEMENT_2D('',#4166,#4167);
#4166 = CARTESIAN_POINT('',(-14.05,5.575));
#4167 = DIRECTION('',(1.,0.));
#4168 = ( GEOMETRIC_REPRESENTATION_CONTEXT(2) 
PARAMETRIC_REPRESENTATION_CONTEXT() REPRESENTATION_CONTEXT('2D SPACE',''
  ) );
#4169 = PCURVE('',#4170,#4175);
#4170 = CYLINDRICAL_SURFACE('',#4171,4.75);
#4171 = AXIS2_PLACEMENT_3D('',#4172,#4173,#4174);
#4172 = CARTESIAN_POINT('',(-3.3,5.575,4.));
#4173 = DIRECTION('',(-0.,-0.,-1.));
#4174 = DIRECTION('',(1.,0.,0.));
#4175 = DEFINITIONAL_REPRESENTATION('',(#4176),#4180);
#4176 = LINE('',#4177,#4178);
#4177 = CARTESIAN_POINT('',(-0.,0.));
#4178 = VECTOR('',#4179,1.);
#4179 = DIRECTION('',(-1.,0.));
#4180 = ( GEOMETRIC_REPRESENTATION_CONTEXT(2) 
PARAMETRIC_REPRESENTATION_CONTEXT() REPRESENTATION_CONTEXT('2D SPACE',''
  ) );
#4181 = ORIENTED_EDGE('',*,*,#4182,.F.);
#4182 = EDGE_CURVE('',#4183,#4152,#4185,.T.);
#4183 = VERTEX_POINT('',#4184);
#4184 = CARTESIAN_POINT('',(-4.75,1.051726848841,4.));
#4185 = SURFACE_CURVE('',#4186,(#4191,#4198),.PCURVE_S1.);
#4186 = CIRCLE('',#4187,4.75);
#4187 = AXIS2_PLACEMENT_3D('',#4188,#4189,#4190);
#4188 = CARTESIAN_POINT('',(-3.3,5.575,4.));
#4189 = DIRECTION('',(0.,0.,1.));
#4190 = DIRECTION('',(1.,0.,0.));
#4191 = PCURVE('',#100,#4192);
#4192 = DEFINITIONAL_REPRESENTATION('',(#4193),#4197);
#4193 = CIRCLE('',#4194,4.75);
#4194 = AXIS2_PLACEMENT_2D('',#4195,#4196);
#4195 = CARTESIAN_POINT('',(-14.05,5.575));
#4196 = DIRECTION('',(1.,0.));
#4197 = ( GEOMETRIC_REPRESENTATION_CONTEXT(2) 
PARAMETRIC_REPRESENTATION_CONTEXT() REPRESENTATION_CONTEXT('2D SPACE',''
  ) );
#4198 = PCURVE('',#4170,#4199);
#4199 = DEFINITIONAL_REPRESENTATION('',(#4200),#4204);
#4200 = LINE('',#4201,#4202);
#4201 = CARTESIAN_POINT('',(-0.,0.));
#4202 = VECTOR('',#4203,1.);
#4203 = DIRECTION('',(-1.,0.));
#4204 = ( GEOMETRIC_REPRESENTATION_CONTEXT(2) 
PARAMETRIC_REPRESENTATION_CONTEXT() REPRESENTATION_CONTEXT('2D SPACE',''
  ) );
#4205 = ORIENTED_EDGE('',*,*,#4206,.T.);
#4206 = EDGE_CURVE('',#4183,#4207,#4209,.T.);
#4207 = VERTEX_POINT('',#4208);
#4208 = CARTESIAN_POINT('',(-4.75,-15.,4.));
#4209 = SURFACE_CURVE('',#4210,(#4214,#4220),.PCURVE_S1.);
#4210 = LINE('',#4211,#4212);
#4211 = CARTESIAN_POINT('',(-4.75,-8.625,4.));
#4212 = VECTOR('',#4213,1.);
#4213 = DIRECTION('',(0.,-1.,0.));
#4214 = PCURVE('',#100,#4215);
#4215 = DEFINITIONAL_REPRESENTATION('',(#4216),#4219);
#4216 = B_SPLINE_CURVE_WITH_KNOTS('',1,(#4217,#4218),.UNSPECIFIED.,.F.,
  .F.,(2,2),(-23.625,6.375),.PIECEWISE_BEZIER_KNOTS.);
#4217 = CARTESIAN_POINT('',(-15.5,15.));
#4218 = CARTESIAN_POINT('',(-15.5,-15.));
#4219 = ( GEOMETRIC_REPRESENTATION_CONTEXT(2) 
PARAMETRIC_REPRESENTATION_CONTEXT() REPRESENTATION_CONTEXT('2D SPACE',''
  ) );
#4220 = PCURVE('',#4221,#4226);
#4221 = PLANE('',#4222);
#4222 = AXIS2_PLACEMENT_3D('',#4223,#4224,#4225);
#4223 = CARTESIAN_POINT('',(-4.75,-17.25,2.));
#4224 = DIRECTION('',(-1.,0.,0.));
#4225 = DIRECTION('',(0.,1.,0.));
#4226 = DEFINITIONAL_REPRESENTATION('',(#4227),#4230);
#4227 = B_SPLINE_CURVE_WITH_KNOTS('',1,(#4228,#4229),.UNSPECIFIED.,.F.,
  .F.,(2,2),(-23.625,6.375),.PIECEWISE_BEZIER_KNOTS.);
#4228 = CARTESIAN_POINT('',(32.25,-2.));
#4229 = CARTESIAN_POINT('',(2.25,-2.));
#4230 = ( GEOMETRIC_REPRESENTATION_CONTEXT(2) 
PARAMETRIC_REPRESENTATION_CONTEXT() REPRESENTATION_CONTEXT('2D SPACE',''
  ) );
#4231 = ORIENTED_EDGE('',*,*,#4232,.F.);
#4232 = EDGE_CURVE('',#4233,#4207,#4235,.T.);
#4233 = VERTEX_POINT('',#4234);
#4234 = CARTESIAN_POINT('',(-7.,-17.25,4.));
#4235 = SURFACE_CURVE('',#4236,(#4241,#4248),.PCURVE_S1.);
#4236 = CIRCLE('',#4237,2.25);
#4237 = AXIS2_PLACEMENT_3D('',#4238,#4239,#4240);
#4238 = CARTESIAN_POINT('',(-7.,-15.,4.));
#4239 = DIRECTION('',(0.,0.,1.));
#4240 = DIRECTION('',(0.,-1.,0.));
#4241 = PCURVE('',#100,#4242);
#4242 = DEFINITIONAL_REPRESENTATION('',(#4243),#4247);
#4243 = CIRCLE('',#4244,2.25);
#4244 = AXIS2_PLACEMENT_2D('',#4245,#4246);
#4245 = CARTESIAN_POINT('',(-17.75,-15.));
#4246 = DIRECTION('',(0.,-1.));
#4247 = ( GEOMETRIC_REPRESENTATION_CONTEXT(2) 
PARAMETRIC_REPRESENTATION_CONTEXT() REPRESENTATION_CONTEXT('2D SPACE',''
  ) );
#4248 = PCURVE('',#4249,#4254);
#4249 = CYLINDRICAL_SURFACE('',#4250,2.25);
#4250 = AXIS2_PLACEMENT_3D('',#4251,#4252,#4253);
#4251 = CARTESIAN_POINT('',(-7.,-15.,2.));
#4252 = DIRECTION('',(0.,0.,1.));
#4253 = DIRECTION('',(0.,-1.,0.));
#4254 = DEFINITIONAL_REPRESENTATION('',(#4255),#4259);
#4255 = LINE('',#4256,#4257);
#4256 = CARTESIAN_POINT('',(0.,2.));
#4257 = VECTOR('',#4258,1.);
#4258 = DIRECTION('',(1.,0.));
#4259 = ( GEOMETRIC_REPRESENTATION_CONTEXT(2) 
PARAMETRIC_REPRESENTATION_CONTEXT() REPRESENTATION_CONTEXT('2D SPACE',''
  ) );
#4260 = ORIENTED_EDGE('',*,*,#4261,.T.);
#4261 = EDGE_CURVE('',#4233,#4262,#4264,.T.);
#4262 = VERTEX_POINT('',#4263);
#4263 = CARTESIAN_POINT('',(-33.,-17.25,4.));
#4264 = SURFACE_CURVE('',#4265,(#4269,#4275),.PCURVE_S1.);
#4265 = LINE('',#4266,#4267);
#4266 = CARTESIAN_POINT('',(-12.25,-17.25,4.));
#4267 = VECTOR('',#4268,1.);
#4268 = DIRECTION('',(-1.,0.,0.));
#4269 = PCURVE('',#100,#4270);
#4270 = DEFINITIONAL_REPRESENTATION('',(#4271),#4274);
#4271 = B_SPLINE_CURVE_WITH_KNOTS('',1,(#4272,#4273),.UNSPECIFIED.,.F.,
  .F.,(2,2),(-5.25,20.75),.PIECEWISE_BEZIER_KNOTS.);
#4272 = CARTESIAN_POINT('',(-17.75,-17.25));
#4273 = CARTESIAN_POINT('',(-43.75,-17.25));
#4274 = ( GEOMETRIC_REPRESENTATION_CONTEXT(2) 
PARAMETRIC_REPRESENTATION_CONTEXT() REPRESENTATION_CONTEXT('2D SPACE',''
  ) );
#4275 = PCURVE('',#4276,#4281);
#4276 = PLANE('',#4277);
#4277 = AXIS2_PLACEMENT_3D('',#4278,#4279,#4280);
#4278 = CARTESIAN_POINT('',(-35.25,-17.25,2.));
#4279 = DIRECTION('',(0.,1.,0.));
#4280 = DIRECTION('',(1.,0.,0.));
#4281 = DEFINITIONAL_REPRESENTATION('',(#4282),#4285);
#4282 = B_SPLINE_CURVE_WITH_KNOTS('',1,(#4283,#4284),.UNSPECIFIED.,.F.,
  .F.,(2,2),(-5.25,20.75),.PIECEWISE_BEZIER_KNOTS.);
#4283 = CARTESIAN_POINT('',(28.25,-2.));
#4284 = CARTESIAN_POINT('',(2.25,-2.));
#4285 = ( GEOMETRIC_REPRESENTATION_CONTEXT(2) 
PARAMETRIC_REPRESENTATION_CONTEXT() REPRESENTATION_CONTEXT('2D SPACE',''
  ) );
#4286 = ORIENTED_EDGE('',*,*,#4287,.F.);
#4287 = EDGE_CURVE('',#4288,#4262,#4290,.T.);
#4288 = VERTEX_POINT('',#4289);
#4289 = CARTESIAN_POINT('',(-35.25,-15.,4.));
#4290 = SURFACE_CURVE('',#4291,(#4296,#4303),.PCURVE_S1.);
#4291 = CIRCLE('',#4292,2.25);
#4292 = AXIS2_PLACEMENT_3D('',#4293,#4294,#4295);
#4293 = CARTESIAN_POINT('',(-33.,-15.,4.));
#4294 = DIRECTION('',(0.,0.,1.));
#4295 = DIRECTION('',(0.,-1.,0.));
#4296 = PCURVE('',#100,#4297);
#4297 = DEFINITIONAL_REPRESENTATION('',(#4298),#4302);
#4298 = CIRCLE('',#4299,2.25);
#4299 = AXIS2_PLACEMENT_2D('',#4300,#4301);
#4300 = CARTESIAN_POINT('',(-43.75,-15.));
#4301 = DIRECTION('',(0.,-1.));
#4302 = ( GEOMETRIC_REPRESENTATION_CONTEXT(2) 
PARAMETRIC_REPRESENTATION_CONTEXT() REPRESENTATION_CONTEXT('2D SPACE',''
  ) );
#4303 = PCURVE('',#4304,#4309);
#4304 = CYLINDRICAL_SURFACE('',#4305,2.25);
#4305 = AXIS2_PLACEMENT_3D('',#4306,#4307,#4308);
#4306 = CARTESIAN_POINT('',(-33.,-15.,2.));
#4307 = DIRECTION('',(0.,0.,1.));
#4308 = DIRECTION('',(0.,-1.,0.));
#4309 = DEFINITIONAL_REPRESENTATION('',(#4310),#4314);
#4310 = LINE('',#4311,#4312);
#4311 = CARTESIAN_POINT('',(-6.28318530718,2.));
#4312 = VECTOR('',#4313,1.);
#4313 = DIRECTION('',(1.,-0.));
#4314 = ( GEOMETRIC_REPRESENTATION_CONTEXT(2) 
PARAMETRIC_REPRESENTATION_CONTEXT() REPRESENTATION_CONTEXT('2D SPACE',''
  ) );
#4315 = ORIENTED_EDGE('',*,*,#4316,.T.);
#4316 = EDGE_CURVE('',#4288,#4317,#4319,.T.);
#4317 = VERTEX_POINT('',#4318);
#4318 = CARTESIAN_POINT('',(-35.25,15.,4.));
#4319 = SURFACE_CURVE('',#4320,(#4324,#4330),.PCURVE_S1.);
#4320 = LINE('',#4321,#4322);
#4321 = CARTESIAN_POINT('',(-35.25,8.625,4.));
#4322 = VECTOR('',#4323,1.);
#4323 = DIRECTION('',(-0.,1.,0.));
#4324 = PCURVE('',#100,#4325);
#4325 = DEFINITIONAL_REPRESENTATION('',(#4326),#4329);
#4326 = B_SPLINE_CURVE_WITH_KNOTS('',1,(#4327,#4328),.UNSPECIFIED.,.F.,
  .F.,(2,2),(-23.625,6.375),.PIECEWISE_BEZIER_KNOTS.);
#4327 = CARTESIAN_POINT('',(-46.,-15.));
#4328 = CARTESIAN_POINT('',(-46.,15.));
#4329 = ( GEOMETRIC_REPRESENTATION_CONTEXT(2) 
PARAMETRIC_REPRESENTATION_CONTEXT() REPRESENTATION_CONTEXT('2D SPACE',''
  ) );
#4330 = PCURVE('',#4331,#4336);
#4331 = PLANE('',#4332);
#4332 = AXIS2_PLACEMENT_3D('',#4333,#4334,#4335);
#4333 = CARTESIAN_POINT('',(-35.25,17.25,2.));
#4334 = DIRECTION('',(1.,0.,-0.));
#4335 = DIRECTION('',(0.,-1.,0.));
#4336 = DEFINITIONAL_REPRESENTATION('',(#4337),#4340);
#4337 = B_SPLINE_CURVE_WITH_KNOTS('',1,(#4338,#4339),.UNSPECIFIED.,.F.,
  .F.,(2,2),(-23.625,6.375),.PIECEWISE_BEZIER_KNOTS.);
#4338 = CARTESIAN_POINT('',(32.25,-2.));
#4339 = CARTESIAN_POINT('',(2.25,-2.));
#4340 = ( GEOMETRIC_REPRESENTATION_CONTEXT(2) 
PARAMETRIC_REPRESENTATION_CONTEXT() REPRESENTATION_CONTEXT('2D SPACE',''
  ) );
#4341 = ORIENTED_EDGE('',*,*,#4342,.F.);
#4342 = EDGE_CURVE('',#4343,#4317,#4345,.T.);
#4343 = VERTEX_POINT('',#4344);
#4344 = CARTESIAN_POINT('',(-33.,17.25,4.));
#4345 = SURFACE_CURVE('',#4346,(#4351,#4358),.PCURVE_S1.);
#4346 = CIRCLE('',#4347,2.25);
#4347 = AXIS2_PLACEMENT_3D('',#4348,#4349,#4350);
#4348 = CARTESIAN_POINT('',(-33.,15.,4.));
#4349 = DIRECTION('',(0.,0.,1.));
#4350 = DIRECTION('',(-0.,1.,0.));
#4351 = PCURVE('',#100,#4352);
#4352 = DEFINITIONAL_REPRESENTATION('',(#4353),#4357);
#4353 = CIRCLE('',#4354,2.25);
#4354 = AXIS2_PLACEMENT_2D('',#4355,#4356);
#4355 = CARTESIAN_POINT('',(-43.75,15.));
#4356 = DIRECTION('',(0.,1.));
#4357 = ( GEOMETRIC_REPRESENTATION_CONTEXT(2) 
PARAMETRIC_REPRESENTATION_CONTEXT() REPRESENTATION_CONTEXT('2D SPACE',''
  ) );
#4358 = PCURVE('',#4359,#4364);
#4359 = CYLINDRICAL_SURFACE('',#4360,2.25);
#4360 = AXIS2_PLACEMENT_3D('',#4361,#4362,#4363);
#4361 = CARTESIAN_POINT('',(-33.,15.,2.));
#4362 = DIRECTION('',(0.,0.,1.));
#4363 = DIRECTION('',(-0.,1.,0.));
#4364 = DEFINITIONAL_REPRESENTATION('',(#4365),#4369);
#4365 = LINE('',#4366,#4367);
#4366 = CARTESIAN_POINT('',(0.,2.));
#4367 = VECTOR('',#4368,1.);
#4368 = DIRECTION('',(1.,0.));
#4369 = ( GEOMETRIC_REPRESENTATION_CONTEXT(2) 
PARAMETRIC_REPRESENTATION_CONTEXT() REPRESENTATION_CONTEXT('2D SPACE',''
  ) );
#4370 = ORIENTED_EDGE('',*,*,#4371,.T.);
#4371 = EDGE_CURVE('',#4343,#4372,#4374,.T.);
#4372 = VERTEX_POINT('',#4373);
#4373 = CARTESIAN_POINT('',(-7.,17.25,4.));
#4374 = SURFACE_CURVE('',#4375,(#4379,#4385),.PCURVE_S1.);
#4375 = LINE('',#4376,#4377);
#4376 = CARTESIAN_POINT('',(3.,17.25,4.));
#4377 = VECTOR('',#4378,1.);
#4378 = DIRECTION('',(1.,0.,-0.));
#4379 = PCURVE('',#100,#4380);
#4380 = DEFINITIONAL_REPRESENTATION('',(#4381),#4384);
#4381 = B_SPLINE_CURVE_WITH_KNOTS('',1,(#4382,#4383),.UNSPECIFIED.,.F.,
  .F.,(2,2),(-36.,-10.),.PIECEWISE_BEZIER_KNOTS.);
#4382 = CARTESIAN_POINT('',(-43.75,17.25));
#4383 = CARTESIAN_POINT('',(-17.75,17.25));
#4384 = ( GEOMETRIC_REPRESENTATION_CONTEXT(2) 
PARAMETRIC_REPRESENTATION_CONTEXT() REPRESENTATION_CONTEXT('2D SPACE',''
  ) );
#4385 = PCURVE('',#4386,#4391);
#4386 = PLANE('',#4387);
#4387 = AXIS2_PLACEMENT_3D('',#4388,#4389,#4390);
#4388 = CARTESIAN_POINT('',(-4.75,17.25,2.));
#4389 = DIRECTION('',(0.,-1.,0.));
#4390 = DIRECTION('',(-1.,0.,0.));
#4391 = DEFINITIONAL_REPRESENTATION('',(#4392),#4395);
#4392 = B_SPLINE_CURVE_WITH_KNOTS('',1,(#4393,#4394),.UNSPECIFIED.,.F.,
  .F.,(2,2),(-36.,-10.),.PIECEWISE_BEZIER_KNOTS.);
#4393 = CARTESIAN_POINT('',(28.25,-2.));
#4394 = CARTESIAN_POINT('',(2.25,-2.));
#4395 = ( GEOMETRIC_REPRESENTATION_CONTEXT(2) 
PARAMETRIC_REPRESENTATION_CONTEXT() REPRESENTATION_CONTEXT('2D SPACE',''
  ) );
#4396 = ORIENTED_EDGE('',*,*,#4397,.F.);
#4397 = EDGE_CURVE('',#4398,#4372,#4400,.T.);
#4398 = VERTEX_POINT('',#4399);
#4399 = CARTESIAN_POINT('',(-4.75,15.,4.));
#4400 = SURFACE_CURVE('',#4401,(#4406,#4413),.PCURVE_S1.);
#4401 = CIRCLE('',#4402,2.25);
#4402 = AXIS2_PLACEMENT_3D('',#4403,#4404,#4405);
#4403 = CARTESIAN_POINT('',(-7.,15.,4.));
#4404 = DIRECTION('',(0.,0.,1.));
#4405 = DIRECTION('',(1.,0.,-0.));
#4406 = PCURVE('',#100,#4407);
#4407 = DEFINITIONAL_REPRESENTATION('',(#4408),#4412);
#4408 = CIRCLE('',#4409,2.25);
#4409 = AXIS2_PLACEMENT_2D('',#4410,#4411);
#4410 = CARTESIAN_POINT('',(-17.75,15.));
#4411 = DIRECTION('',(1.,0.));
#4412 = ( GEOMETRIC_REPRESENTATION_CONTEXT(2) 
PARAMETRIC_REPRESENTATION_CONTEXT() REPRESENTATION_CONTEXT('2D SPACE',''
  ) );
#4413 = PCURVE('',#4414,#4419);
#4414 = CYLINDRICAL_SURFACE('',#4415,2.25);
#4415 = AXIS2_PLACEMENT_3D('',#4416,#4417,#4418);
#4416 = CARTESIAN_POINT('',(-7.,15.,2.));
#4417 = DIRECTION('',(0.,0.,1.));
#4418 = DIRECTION('',(1.,0.,-0.));
#4419 = DEFINITIONAL_REPRESENTATION('',(#4420),#4424);
#4420 = LINE('',#4421,#4422);
#4421 = CARTESIAN_POINT('',(0.,2.));
#4422 = VECTOR('',#4423,1.);
#4423 = DIRECTION('',(1.,0.));
#4424 = ( GEOMETRIC_REPRESENTATION_CONTEXT(2) 
PARAMETRIC_REPRESENTATION_CONTEXT() REPRESENTATION_CONTEXT('2D SPACE',''
  ) );
#4425 = ORIENTED_EDGE('',*,*,#4426,.T.);
#4426 = EDGE_CURVE('',#4398,#4154,#4427,.T.);
#4427 = SURFACE_CURVE('',#4428,(#4432,#4438),.PCURVE_S1.);
#4428 = LINE('',#4429,#4430);
#4429 = CARTESIAN_POINT('',(-4.75,-8.625,4.));
#4430 = VECTOR('',#4431,1.);
#4431 = DIRECTION('',(0.,-1.,0.));
#4432 = PCURVE('',#100,#4433);
#4433 = DEFINITIONAL_REPRESENTATION('',(#4434),#4437);
#4434 = B_SPLINE_CURVE_WITH_KNOTS('',1,(#4435,#4436),.UNSPECIFIED.,.F.,
  .F.,(2,2),(-23.625,6.375),.PIECEWISE_BEZIER_KNOTS.);
#4435 = CARTESIAN_POINT('',(-15.5,15.));
#4436 = CARTESIAN_POINT('',(-15.5,-15.));
#4437 = ( GEOMETRIC_REPRESENTATION_CONTEXT(2) 
PARAMETRIC_REPRESENTATION_CONTEXT() REPRESENTATION_CONTEXT('2D SPACE',''
  ) );
#4438 = PCURVE('',#4221,#4439);
#4439 = DEFINITIONAL_REPRESENTATION('',(#4440),#4443);
#4440 = B_SPLINE_CURVE_WITH_KNOTS('',1,(#4441,#4442),.UNSPECIFIED.,.F.,
  .F.,(2,2),(-23.625,6.375),.PIECEWISE_BEZIER_KNOTS.);
#4441 = CARTESIAN_POINT('',(32.25,-2.));
#4442 = CARTESIAN_POINT('',(2.25,-2.));
#4443 = ( GEOMETRIC_REPRESENTATION_CONTEXT(2) 
PARAMETRIC_REPRESENTATION_CONTEXT() REPRESENTATION_CONTEXT('2D SPACE',''
  ) );
#4444 = FACE_BOUND('',#4445,.T.);
#4445 = EDGE_LOOP('',(#4446));
#4446 = ORIENTED_EDGE('',*,*,#4447,.T.);
#4447 = EDGE_CURVE('',#4448,#4448,#4450,.T.);
#4448 = VERTEX_POINT('',#4449);
#4449 = CARTESIAN_POINT('',(2.05,-10.,4.));
#4450 = SURFACE_CURVE('',#4451,(#4456,#4467),.PCURVE_S1.);
#4451 = CIRCLE('',#4452,1.3);
#4452 = AXIS2_PLACEMENT_3D('',#4453,#4454,#4455);
#4453 = CARTESIAN_POINT('',(0.75,-10.,4.));
#4454 = DIRECTION('',(0.,0.,-1.));
#4455 = DIRECTION('',(1.,0.,0.));
#4456 = PCURVE('',#100,#4457);
#4457 = DEFINITIONAL_REPRESENTATION('',(#4458),#4466);
#4458 = ( BOUNDED_CURVE() B_SPLINE_CURVE(2,(#4459,#4460,#4461,#4462,
#4463,#4464,#4465),.UNSPECIFIED.,.T.,.F.) B_SPLINE_CURVE_WITH_KNOTS((1,2
    ,2,2,2,1),(-2.094395102393,0.,2.094395102393,4.188790204786,
6.28318530718,8.377580409573),.UNSPECIFIED.) CURVE() 
GEOMETRIC_REPRESENTATION_ITEM() RATIONAL_B_SPLINE_CURVE((1.,0.5,1.,0.5,
1.,0.5,1.)) REPRESENTATION_ITEM('') );
#4459 = CARTESIAN_POINT('',(-8.7,-10.));
#4460 = CARTESIAN_POINT('',(-8.7,-12.25166604984));
#4461 = CARTESIAN_POINT('',(-10.65,-11.12583302492));
#4462 = CARTESIAN_POINT('',(-12.6,-10.));
#4463 = CARTESIAN_POINT('',(-10.65,-8.87416697508));
#4464 = CARTESIAN_POINT('',(-8.7,-7.74833395016));
#4465 = CARTESIAN_POINT('',(-8.7,-10.));
#4466 = ( GEOMETRIC_REPRESENTATION_CONTEXT(2) 
PARAMETRIC_REPRESENTATION_CONTEXT() REPRESENTATION_CONTEXT('2D SPACE',''
  ) );
#4467 = PCURVE('',#953,#4468);
#4468 = DEFINITIONAL_REPRESENTATION('',(#4469),#4473);
#4469 = LINE('',#4470,#4471);
#4470 = CARTESIAN_POINT('',(-6.28318530718,-4.5));
#4471 = VECTOR('',#4472,1.);
#4472 = DIRECTION('',(1.,-0.));
#4473 = ( GEOMETRIC_REPRESENTATION_CONTEXT(2) 
PARAMETRIC_REPRESENTATION_CONTEXT() REPRESENTATION_CONTEXT('2D SPACE',''
  ) );
#4474 = FACE_BOUND('',#4475,.T.);
#4475 = EDGE_LOOP('',(#4476));
#4476 = ORIENTED_EDGE('',*,*,#4477,.T.);
#4477 = EDGE_CURVE('',#4478,#4478,#4480,.T.);
#4478 = VERTEX_POINT('',#4479);
#4479 = CARTESIAN_POINT('',(2.05,-5.,4.));
#4480 = SURFACE_CURVE('',#4481,(#4486,#4497),.PCURVE_S1.);
#4481 = CIRCLE('',#4482,1.3);
#4482 = AXIS2_PLACEMENT_3D('',#4483,#4484,#4485);
#4483 = CARTESIAN_POINT('',(0.75,-5.,4.));
#4484 = DIRECTION('',(0.,0.,-1.));
#4485 = DIRECTION('',(1.,0.,0.));
#4486 = PCURVE('',#100,#4487);
#4487 = DEFINITIONAL_REPRESENTATION('',(#4488),#4496);
#4488 = ( BOUNDED_CURVE() B_SPLINE_CURVE(2,(#4489,#4490,#4491,#4492,
#4493,#4494,#4495),.UNSPECIFIED.,.T.,.F.) B_SPLINE_CURVE_WITH_KNOTS((1,2
    ,2,2,2,1),(-2.094395102393,0.,2.094395102393,4.188790204786,
6.28318530718,8.377580409573),.UNSPECIFIED.) CURVE() 
GEOMETRIC_REPRESENTATION_ITEM() RATIONAL_B_SPLINE_CURVE((1.,0.5,1.,0.5,
1.,0.5,1.)) REPRESENTATION_ITEM('') );
#4489 = CARTESIAN_POINT('',(-8.7,-5.));
#4490 = CARTESIAN_POINT('',(-8.7,-7.25166604984));
#4491 = CARTESIAN_POINT('',(-10.65,-6.12583302492));
#4492 = CARTESIAN_POINT('',(-12.6,-5.));
#4493 = CARTESIAN_POINT('',(-10.65,-3.87416697508));
#4494 = CARTESIAN_POINT('',(-8.7,-2.74833395016));
#4495 = CARTESIAN_POINT('',(-8.7,-5.));
#4496 = ( GEOMETRIC_REPRESENTATION_CONTEXT(2) 
PARAMETRIC_REPRESENTATION_CONTEXT() REPRESENTATION_CONTEXT('2D SPACE',''
  ) );
#4497 = PCURVE('',#988,#4498);
#4498 = DEFINITIONAL_REPRESENTATION('',(#4499),#4503);
#4499 = LINE('',#4500,#4501);
#4500 = CARTESIAN_POINT('',(-6.28318530718,-4.5));
#4501 = VECTOR('',#4502,1.);
#4502 = DIRECTION('',(1.,-0.));
#4503 = ( GEOMETRIC_REPRESENTATION_CONTEXT(2) 
PARAMETRIC_REPRESENTATION_CONTEXT() REPRESENTATION_CONTEXT('2D SPACE',''
  ) );
#4504 = FACE_BOUND('',#4505,.T.);
#4505 = EDGE_LOOP('',(#4506));
#4506 = ORIENTED_EDGE('',*,*,#4507,.T.);
#4507 = EDGE_CURVE('',#4508,#4508,#4510,.T.);
#4508 = VERTEX_POINT('',#4509);
#4509 = CARTESIAN_POINT('',(12.05,-25.,4.));
#4510 = SURFACE_CURVE('',#4511,(#4516,#4527),.PCURVE_S1.);
#4511 = CIRCLE('',#4512,1.3);
#4512 = AXIS2_PLACEMENT_3D('',#4513,#4514,#4515);
#4513 = CARTESIAN_POINT('',(10.75,-25.,4.));
#4514 = DIRECTION('',(0.,0.,-1.));
#4515 = DIRECTION('',(1.,0.,0.));
#4516 = PCURVE('',#100,#4517);
#4517 = DEFINITIONAL_REPRESENTATION('',(#4518),#4526);
#4518 = ( BOUNDED_CURVE() B_SPLINE_CURVE(2,(#4519,#4520,#4521,#4522,
#4523,#4524,#4525),.UNSPECIFIED.,.T.,.F.) B_SPLINE_CURVE_WITH_KNOTS((1,2
    ,2,2,2,1),(-2.094395102393,0.,2.094395102393,4.188790204786,
6.28318530718,8.377580409573),.UNSPECIFIED.) CURVE() 
GEOMETRIC_REPRESENTATION_ITEM() RATIONAL_B_SPLINE_CURVE((1.,0.5,1.,0.5,
1.,0.5,1.)) REPRESENTATION_ITEM('') );
#4519 = CARTESIAN_POINT('',(1.3,-25.));
#4520 = CARTESIAN_POINT('',(1.3,-27.25166604984));
#4521 = CARTESIAN_POINT('',(-0.65,-26.12583302492));
#4522 = CARTESIAN_POINT('',(-2.6,-25.));
#4523 = CARTESIAN_POINT('',(-0.65,-23.87416697508));
#4524 = CARTESIAN_POINT('',(1.3,-22.74833395016));
#4525 = CARTESIAN_POINT('',(1.3,-25.));
#4526 = ( GEOMETRIC_REPRESENTATION_CONTEXT(2) 
PARAMETRIC_REPRESENTATION_CONTEXT() REPRESENTATION_CONTEXT('2D SPACE',''
  ) );
#4527 = PCURVE('',#1023,#4528);
#4528 = DEFINITIONAL_REPRESENTATION('',(#4529),#4533);
#4529 = LINE('',#4530,#4531);
#4530 = CARTESIAN_POINT('',(-6.28318530718,-4.5));
#4531 = VECTOR('',#4532,1.);
#4532 = DIRECTION('',(1.,-0.));
#4533 = ( GEOMETRIC_REPRESENTATION_CONTEXT(2) 
PARAMETRIC_REPRESENTATION_CONTEXT() REPRESENTATION_CONTEXT('2D SPACE',''
  ) );
#4534 = FACE_BOUND('',#4535,.T.);
#4535 = EDGE_LOOP('',(#4536));
#4536 = ORIENTED_EDGE('',*,*,#4537,.T.);
#4537 = EDGE_CURVE('',#4538,#4538,#4540,.T.);
#4538 = VERTEX_POINT('',#4539);
#4539 = CARTESIAN_POINT('',(17.05,-25.,4.));
#4540 = SURFACE_CURVE('',#4541,(#4546,#4557),.PCURVE_S1.);
#4541 = CIRCLE('',#4542,1.3);
#4542 = AXIS2_PLACEMENT_3D('',#4543,#4544,#4545);
#4543 = CARTESIAN_POINT('',(15.75,-25.,4.));
#4544 = DIRECTION('',(0.,0.,-1.));
#4545 = DIRECTION('',(1.,0.,0.));
#4546 = PCURVE('',#100,#4547);
#4547 = DEFINITIONAL_REPRESENTATION('',(#4548),#4556);
#4548 = ( BOUNDED_CURVE() B_SPLINE_CURVE(2,(#4549,#4550,#4551,#4552,
#4553,#4554,#4555),.UNSPECIFIED.,.T.,.F.) B_SPLINE_CURVE_WITH_KNOTS((1,2
    ,2,2,2,1),(-2.094395102393,0.,2.094395102393,4.188790204786,
6.28318530718,8.377580409573),.UNSPECIFIED.) CURVE() 
GEOMETRIC_REPRESENTATION_ITEM() RATIONAL_B_SPLINE_CURVE((1.,0.5,1.,0.5,
1.,0.5,1.)) REPRESENTATION_ITEM('') );
#4549 = CARTESIAN_POINT('',(6.3,-25.));
#4550 = CARTESIAN_POINT('',(6.3,-27.25166604984));
#4551 = CARTESIAN_POINT('',(4.35,-26.12583302492));
#4552 = CARTESIAN_POINT('',(2.4,-25.));
#4553 = CARTESIAN_POINT('',(4.35,-23.87416697508));
#4554 = CARTESIAN_POINT('',(6.3,-22.74833395016));
#4555 = CARTESIAN_POINT('',(6.3,-25.));
#4556 = ( GEOMETRIC_REPRESENTATION_CONTEXT(2) 
PARAMETRIC_REPRESENTATION_CONTEXT() REPRESENTATION_CONTEXT('2D SPACE',''
  ) );
#4557 = PCURVE('',#1058,#4558);
#4558 = DEFINITIONAL_REPRESENTATION('',(#4559),#4563);
#4559 = LINE('',#4560,#4561);
#4560 = CARTESIAN_POINT('',(-6.28318530718,-4.5));
#4561 = VECTOR('',#4562,1.);
#4562 = DIRECTION('',(1.,-0.));
#4563 = ( GEOMETRIC_REPRESENTATION_CONTEXT(2) 
PARAMETRIC_REPRESENTATION_CONTEXT() REPRESENTATION_CONTEXT('2D SPACE',''
  ) );
#4564 = FACE_BOUND('',#4565,.T.);
#4565 = EDGE_LOOP('',(#4566));
#4566 = ORIENTED_EDGE('',*,*,#4567,.T.);
#4567 = EDGE_CURVE('',#4568,#4568,#4570,.T.);
#4568 = VERTEX_POINT('',#4569);
#4569 = CARTESIAN_POINT('',(22.05,-25.,4.));
#4570 = SURFACE_CURVE('',#4571,(#4576,#4587),.PCURVE_S1.);
#4571 = CIRCLE('',#4572,1.3);
#4572 = AXIS2_PLACEMENT_3D('',#4573,#4574,#4575);
#4573 = CARTESIAN_POINT('',(20.75,-25.,4.));
#4574 = DIRECTION('',(0.,0.,-1.));
#4575 = DIRECTION('',(1.,0.,0.));
#4576 = PCURVE('',#100,#4577);
#4577 = DEFINITIONAL_REPRESENTATION('',(#4578),#4586);
#4578 = ( BOUNDED_CURVE() B_SPLINE_CURVE(2,(#4579,#4580,#4581,#4582,
#4583,#4584,#4585),.UNSPECIFIED.,.T.,.F.) B_SPLINE_CURVE_WITH_KNOTS((1,2
    ,2,2,2,1),(-2.094395102393,0.,2.094395102393,4.188790204786,
6.28318530718,8.377580409573),.UNSPECIFIED.) CURVE() 
GEOMETRIC_REPRESENTATION_ITEM() RATIONAL_B_SPLINE_CURVE((1.,0.5,1.,0.5,
1.,0.5,1.)) REPRESENTATION_ITEM('') );
#4579 = CARTESIAN_POINT('',(11.3,-25.));
#4580 = CARTESIAN_POINT('',(11.3,-27.25166604984));
#4581 = CARTESIAN_POINT('',(9.35,-26.12583302492));
#4582 = CARTESIAN_POINT('',(7.4,-25.));
#4583 = CARTESIAN_POINT('',(9.35,-23.87416697508));
#4584 = CARTESIAN_POINT('',(11.3,-22.74833395016));
#4585 = CARTESIAN_POINT('',(11.3,-25.));
#4586 = ( GEOMETRIC_REPRESENTATION_CONTEXT(2) 
PARAMETRIC_REPRESENTATION_CONTEXT() REPRESENTATION_CONTEXT('2D SPACE',''
  ) );
#4587 = PCURVE('',#1093,#4588);
#4588 = DEFINITIONAL_REPRESENTATION('',(#4589),#4593);
#4589 = LINE('',#4590,#4591);
#4590 = CARTESIAN_POINT('',(-6.28318530718,-4.5));
#4591 = VECTOR('',#4592,1.);
#4592 = DIRECTION('',(1.,-0.));
#4593 = ( GEOMETRIC_REPRESENTATION_CONTEXT(2) 
PARAMETRIC_REPRESENTATION_CONTEXT() REPRESENTATION_CONTEXT('2D SPACE',''
  ) );
#4594 = FACE_BOUND('',#4595,.T.);
#4595 = EDGE_LOOP('',(#4596));
#4596 = ORIENTED_EDGE('',*,*,#4597,.T.);
#4597 = EDGE_CURVE('',#4598,#4598,#4600,.T.);
#4598 = VERTEX_POINT('',#4599);
#4599 = CARTESIAN_POINT('',(12.05,-20.,4.));
#4600 = SURFACE_CURVE('',#4601,(#4606,#4617),.PCURVE_S1.);
#4601 = CIRCLE('',#4602,1.3);
#4602 = AXIS2_PLACEMENT_3D('',#4603,#4604,#4605);
#4603 = CARTESIAN_POINT('',(10.75,-20.,4.));
#4604 = DIRECTION('',(0.,0.,-1.));
#4605 = DIRECTION('',(1.,0.,0.));
#4606 = PCURVE('',#100,#4607);
#4607 = DEFINITIONAL_REPRESENTATION('',(#4608),#4616);
#4608 = ( BOUNDED_CURVE() B_SPLINE_CURVE(2,(#4609,#4610,#4611,#4612,
#4613,#4614,#4615),.UNSPECIFIED.,.T.,.F.) B_SPLINE_CURVE_WITH_KNOTS((1,2
    ,2,2,2,1),(-2.094395102393,0.,2.094395102393,4.188790204786,
6.28318530718,8.377580409573),.UNSPECIFIED.) CURVE() 
GEOMETRIC_REPRESENTATION_ITEM() RATIONAL_B_SPLINE_CURVE((1.,0.5,1.,0.5,
1.,0.5,1.)) REPRESENTATION_ITEM('') );
#4609 = CARTESIAN_POINT('',(1.3,-20.));
#4610 = CARTESIAN_POINT('',(1.3,-22.25166604984));
#4611 = CARTESIAN_POINT('',(-0.65,-21.12583302492));
#4612 = CARTESIAN_POINT('',(-2.6,-20.));
#4613 = CARTESIAN_POINT('',(-0.65,-18.87416697508));
#4614 = CARTESIAN_POINT('',(1.3,-17.74833395016));
#4615 = CARTESIAN_POINT('',(1.3,-20.));
#4616 = ( GEOMETRIC_REPRESENTATION_CONTEXT(2) 
PARAMETRIC_REPRESENTATION_CONTEXT() REPRESENTATION_CONTEXT('2D SPACE',''
  ) );
#4617 = PCURVE('',#1198,#4618);
#4618 = DEFINITIONAL_REPRESENTATION('',(#4619),#4623);
#4619 = LINE('',#4620,#4621);
#4620 = CARTESIAN_POINT('',(-6.28318530718,-4.5));
#4621 = VECTOR('',#4622,1.);
#4622 = DIRECTION('',(1.,-0.));
#4623 = ( GEOMETRIC_REPRESENTATION_CONTEXT(2) 
PARAMETRIC_REPRESENTATION_CONTEXT() REPRESENTATION_CONTEXT('2D SPACE',''
  ) );
#4624 = FACE_BOUND('',#4625,.T.);
#4625 = EDGE_LOOP('',(#4626));
#4626 = ORIENTED_EDGE('',*,*,#4627,.T.);
#4627 = EDGE_CURVE('',#4628,#4628,#4630,.T.);
#4628 = VERTEX_POINT('',#4629);
#4629 = CARTESIAN_POINT('',(17.05,-20.,4.));
#4630 = SURFACE_CURVE('',#4631,(#4636,#4647),.PCURVE_S1.);
#4631 = CIRCLE('',#4632,1.3);
#4632 = AXIS2_PLACEMENT_3D('',#4633,#4634,#4635);
#4633 = CARTESIAN_POINT('',(15.75,-20.,4.));
#4634 = DIRECTION('',(0.,0.,-1.));
#4635 = DIRECTION('',(1.,0.,0.));
#4636 = PCURVE('',#100,#4637);
#4637 = DEFINITIONAL_REPRESENTATION('',(#4638),#4646);
#4638 = ( BOUNDED_CURVE() B_SPLINE_CURVE(2,(#4639,#4640,#4641,#4642,
#4643,#4644,#4645),.UNSPECIFIED.,.T.,.F.) B_SPLINE_CURVE_WITH_KNOTS((1,2
    ,2,2,2,1),(-2.094395102393,0.,2.094395102393,4.188790204786,
6.28318530718,8.377580409573),.UNSPECIFIED.) CURVE() 
GEOMETRIC_REPRESENTATION_ITEM() RATIONAL_B_SPLINE_CURVE((1.,0.5,1.,0.5,
1.,0.5,1.)) REPRESENTATION_ITEM('') );
#4639 = CARTESIAN_POINT('',(6.3,-20.));
#4640 = CARTESIAN_POINT('',(6.3,-22.25166604984));
#4641 = CARTESIAN_POINT('',(4.35,-21.12583302492));
#4642 = CARTESIAN_POINT('',(2.4,-20.));
#4643 = CARTESIAN_POINT('',(4.35,-18.87416697508));
#4644 = CARTESIAN_POINT('',(6.3,-17.74833395016));
#4645 = CARTESIAN_POINT('',(6.3,-20.));
#4646 = ( GEOMETRIC_REPRESENTATION_CONTEXT(2) 
PARAMETRIC_REPRESENTATION_CONTEXT() REPRESENTATION_CONTEXT('2D SPACE',''
  ) );
#4647 = PCURVE('',#1233,#4648);
#4648 = DEFINITIONAL_REPRESENTATION('',(#4649),#4653);
#4649 = LINE('',#4650,#4651);
#4650 = CARTESIAN_POINT('',(-6.28318530718,-4.5));
#4651 = VECTOR('',#4652,1.);
#4652 = DIRECTION('',(1.,-0.));
#4653 = ( GEOMETRIC_REPRESENTATION_CONTEXT(2) 
PARAMETRIC_REPRESENTATION_CONTEXT() REPRESENTATION_CONTEXT('2D SPACE',''
  ) );
#4654 = FACE_BOUND('',#4655,.T.);
#4655 = EDGE_LOOP('',(#4656));
#4656 = ORIENTED_EDGE('',*,*,#4657,.T.);
#4657 = EDGE_CURVE('',#4658,#4658,#4660,.T.);
#4658 = VERTEX_POINT('',#4659);
#4659 = CARTESIAN_POINT('',(22.05,-20.,4.));
#4660 = SURFACE_CURVE('',#4661,(#4666,#4677),.PCURVE_S1.);
#4661 = CIRCLE('',#4662,1.3);
#4662 = AXIS2_PLACEMENT_3D('',#4663,#4664,#4665);
#4663 = CARTESIAN_POINT('',(20.75,-20.,4.));
#4664 = DIRECTION('',(0.,0.,-1.));
#4665 = DIRECTION('',(1.,0.,0.));
#4666 = PCURVE('',#100,#4667);
#4667 = DEFINITIONAL_REPRESENTATION('',(#4668),#4676);
#4668 = ( BOUNDED_CURVE() B_SPLINE_CURVE(2,(#4669,#4670,#4671,#4672,
#4673,#4674,#4675),.UNSPECIFIED.,.T.,.F.) B_SPLINE_CURVE_WITH_KNOTS((1,2
    ,2,2,2,1),(-2.094395102393,0.,2.094395102393,4.188790204786,
6.28318530718,8.377580409573),.UNSPECIFIED.) CURVE() 
GEOMETRIC_REPRESENTATION_ITEM() RATIONAL_B_SPLINE_CURVE((1.,0.5,1.,0.5,
1.,0.5,1.)) REPRESENTATION_ITEM('') );
#4669 = CARTESIAN_POINT('',(11.3,-20.));
#4670 = CARTESIAN_POINT('',(11.3,-22.25166604984));
#4671 = CARTESIAN_POINT('',(9.35,-21.12583302492));
#4672 = CARTESIAN_POINT('',(7.4,-20.));
#4673 = CARTESIAN_POINT('',(9.35,-18.87416697508));
#4674 = CARTESIAN_POINT('',(11.3,-17.74833395016));
#4675 = CARTESIAN_POINT('',(11.3,-20.));
#4676 = ( GEOMETRIC_REPRESENTATION_CONTEXT(2) 
PARAMETRIC_REPRESENTATION_CONTEXT() REPRESENTATION_CONTEXT('2D SPACE',''
  ) );
#4677 = PCURVE('',#1268,#4678);
#4678 = DEFINITIONAL_REPRESENTATION('',(#4679),#4683);
#4679 = LINE('',#4680,#4681);
#4680 = CARTESIAN_POINT('',(-6.28318530718,-4.5));
#4681 = VECTOR('',#4682,1.);
#4682 = DIRECTION('',(1.,-0.));
#4683 = ( GEOMETRIC_REPRESENTATION_CONTEXT(2) 
PARAMETRIC_REPRESENTATION_CONTEXT() REPRESENTATION_CONTEXT('2D SPACE',''
  ) );
#4684 = FACE_BOUND('',#4685,.T.);
#4685 = EDGE_LOOP('',(#4686));
#4686 = ORIENTED_EDGE('',*,*,#4687,.T.);
#4687 = EDGE_CURVE('',#4688,#4688,#4690,.T.);
#4688 = VERTEX_POINT('',#4689);
#4689 = CARTESIAN_POINT('',(27.05,-25.,4.));
#4690 = SURFACE_CURVE('',#4691,(#4696,#4707),.PCURVE_S1.);
#4691 = CIRCLE('',#4692,1.3);
#4692 = AXIS2_PLACEMENT_3D('',#4693,#4694,#4695);
#4693 = CARTESIAN_POINT('',(25.75,-25.,4.));
#4694 = DIRECTION('',(0.,0.,-1.));
#4695 = DIRECTION('',(1.,0.,0.));
#4696 = PCURVE('',#100,#4697);
#4697 = DEFINITIONAL_REPRESENTATION('',(#4698),#4706);
#4698 = ( BOUNDED_CURVE() B_SPLINE_CURVE(2,(#4699,#4700,#4701,#4702,
#4703,#4704,#4705),.UNSPECIFIED.,.T.,.F.) B_SPLINE_CURVE_WITH_KNOTS((1,2
    ,2,2,2,1),(-2.094395102393,0.,2.094395102393,4.188790204786,
6.28318530718,8.377580409573),.UNSPECIFIED.) CURVE() 
GEOMETRIC_REPRESENTATION_ITEM() RATIONAL_B_SPLINE_CURVE((1.,0.5,1.,0.5,
1.,0.5,1.)) REPRESENTATION_ITEM('') );
#4699 = CARTESIAN_POINT('',(16.3,-25.));
#4700 = CARTESIAN_POINT('',(16.3,-27.25166604984));
#4701 = CARTESIAN_POINT('',(14.35,-26.12583302492));
#4702 = CARTESIAN_POINT('',(12.4,-25.));
#4703 = CARTESIAN_POINT('',(14.35,-23.87416697508));
#4704 = CARTESIAN_POINT('',(16.3,-22.74833395016));
#4705 = CARTESIAN_POINT('',(16.3,-25.));
#4706 = ( GEOMETRIC_REPRESENTATION_CONTEXT(2) 
PARAMETRIC_REPRESENTATION_CONTEXT() REPRESENTATION_CONTEXT('2D SPACE',''
  ) );
#4707 = PCURVE('',#1128,#4708);
#4708 = DEFINITIONAL_REPRESENTATION('',(#4709),#4713);
#4709 = LINE('',#4710,#4711);
#4710 = CARTESIAN_POINT('',(-6.28318530718,-4.5));
#4711 = VECTOR('',#4712,1.);
#4712 = DIRECTION('',(1.,-0.));
#4713 = ( GEOMETRIC_REPRESENTATION_CONTEXT(2) 
PARAMETRIC_REPRESENTATION_CONTEXT() REPRESENTATION_CONTEXT('2D SPACE',''
  ) );
#4714 = FACE_BOUND('',#4715,.T.);
#4715 = EDGE_LOOP('',(#4716));
#4716 = ORIENTED_EDGE('',*,*,#4717,.T.);
#4717 = EDGE_CURVE('',#4718,#4718,#4720,.T.);
#4718 = VERTEX_POINT('',#4719);
#4719 = CARTESIAN_POINT('',(32.05,-25.,4.));
#4720 = SURFACE_CURVE('',#4721,(#4726,#4737),.PCURVE_S1.);
#4721 = CIRCLE('',#4722,1.3);
#4722 = AXIS2_PLACEMENT_3D('',#4723,#4724,#4725);
#4723 = CARTESIAN_POINT('',(30.75,-25.,4.));
#4724 = DIRECTION('',(0.,0.,-1.));
#4725 = DIRECTION('',(1.,0.,0.));
#4726 = PCURVE('',#100,#4727);
#4727 = DEFINITIONAL_REPRESENTATION('',(#4728),#4736);
#4728 = ( BOUNDED_CURVE() B_SPLINE_CURVE(2,(#4729,#4730,#4731,#4732,
#4733,#4734,#4735),.UNSPECIFIED.,.T.,.F.) B_SPLINE_CURVE_WITH_KNOTS((1,2
    ,2,2,2,1),(-2.094395102393,0.,2.094395102393,4.188790204786,
6.28318530718,8.377580409573),.UNSPECIFIED.) CURVE() 
GEOMETRIC_REPRESENTATION_ITEM() RATIONAL_B_SPLINE_CURVE((1.,0.5,1.,0.5,
1.,0.5,1.)) REPRESENTATION_ITEM('') );
#4729 = CARTESIAN_POINT('',(21.3,-25.));
#4730 = CARTESIAN_POINT('',(21.3,-27.25166604984));
#4731 = CARTESIAN_POINT('',(19.35,-26.12583302492));
#4732 = CARTESIAN_POINT('',(17.4,-25.));
#4733 = CARTESIAN_POINT('',(19.35,-23.87416697508));
#4734 = CARTESIAN_POINT('',(21.3,-22.74833395016));
#4735 = CARTESIAN_POINT('',(21.3,-25.));
#4736 = ( GEOMETRIC_REPRESENTATION_CONTEXT(2) 
PARAMETRIC_REPRESENTATION_CONTEXT() REPRESENTATION_CONTEXT('2D SPACE',''
  ) );
#4737 = PCURVE('',#1163,#4738);
#4738 = DEFINITIONAL_REPRESENTATION('',(#4739),#4743);
#4739 = LINE('',#4740,#4741);
#4740 = CARTESIAN_POINT('',(-6.28318530718,-4.5));
#4741 = VECTOR('',#4742,1.);
#4742 = DIRECTION('',(1.,-0.));
#4743 = ( GEOMETRIC_REPRESENTATION_CONTEXT(2) 
PARAMETRIC_REPRESENTATION_CONTEXT() REPRESENTATION_CONTEXT('2D SPACE',''
  ) );
#4744 = FACE_BOUND('',#4745,.T.);
#4745 = EDGE_LOOP('',(#4746));
#4746 = ORIENTED_EDGE('',*,*,#4747,.T.);
#4747 = EDGE_CURVE('',#4748,#4748,#4750,.T.);
#4748 = VERTEX_POINT('',#4749);
#4749 = CARTESIAN_POINT('',(27.05,-20.,4.));
#4750 = SURFACE_CURVE('',#4751,(#4756,#4767),.PCURVE_S1.);
#4751 = CIRCLE('',#4752,1.3);
#4752 = AXIS2_PLACEMENT_3D('',#4753,#4754,#4755);
#4753 = CARTESIAN_POINT('',(25.75,-20.,4.));
#4754 = DIRECTION('',(0.,0.,-1.));
#4755 = DIRECTION('',(1.,0.,0.));
#4756 = PCURVE('',#100,#4757);
#4757 = DEFINITIONAL_REPRESENTATION('',(#4758),#4766);
#4758 = ( BOUNDED_CURVE() B_SPLINE_CURVE(2,(#4759,#4760,#4761,#4762,
#4763,#4764,#4765),.UNSPECIFIED.,.T.,.F.) B_SPLINE_CURVE_WITH_KNOTS((1,2
    ,2,2,2,1),(-2.094395102393,0.,2.094395102393,4.188790204786,
6.28318530718,8.377580409573),.UNSPECIFIED.) CURVE() 
GEOMETRIC_REPRESENTATION_ITEM() RATIONAL_B_SPLINE_CURVE((1.,0.5,1.,0.5,
1.,0.5,1.)) REPRESENTATION_ITEM('') );
#4759 = CARTESIAN_POINT('',(16.3,-20.));
#4760 = CARTESIAN_POINT('',(16.3,-22.25166604984));
#4761 = CARTESIAN_POINT('',(14.35,-21.12583302492));
#4762 = CARTESIAN_POINT('',(12.4,-20.));
#4763 = CARTESIAN_POINT('',(14.35,-18.87416697508));
#4764 = CARTESIAN_POINT('',(16.3,-17.74833395016));
#4765 = CARTESIAN_POINT('',(16.3,-20.));
#4766 = ( GEOMETRIC_REPRESENTATION_CONTEXT(2) 
PARAMETRIC_REPRESENTATION_CONTEXT() REPRESENTATION_CONTEXT('2D SPACE',''
  ) );
#4767 = PCURVE('',#1303,#4768);
#4768 = DEFINITIONAL_REPRESENTATION('',(#4769),#4773);
#4769 = LINE('',#4770,#4771);
#4770 = CARTESIAN_POINT('',(-6.28318530718,-4.5));
#4771 = VECTOR('',#4772,1.);
#4772 = DIRECTION('',(1.,-0.));
#4773 = ( GEOMETRIC_REPRESENTATION_CONTEXT(2) 
PARAMETRIC_REPRESENTATION_CONTEXT() REPRESENTATION_CONTEXT('2D SPACE',''
  ) );
#4774 = FACE_BOUND('',#4775,.T.);
#4775 = EDGE_LOOP('',(#4776));
#4776 = ORIENTED_EDGE('',*,*,#4777,.T.);
#4777 = EDGE_CURVE('',#4778,#4778,#4780,.T.);
#4778 = VERTEX_POINT('',#4779);
#4779 = CARTESIAN_POINT('',(32.05,-20.,4.));
#4780 = SURFACE_CURVE('',#4781,(#4786,#4797),.PCURVE_S1.);
#4781 = CIRCLE('',#4782,1.3);
#4782 = AXIS2_PLACEMENT_3D('',#4783,#4784,#4785);
#4783 = CARTESIAN_POINT('',(30.75,-20.,4.));
#4784 = DIRECTION('',(0.,0.,-1.));
#4785 = DIRECTION('',(1.,0.,0.));
#4786 = PCURVE('',#100,#4787);
#4787 = DEFINITIONAL_REPRESENTATION('',(#4788),#4796);
#4788 = ( BOUNDED_CURVE() B_SPLINE_CURVE(2,(#4789,#4790,#4791,#4792,
#4793,#4794,#4795),.UNSPECIFIED.,.T.,.F.) B_SPLINE_CURVE_WITH_KNOTS((1,2
    ,2,2,2,1),(-2.094395102393,0.,2.094395102393,4.188790204786,
6.28318530718,8.377580409573),.UNSPECIFIED.) CURVE() 
GEOMETRIC_REPRESENTATION_ITEM() RATIONAL_B_SPLINE_CURVE((1.,0.5,1.,0.5,
1.,0.5,1.)) REPRESENTATION_ITEM('') );
#4789 = CARTESIAN_POINT('',(21.3,-20.));
#4790 = CARTESIAN_POINT('',(21.3,-22.25166604984));
#4791 = CARTESIAN_POINT('',(19.35,-21.12583302492));
#4792 = CARTESIAN_POINT('',(17.4,-20.));
#4793 = CARTESIAN_POINT('',(19.35,-18.87416697508));
#4794 = CARTESIAN_POINT('',(21.3,-17.74833395016));
#4795 = CARTESIAN_POINT('',(21.3,-20.));
#4796 = ( GEOMETRIC_REPRESENTATION_CONTEXT(2) 
PARAMETRIC_REPRESENTATION_CONTEXT() REPRESENTATION_CONTEXT('2D SPACE',''
  ) );
#4797 = PCURVE('',#1338,#4798);
#4798 = DEFINITIONAL_REPRESENTATION('',(#4799),#4803);
#4799 = LINE('',#4800,#4801);
#4800 = CARTESIAN_POINT('',(-6.28318530718,-4.5));
#4801 = VECTOR('',#4802,1.);
#4802 = DIRECTION('',(1.,-0.));
#4803 = ( GEOMETRIC_REPRESENTATION_CONTEXT(2) 
PARAMETRIC_REPRESENTATION_CONTEXT() REPRESENTATION_CONTEXT('2D SPACE',''
  ) );
#4804 = FACE_BOUND('',#4805,.T.);
#4805 = EDGE_LOOP('',(#4806));
#4806 = ORIENTED_EDGE('',*,*,#4807,.T.);
#4807 = EDGE_CURVE('',#4808,#4808,#4810,.T.);
#4808 = VERTEX_POINT('',#4809);
#4809 = CARTESIAN_POINT('',(37.05,-25.,4.));
#4810 = SURFACE_CURVE('',#4811,(#4816,#4827),.PCURVE_S1.);
#4811 = CIRCLE('',#4812,1.3);
#4812 = AXIS2_PLACEMENT_3D('',#4813,#4814,#4815);
#4813 = CARTESIAN_POINT('',(35.75,-25.,4.));
#4814 = DIRECTION('',(0.,0.,-1.));
#4815 = DIRECTION('',(1.,0.,0.));
#4816 = PCURVE('',#100,#4817);
#4817 = DEFINITIONAL_REPRESENTATION('',(#4818),#4826);
#4818 = ( BOUNDED_CURVE() B_SPLINE_CURVE(2,(#4819,#4820,#4821,#4822,
#4823,#4824,#4825),.UNSPECIFIED.,.T.,.F.) B_SPLINE_CURVE_WITH_KNOTS((1,2
    ,2,2,2,1),(-2.094395102393,0.,2.094395102393,4.188790204786,
6.28318530718,8.377580409573),.UNSPECIFIED.) CURVE() 
GEOMETRIC_REPRESENTATION_ITEM() RATIONAL_B_SPLINE_CURVE((1.,0.5,1.,0.5,
1.,0.5,1.)) REPRESENTATION_ITEM('') );
#4819 = CARTESIAN_POINT('',(26.3,-25.));
#4820 = CARTESIAN_POINT('',(26.3,-27.25166604984));
#4821 = CARTESIAN_POINT('',(24.35,-26.12583302492));
#4822 = CARTESIAN_POINT('',(22.4,-25.));
#4823 = CARTESIAN_POINT('',(24.35,-23.87416697508));
#4824 = CARTESIAN_POINT('',(26.3,-22.74833395016));
#4825 = CARTESIAN_POINT('',(26.3,-25.));
#4826 = ( GEOMETRIC_REPRESENTATION_CONTEXT(2) 
PARAMETRIC_REPRESENTATION_CONTEXT() REPRESENTATION_CONTEXT('2D SPACE',''
  ) );
#4827 = PCURVE('',#1373,#4828);
#4828 = DEFINITIONAL_REPRESENTATION('',(#4829),#4833);
#4829 = LINE('',#4830,#4831);
#4830 = CARTESIAN_POINT('',(-6.28318530718,-4.5));
#4831 = VECTOR('',#4832,1.);
#4832 = DIRECTION('',(1.,-0.));
#4833 = ( GEOMETRIC_REPRESENTATION_CONTEXT(2) 
PARAMETRIC_REPRESENTATION_CONTEXT() REPRESENTATION_CONTEXT('2D SPACE',''
  ) );
#4834 = FACE_BOUND('',#4835,.T.);
#4835 = EDGE_LOOP('',(#4836));
#4836 = ORIENTED_EDGE('',*,*,#4837,.T.);
#4837 = EDGE_CURVE('',#4838,#4838,#4840,.T.);
#4838 = VERTEX_POINT('',#4839);
#4839 = CARTESIAN_POINT('',(42.05,-25.,4.));
#4840 = SURFACE_CURVE('',#4841,(#4846,#4857),.PCURVE_S1.);
#4841 = CIRCLE('',#4842,1.3);
#4842 = AXIS2_PLACEMENT_3D('',#4843,#4844,#4845);
#4843 = CARTESIAN_POINT('',(40.75,-25.,4.));
#4844 = DIRECTION('',(0.,0.,-1.));
#4845 = DIRECTION('',(1.,0.,0.));
#4846 = PCURVE('',#100,#4847);
#4847 = DEFINITIONAL_REPRESENTATION('',(#4848),#4856);
#4848 = ( BOUNDED_CURVE() B_SPLINE_CURVE(2,(#4849,#4850,#4851,#4852,
#4853,#4854,#4855),.UNSPECIFIED.,.T.,.F.) B_SPLINE_CURVE_WITH_KNOTS((1,2
    ,2,2,2,1),(-2.094395102393,0.,2.094395102393,4.188790204786,
6.28318530718,8.377580409573),.UNSPECIFIED.) CURVE() 
GEOMETRIC_REPRESENTATION_ITEM() RATIONAL_B_SPLINE_CURVE((1.,0.5,1.,0.5,
1.,0.5,1.)) REPRESENTATION_ITEM('') );
#4849 = CARTESIAN_POINT('',(31.3,-25.));
#4850 = CARTESIAN_POINT('',(31.3,-27.25166604984));
#4851 = CARTESIAN_POINT('',(29.35,-26.12583302492));
#4852 = CARTESIAN_POINT('',(27.4,-25.));
#4853 = CARTESIAN_POINT('',(29.35,-23.87416697508));
#4854 = CARTESIAN_POINT('',(31.3,-22.74833395016));
#4855 = CARTESIAN_POINT('',(31.3,-25.));
#4856 = ( GEOMETRIC_REPRESENTATION_CONTEXT(2) 
PARAMETRIC_REPRESENTATION_CONTEXT() REPRESENTATION_CONTEXT('2D SPACE',''
  ) );
#4857 = PCURVE('',#1408,#4858);
#4858 = DEFINITIONAL_REPRESENTATION('',(#4859),#4863);
#4859 = LINE('',#4860,#4861);
#4860 = CARTESIAN_POINT('',(-6.28318530718,-4.5));
#4861 = VECTOR('',#4862,1.);
#4862 = DIRECTION('',(1.,-0.));
#4863 = ( GEOMETRIC_REPRESENTATION_CONTEXT(2) 
PARAMETRIC_REPRESENTATION_CONTEXT() REPRESENTATION_CONTEXT('2D SPACE',''
  ) );
#4864 = FACE_BOUND('',#4865,.T.);
#4865 = EDGE_LOOP('',(#4866));
#4866 = ORIENTED_EDGE('',*,*,#4867,.T.);
#4867 = EDGE_CURVE('',#4868,#4868,#4870,.T.);
#4868 = VERTEX_POINT('',#4869);
#4869 = CARTESIAN_POINT('',(37.05,-20.,4.));
#4870 = SURFACE_CURVE('',#4871,(#4876,#4887),.PCURVE_S1.);
#4871 = CIRCLE('',#4872,1.3);
#4872 = AXIS2_PLACEMENT_3D('',#4873,#4874,#4875);
#4873 = CARTESIAN_POINT('',(35.75,-20.,4.));
#4874 = DIRECTION('',(0.,0.,-1.));
#4875 = DIRECTION('',(1.,0.,0.));
#4876 = PCURVE('',#100,#4877);
#4877 = DEFINITIONAL_REPRESENTATION('',(#4878),#4886);
#4878 = ( BOUNDED_CURVE() B_SPLINE_CURVE(2,(#4879,#4880,#4881,#4882,
#4883,#4884,#4885),.UNSPECIFIED.,.T.,.F.) B_SPLINE_CURVE_WITH_KNOTS((1,2
    ,2,2,2,1),(-2.094395102393,0.,2.094395102393,4.188790204786,
6.28318530718,8.377580409573),.UNSPECIFIED.) CURVE() 
GEOMETRIC_REPRESENTATION_ITEM() RATIONAL_B_SPLINE_CURVE((1.,0.5,1.,0.5,
1.,0.5,1.)) REPRESENTATION_ITEM('') );
#4879 = CARTESIAN_POINT('',(26.3,-20.));
#4880 = CARTESIAN_POINT('',(26.3,-22.25166604984));
#4881 = CARTESIAN_POINT('',(24.35,-21.12583302492));
#4882 = CARTESIAN_POINT('',(22.4,-20.));
#4883 = CARTESIAN_POINT('',(24.35,-18.87416697508));
#4884 = CARTESIAN_POINT('',(26.3,-17.74833395016));
#4885 = CARTESIAN_POINT('',(26.3,-20.));
#4886 = ( GEOMETRIC_REPRESENTATION_CONTEXT(2) 
PARAMETRIC_REPRESENTATION_CONTEXT() REPRESENTATION_CONTEXT('2D SPACE',''
  ) );
#4887 = PCURVE('',#1548,#4888);
#4888 = DEFINITIONAL_REPRESENTATION('',(#4889),#4893);
#4889 = LINE('',#4890,#4891);
#4890 = CARTESIAN_POINT('',(-6.28318530718,-4.5));
#4891 = VECTOR('',#4892,1.);
#4892 = DIRECTION('',(1.,-0.));
#4893 = ( GEOMETRIC_REPRESENTATION_CONTEXT(2) 
PARAMETRIC_REPRESENTATION_CONTEXT() REPRESENTATION_CONTEXT('2D SPACE',''
  ) );
#4894 = FACE_BOUND('',#4895,.T.);
#4895 = EDGE_LOOP('',(#4896));
#4896 = ORIENTED_EDGE('',*,*,#4897,.T.);
#4897 = EDGE_CURVE('',#4898,#4898,#4900,.T.);
#4898 = VERTEX_POINT('',#4899);
#4899 = CARTESIAN_POINT('',(42.05,-20.,4.));
#4900 = SURFACE_CURVE('',#4901,(#4906,#4917),.PCURVE_S1.);
#4901 = CIRCLE('',#4902,1.3);
#4902 = AXIS2_PLACEMENT_3D('',#4903,#4904,#4905);
#4903 = CARTESIAN_POINT('',(40.75,-20.,4.));
#4904 = DIRECTION('',(0.,0.,-1.));
#4905 = DIRECTION('',(1.,0.,0.));
#4906 = PCURVE('',#100,#4907);
#4907 = DEFINITIONAL_REPRESENTATION('',(#4908),#4916);
#4908 = ( BOUNDED_CURVE() B_SPLINE_CURVE(2,(#4909,#4910,#4911,#4912,
#4913,#4914,#4915),.UNSPECIFIED.,.T.,.F.) B_SPLINE_CURVE_WITH_KNOTS((1,2
    ,2,2,2,1),(-2.094395102393,0.,2.094395102393,4.188790204786,
6.28318530718,8.377580409573),.UNSPECIFIED.) CURVE() 
GEOMETRIC_REPRESENTATION_ITEM() RATIONAL_B_SPLINE_CURVE((1.,0.5,1.,0.5,
1.,0.5,1.)) REPRESENTATION_ITEM('') );
#4909 = CARTESIAN_POINT('',(31.3,-20.));
#4910 = CARTESIAN_POINT('',(31.3,-22.25166604984));
#4911 = CARTESIAN_POINT('',(29.35,-21.12583302492));
#4912 = CARTESIAN_POINT('',(27.4,-20.));
#4913 = CARTESIAN_POINT('',(29.35,-18.87416697508));
#4914 = CARTESIAN_POINT('',(31.3,-17.74833395016));
#4915 = CARTESIAN_POINT('',(31.3,-20.));
#4916 = ( GEOMETRIC_REPRESENTATION_CONTEXT(2) 
PARAMETRIC_REPRESENTATION_CONTEXT() REPRESENTATION_CONTEXT('2D SPACE',''
  ) );
#4917 = PCURVE('',#1583,#4918);
#4918 = DEFINITIONAL_REPRESENTATION('',(#4919),#4923);
#4919 = LINE('',#4920,#4921);
#4920 = CARTESIAN_POINT('',(-6.28318530718,-4.5));
#4921 = VECTOR('',#4922,1.);
#4922 = DIRECTION('',(1.,-0.));
#4923 = ( GEOMETRIC_REPRESENTATION_CONTEXT(2) 
PARAMETRIC_REPRESENTATION_CONTEXT() REPRESENTATION_CONTEXT('2D SPACE',''
  ) );
#4924 = FACE_BOUND('',#4925,.T.);
#4925 = EDGE_LOOP('',(#4926));
#4926 = ORIENTED_EDGE('',*,*,#4927,.T.);
#4927 = EDGE_CURVE('',#4928,#4928,#4930,.T.);
#4928 = VERTEX_POINT('',#4929);
#4929 = CARTESIAN_POINT('',(47.05,-25.,4.));
#4930 = SURFACE_CURVE('',#4931,(#4936,#4947),.PCURVE_S1.);
#4931 = CIRCLE('',#4932,1.3);
#4932 = AXIS2_PLACEMENT_3D('',#4933,#4934,#4935);
#4933 = CARTESIAN_POINT('',(45.75,-25.,4.));
#4934 = DIRECTION('',(0.,0.,-1.));
#4935 = DIRECTION('',(1.,0.,0.));
#4936 = PCURVE('',#100,#4937);
#4937 = DEFINITIONAL_REPRESENTATION('',(#4938),#4946);
#4938 = ( BOUNDED_CURVE() B_SPLINE_CURVE(2,(#4939,#4940,#4941,#4942,
#4943,#4944,#4945),.UNSPECIFIED.,.T.,.F.) B_SPLINE_CURVE_WITH_KNOTS((1,2
    ,2,2,2,1),(-2.094395102393,0.,2.094395102393,4.188790204786,
6.28318530718,8.377580409573),.UNSPECIFIED.) CURVE() 
GEOMETRIC_REPRESENTATION_ITEM() RATIONAL_B_SPLINE_CURVE((1.,0.5,1.,0.5,
1.,0.5,1.)) REPRESENTATION_ITEM('') );
#4939 = CARTESIAN_POINT('',(36.3,-25.));
#4940 = CARTESIAN_POINT('',(36.3,-27.25166604984));
#4941 = CARTESIAN_POINT('',(34.35,-26.12583302492));
#4942 = CARTESIAN_POINT('',(32.4,-25.));
#4943 = CARTESIAN_POINT('',(34.35,-23.87416697508));
#4944 = CARTESIAN_POINT('',(36.3,-22.74833395016));
#4945 = CARTESIAN_POINT('',(36.3,-25.));
#4946 = ( GEOMETRIC_REPRESENTATION_CONTEXT(2) 
PARAMETRIC_REPRESENTATION_CONTEXT() REPRESENTATION_CONTEXT('2D SPACE',''
  ) );
#4947 = PCURVE('',#1443,#4948);
#4948 = DEFINITIONAL_REPRESENTATION('',(#4949),#4953);
#4949 = LINE('',#4950,#4951);
#4950 = CARTESIAN_POINT('',(-6.28318530718,-4.5));
#4951 = VECTOR('',#4952,1.);
#4952 = DIRECTION('',(1.,-0.));
#4953 = ( GEOMETRIC_REPRESENTATION_CONTEXT(2) 
PARAMETRIC_REPRESENTATION_CONTEXT() REPRESENTATION_CONTEXT('2D SPACE',''
  ) );
#4954 = FACE_BOUND('',#4955,.T.);
#4955 = EDGE_LOOP('',(#4956));
#4956 = ORIENTED_EDGE('',*,*,#4957,.T.);
#4957 = EDGE_CURVE('',#4958,#4958,#4960,.T.);
#4958 = VERTEX_POINT('',#4959);
#4959 = CARTESIAN_POINT('',(52.05,-25.,4.));
#4960 = SURFACE_CURVE('',#4961,(#4966,#4977),.PCURVE_S1.);
#4961 = CIRCLE('',#4962,1.3);
#4962 = AXIS2_PLACEMENT_3D('',#4963,#4964,#4965);
#4963 = CARTESIAN_POINT('',(50.75,-25.,4.));
#4964 = DIRECTION('',(0.,0.,-1.));
#4965 = DIRECTION('',(1.,0.,0.));
#4966 = PCURVE('',#100,#4967);
#4967 = DEFINITIONAL_REPRESENTATION('',(#4968),#4976);
#4968 = ( BOUNDED_CURVE() B_SPLINE_CURVE(2,(#4969,#4970,#4971,#4972,
#4973,#4974,#4975),.UNSPECIFIED.,.T.,.F.) B_SPLINE_CURVE_WITH_KNOTS((1,2
    ,2,2,2,1),(-2.094395102393,0.,2.094395102393,4.188790204786,
6.28318530718,8.377580409573),.UNSPECIFIED.) CURVE() 
GEOMETRIC_REPRESENTATION_ITEM() RATIONAL_B_SPLINE_CURVE((1.,0.5,1.,0.5,
1.,0.5,1.)) REPRESENTATION_ITEM('') );
#4969 = CARTESIAN_POINT('',(41.3,-25.));
#4970 = CARTESIAN_POINT('',(41.3,-27.25166604984));
#4971 = CARTESIAN_POINT('',(39.35,-26.12583302492));
#4972 = CARTESIAN_POINT('',(37.4,-25.));
#4973 = CARTESIAN_POINT('',(39.35,-23.87416697508));
#4974 = CARTESIAN_POINT('',(41.3,-22.74833395016));
#4975 = CARTESIAN_POINT('',(41.3,-25.));
#4976 = ( GEOMETRIC_REPRESENTATION_CONTEXT(2) 
PARAMETRIC_REPRESENTATION_CONTEXT() REPRESENTATION_CONTEXT('2D SPACE',''
  ) );
#4977 = PCURVE('',#1478,#4978);
#4978 = DEFINITIONAL_REPRESENTATION('',(#4979),#4983);
#4979 = LINE('',#4980,#4981);
#4980 = CARTESIAN_POINT('',(-6.28318530718,-4.5));
#4981 = VECTOR('',#4982,1.);
#4982 = DIRECTION('',(1.,-0.));
#4983 = ( GEOMETRIC_REPRESENTATION_CONTEXT(2) 
PARAMETRIC_REPRESENTATION_CONTEXT() REPRESENTATION_CONTEXT('2D SPACE',''
  ) );
#4984 = FACE_BOUND('',#4985,.T.);
#4985 = EDGE_LOOP('',(#4986));
#4986 = ORIENTED_EDGE('',*,*,#4987,.T.);
#4987 = EDGE_CURVE('',#4988,#4988,#4990,.T.);
#4988 = VERTEX_POINT('',#4989);
#4989 = CARTESIAN_POINT('',(57.05,-25.,4.));
#4990 = SURFACE_CURVE('',#4991,(#4996,#5007),.PCURVE_S1.);
#4991 = CIRCLE('',#4992,1.3);
#4992 = AXIS2_PLACEMENT_3D('',#4993,#4994,#4995);
#4993 = CARTESIAN_POINT('',(55.75,-25.,4.));
#4994 = DIRECTION('',(0.,0.,-1.));
#4995 = DIRECTION('',(1.,0.,0.));
#4996 = PCURVE('',#100,#4997);
#4997 = DEFINITIONAL_REPRESENTATION('',(#4998),#5006);
#4998 = ( BOUNDED_CURVE() B_SPLINE_CURVE(2,(#4999,#5000,#5001,#5002,
#5003,#5004,#5005),.UNSPECIFIED.,.T.,.F.) B_SPLINE_CURVE_WITH_KNOTS((1,2
    ,2,2,2,1),(-2.094395102393,0.,2.094395102393,4.188790204786,
6.28318530718,8.377580409573),.UNSPECIFIED.) CURVE() 
GEOMETRIC_REPRESENTATION_ITEM() RATIONAL_B_SPLINE_CURVE((1.,0.5,1.,0.5,
1.,0.5,1.)) REPRESENTATION_ITEM('') );
#4999 = CARTESIAN_POINT('',(46.3,-25.));
#5000 = CARTESIAN_POINT('',(46.3,-27.25166604984));
#5001 = CARTESIAN_POINT('',(44.35,-26.12583302492));
#5002 = CARTESIAN_POINT('',(42.4,-25.));
#5003 = CARTESIAN_POINT('',(44.35,-23.87416697508));
#5004 = CARTESIAN_POINT('',(46.3,-22.74833395016));
#5005 = CARTESIAN_POINT('',(46.3,-25.));
#5006 = ( GEOMETRIC_REPRESENTATION_CONTEXT(2) 
PARAMETRIC_REPRESENTATION_CONTEXT() REPRESENTATION_CONTEXT('2D SPACE',''
  ) );
#5007 = PCURVE('',#1513,#5008);
#5008 = DEFINITIONAL_REPRESENTATION('',(#5009),#5013);
#5009 = LINE('',#5010,#5011);
#5010 = CARTESIAN_POINT('',(-6.28318530718,-4.5));
#5011 = VECTOR('',#5012,1.);
#5012 = DIRECTION('',(1.,-0.));
#5013 = ( GEOMETRIC_REPRESENTATION_CONTEXT(2) 
PARAMETRIC_REPRESENTATION_CONTEXT() REPRESENTATION_CONTEXT('2D SPACE',''
  ) );
#5014 = FACE_BOUND('',#5015,.T.);
#5015 = EDGE_LOOP('',(#5016));
#5016 = ORIENTED_EDGE('',*,*,#5017,.T.);
#5017 = EDGE_CURVE('',#5018,#5018,#5020,.T.);
#5018 = VERTEX_POINT('',#5019);
#5019 = CARTESIAN_POINT('',(47.05,-20.,4.));
#5020 = SURFACE_CURVE('',#5021,(#5026,#5037),.PCURVE_S1.);
#5021 = CIRCLE('',#5022,1.3);
#5022 = AXIS2_PLACEMENT_3D('',#5023,#5024,#5025);
#5023 = CARTESIAN_POINT('',(45.75,-20.,4.));
#5024 = DIRECTION('',(0.,0.,-1.));
#5025 = DIRECTION('',(1.,0.,0.));
#5026 = PCURVE('',#100,#5027);
#5027 = DEFINITIONAL_REPRESENTATION('',(#5028),#5036);
#5028 = ( BOUNDED_CURVE() B_SPLINE_CURVE(2,(#5029,#5030,#5031,#5032,
#5033,#5034,#5035),.UNSPECIFIED.,.T.,.F.) B_SPLINE_CURVE_WITH_KNOTS((1,2
    ,2,2,2,1),(-2.094395102393,0.,2.094395102393,4.188790204786,
6.28318530718,8.377580409573),.UNSPECIFIED.) CURVE() 
GEOMETRIC_REPRESENTATION_ITEM() RATIONAL_B_SPLINE_CURVE((1.,0.5,1.,0.5,
1.,0.5,1.)) REPRESENTATION_ITEM('') );
#5029 = CARTESIAN_POINT('',(36.3,-20.));
#5030 = CARTESIAN_POINT('',(36.3,-22.25166604984));
#5031 = CARTESIAN_POINT('',(34.35,-21.12583302492));
#5032 = CARTESIAN_POINT('',(32.4,-20.));
#5033 = CARTESIAN_POINT('',(34.35,-18.87416697508));
#5034 = CARTESIAN_POINT('',(36.3,-17.74833395016));
#5035 = CARTESIAN_POINT('',(36.3,-20.));
#5036 = ( GEOMETRIC_REPRESENTATION_CONTEXT(2) 
PARAMETRIC_REPRESENTATION_CONTEXT() REPRESENTATION_CONTEXT('2D SPACE',''
  ) );
#5037 = PCURVE('',#1653,#5038);
#5038 = DEFINITIONAL_REPRESENTATION('',(#5039),#5043);
#5039 = LINE('',#5040,#5041);
#5040 = CARTESIAN_POINT('',(-6.28318530718,-4.5));
#5041 = VECTOR('',#5042,1.);
#5042 = DIRECTION('',(1.,-0.));
#5043 = ( GEOMETRIC_REPRESENTATION_CONTEXT(2) 
PARAMETRIC_REPRESENTATION_CONTEXT() REPRESENTATION_CONTEXT('2D SPACE',''
  ) );
#5044 = FACE_BOUND('',#5045,.T.);
#5045 = EDGE_LOOP('',(#5046));
#5046 = ORIENTED_EDGE('',*,*,#5047,.T.);
#5047 = EDGE_CURVE('',#5048,#5048,#5050,.T.);
#5048 = VERTEX_POINT('',#5049);
#5049 = CARTESIAN_POINT('',(52.05,-20.,4.));
#5050 = SURFACE_CURVE('',#5051,(#5056,#5067),.PCURVE_S1.);
#5051 = CIRCLE('',#5052,1.3);
#5052 = AXIS2_PLACEMENT_3D('',#5053,#5054,#5055);
#5053 = CARTESIAN_POINT('',(50.75,-20.,4.));
#5054 = DIRECTION('',(0.,0.,-1.));
#5055 = DIRECTION('',(1.,0.,0.));
#5056 = PCURVE('',#100,#5057);
#5057 = DEFINITIONAL_REPRESENTATION('',(#5058),#5066);
#5058 = ( BOUNDED_CURVE() B_SPLINE_CURVE(2,(#5059,#5060,#5061,#5062,
#5063,#5064,#5065),.UNSPECIFIED.,.T.,.F.) B_SPLINE_CURVE_WITH_KNOTS((1,2
    ,2,2,2,1),(-2.094395102393,0.,2.094395102393,4.188790204786,
6.28318530718,8.377580409573),.UNSPECIFIED.) CURVE() 
GEOMETRIC_REPRESENTATION_ITEM() RATIONAL_B_SPLINE_CURVE((1.,0.5,1.,0.5,
1.,0.5,1.)) REPRESENTATION_ITEM('') );
#5059 = CARTESIAN_POINT('',(41.3,-20.));
#5060 = CARTESIAN_POINT('',(41.3,-22.25166604984));
#5061 = CARTESIAN_POINT('',(39.35,-21.12583302492));
#5062 = CARTESIAN_POINT('',(37.4,-20.));
#5063 = CARTESIAN_POINT('',(39.35,-18.87416697508));
#5064 = CARTESIAN_POINT('',(41.3,-17.74833395016));
#5065 = CARTESIAN_POINT('',(41.3,-20.));
#5066 = ( GEOMETRIC_REPRESENTATION_CONTEXT(2) 
PARAMETRIC_REPRESENTATION_CONTEXT() REPRESENTATION_CONTEXT('2D SPACE',''
  ) );
#5067 = PCURVE('',#1688,#5068);
#5068 = DEFINITIONAL_REPRESENTATION('',(#5069),#5073);
#5069 = LINE('',#5070,#5071);
#5070 = CARTESIAN_POINT('',(-6.28318530718,-4.5));
#5071 = VECTOR('',#5072,1.);
#5072 = DIRECTION('',(1.,-0.));
#5073 = ( GEOMETRIC_REPRESENTATION_CONTEXT(2) 
PARAMETRIC_REPRESENTATION_CONTEXT() REPRESENTATION_CONTEXT('2D SPACE',''
  ) );
#5074 = FACE_BOUND('',#5075,.T.);
#5075 = EDGE_LOOP('',(#5076));
#5076 = ORIENTED_EDGE('',*,*,#5077,.T.);
#5077 = EDGE_CURVE('',#5078,#5078,#5080,.T.);
#5078 = VERTEX_POINT('',#5079);
#5079 = CARTESIAN_POINT('',(57.05,-20.,4.));
#5080 = SURFACE_CURVE('',#5081,(#5086,#5097),.PCURVE_S1.);
#5081 = CIRCLE('',#5082,1.3);
#5082 = AXIS2_PLACEMENT_3D('',#5083,#5084,#5085);
#5083 = CARTESIAN_POINT('',(55.75,-20.,4.));
#5084 = DIRECTION('',(0.,0.,-1.));
#5085 = DIRECTION('',(1.,0.,0.));
#5086 = PCURVE('',#100,#5087);
#5087 = DEFINITIONAL_REPRESENTATION('',(#5088),#5096);
#5088 = ( BOUNDED_CURVE() B_SPLINE_CURVE(2,(#5089,#5090,#5091,#5092,
#5093,#5094,#5095),.UNSPECIFIED.,.T.,.F.) B_SPLINE_CURVE_WITH_KNOTS((1,2
    ,2,2,2,1),(-2.094395102393,0.,2.094395102393,4.188790204786,
6.28318530718,8.377580409573),.UNSPECIFIED.) CURVE() 
GEOMETRIC_REPRESENTATION_ITEM() RATIONAL_B_SPLINE_CURVE((1.,0.5,1.,0.5,
1.,0.5,1.)) REPRESENTATION_ITEM('') );
#5089 = CARTESIAN_POINT('',(46.3,-20.));
#5090 = CARTESIAN_POINT('',(46.3,-22.25166604984));
#5091 = CARTESIAN_POINT('',(44.35,-21.12583302492));
#5092 = CARTESIAN_POINT('',(42.4,-20.));
#5093 = CARTESIAN_POINT('',(44.35,-18.87416697508));
#5094 = CARTESIAN_POINT('',(46.3,-17.74833395016));
#5095 = CARTESIAN_POINT('',(46.3,-20.));
#5096 = ( GEOMETRIC_REPRESENTATION_CONTEXT(2) 
PARAMETRIC_REPRESENTATION_CONTEXT() REPRESENTATION_CONTEXT('2D SPACE',''
  ) );
#5097 = PCURVE('',#1723,#5098);
#5098 = DEFINITIONAL_REPRESENTATION('',(#5099),#5103);
#5099 = LINE('',#5100,#5101);
#5100 = CARTESIAN_POINT('',(-6.28318530718,-4.5));
#5101 = VECTOR('',#5102,1.);
#5102 = DIRECTION('',(1.,-0.));
#5103 = ( GEOMETRIC_REPRESENTATION_CONTEXT(2) 
PARAMETRIC_REPRESENTATION_CONTEXT() REPRESENTATION_CONTEXT('2D SPACE',''
  ) );
#5104 = FACE_BOUND('',#5105,.T.);
#5105 = EDGE_LOOP('',(#5106));
#5106 = ORIENTED_EDGE('',*,*,#5107,.T.);
#5107 = EDGE_CURVE('',#5108,#5108,#5110,.T.);
#5108 = VERTEX_POINT('',#5109);
#5109 = CARTESIAN_POINT('',(42.05,-15.,4.));
#5110 = SURFACE_CURVE('',#5111,(#5116,#5127),.PCURVE_S1.);
#5111 = CIRCLE('',#5112,1.3);
#5112 = AXIS2_PLACEMENT_3D('',#5113,#5114,#5115);
#5113 = CARTESIAN_POINT('',(40.75,-15.,4.));
#5114 = DIRECTION('',(0.,0.,-1.));
#5115 = DIRECTION('',(1.,0.,0.));
#5116 = PCURVE('',#100,#5117);
#5117 = DEFINITIONAL_REPRESENTATION('',(#5118),#5126);
#5118 = ( BOUNDED_CURVE() B_SPLINE_CURVE(2,(#5119,#5120,#5121,#5122,
#5123,#5124,#5125),.UNSPECIFIED.,.T.,.F.) B_SPLINE_CURVE_WITH_KNOTS((1,2
    ,2,2,2,1),(-2.094395102393,0.,2.094395102393,4.188790204786,
6.28318530718,8.377580409573),.UNSPECIFIED.) CURVE() 
GEOMETRIC_REPRESENTATION_ITEM() RATIONAL_B_SPLINE_CURVE((1.,0.5,1.,0.5,
1.,0.5,1.)) REPRESENTATION_ITEM('') );
#5119 = CARTESIAN_POINT('',(31.3,-15.));
#5120 = CARTESIAN_POINT('',(31.3,-17.25166604984));
#5121 = CARTESIAN_POINT('',(29.35,-16.12583302492));
#5122 = CARTESIAN_POINT('',(27.4,-15.));
#5123 = CARTESIAN_POINT('',(29.35,-13.87416697508));
#5124 = CARTESIAN_POINT('',(31.3,-12.74833395016));
#5125 = CARTESIAN_POINT('',(31.3,-15.));
#5126 = ( GEOMETRIC_REPRESENTATION_CONTEXT(2) 
PARAMETRIC_REPRESENTATION_CONTEXT() REPRESENTATION_CONTEXT('2D SPACE',''
  ) );
#5127 = PCURVE('',#1618,#5128);
#5128 = DEFINITIONAL_REPRESENTATION('',(#5129),#5133);
#5129 = LINE('',#5130,#5131);
#5130 = CARTESIAN_POINT('',(-6.28318530718,-4.5));
#5131 = VECTOR('',#5132,1.);
#5132 = DIRECTION('',(1.,-0.));
#5133 = ( GEOMETRIC_REPRESENTATION_CONTEXT(2) 
PARAMETRIC_REPRESENTATION_CONTEXT() REPRESENTATION_CONTEXT('2D SPACE',''
  ) );
#5134 = FACE_BOUND('',#5135,.T.);
#5135 = EDGE_LOOP('',(#5136));
#5136 = ORIENTED_EDGE('',*,*,#5137,.T.);
#5137 = EDGE_CURVE('',#5138,#5138,#5140,.T.);
#5138 = VERTEX_POINT('',#5139);
#5139 = CARTESIAN_POINT('',(47.05,-15.,4.));
#5140 = SURFACE_CURVE('',#5141,(#5146,#5157),.PCURVE_S1.);
#5141 = CIRCLE('',#5142,1.3);
#5142 = AXIS2_PLACEMENT_3D('',#5143,#5144,#5145);
#5143 = CARTESIAN_POINT('',(45.75,-15.,4.));
#5144 = DIRECTION('',(0.,0.,-1.));
#5145 = DIRECTION('',(1.,0.,0.));
#5146 = PCURVE('',#100,#5147);
#5147 = DEFINITIONAL_REPRESENTATION('',(#5148),#5156);
#5148 = ( BOUNDED_CURVE() B_SPLINE_CURVE(2,(#5149,#5150,#5151,#5152,
#5153,#5154,#5155),.UNSPECIFIED.,.T.,.F.) B_SPLINE_CURVE_WITH_KNOTS((1,2
    ,2,2,2,1),(-2.094395102393,0.,2.094395102393,4.188790204786,
6.28318530718,8.377580409573),.UNSPECIFIED.) CURVE() 
GEOMETRIC_REPRESENTATION_ITEM() RATIONAL_B_SPLINE_CURVE((1.,0.5,1.,0.5,
1.,0.5,1.)) REPRESENTATION_ITEM('') );
#5149 = CARTESIAN_POINT('',(36.3,-15.));
#5150 = CARTESIAN_POINT('',(36.3,-17.25166604984));
#5151 = CARTESIAN_POINT('',(34.35,-16.12583302492));
#5152 = CARTESIAN_POINT('',(32.4,-15.));
#5153 = CARTESIAN_POINT('',(34.35,-13.87416697508));
#5154 = CARTESIAN_POINT('',(36.3,-12.74833395016));
#5155 = CARTESIAN_POINT('',(36.3,-15.));
#5156 = ( GEOMETRIC_REPRESENTATION_CONTEXT(2) 
PARAMETRIC_REPRESENTATION_CONTEXT() REPRESENTATION_CONTEXT('2D SPACE',''
  ) );
#5157 = PCURVE('',#1758,#5158);
#5158 = DEFINITIONAL_REPRESENTATION('',(#5159),#5163);
#5159 = LINE('',#5160,#5161);
#5160 = CARTESIAN_POINT('',(-6.28318530718,-4.5));
#5161 = VECTOR('',#5162,1.);
#5162 = DIRECTION('',(1.,-0.));
#5163 = ( GEOMETRIC_REPRESENTATION_CONTEXT(2) 
PARAMETRIC_REPRESENTATION_CONTEXT() REPRESENTATION_CONTEXT('2D SPACE',''
  ) );
#5164 = FACE_BOUND('',#5165,.T.);
#5165 = EDGE_LOOP('',(#5166));
#5166 = ORIENTED_EDGE('',*,*,#5167,.T.);
#5167 = EDGE_CURVE('',#5168,#5168,#5170,.T.);
#5168 = VERTEX_POINT('',#5169);
#5169 = CARTESIAN_POINT('',(52.05,-15.,4.));
#5170 = SURFACE_CURVE('',#5171,(#5176,#5187),.PCURVE_S1.);
#5171 = CIRCLE('',#5172,1.3);
#5172 = AXIS2_PLACEMENT_3D('',#5173,#5174,#5175);
#5173 = CARTESIAN_POINT('',(50.75,-15.,4.));
#5174 = DIRECTION('',(0.,0.,-1.));
#5175 = DIRECTION('',(1.,0.,0.));
#5176 = PCURVE('',#100,#5177);
#5177 = DEFINITIONAL_REPRESENTATION('',(#5178),#5186);
#5178 = ( BOUNDED_CURVE() B_SPLINE_CURVE(2,(#5179,#5180,#5181,#5182,
#5183,#5184,#5185),.UNSPECIFIED.,.T.,.F.) B_SPLINE_CURVE_WITH_KNOTS((1,2
    ,2,2,2,1),(-2.094395102393,0.,2.094395102393,4.188790204786,
6.28318530718,8.377580409573),.UNSPECIFIED.) CURVE() 
GEOMETRIC_REPRESENTATION_ITEM() RATIONAL_B_SPLINE_CURVE((1.,0.5,1.,0.5,
1.,0.5,1.)) REPRESENTATION_ITEM('') );
#5179 = CARTESIAN_POINT('',(41.3,-15.));
#5180 = CARTESIAN_POINT('',(41.3,-17.25166604984));
#5181 = CARTESIAN_POINT('',(39.35,-16.12583302492));
#5182 = CARTESIAN_POINT('',(37.4,-15.));
#5183 = CARTESIAN_POINT('',(39.35,-13.87416697508));
#5184 = CARTESIAN_POINT('',(41.3,-12.74833395016));
#5185 = CARTESIAN_POINT('',(41.3,-15.));
#5186 = ( GEOMETRIC_REPRESENTATION_CONTEXT(2) 
PARAMETRIC_REPRESENTATION_CONTEXT() REPRESENTATION_CONTEXT('2D SPACE',''
  ) );
#5187 = PCURVE('',#1793,#5188);
#5188 = DEFINITIONAL_REPRESENTATION('',(#5189),#5193);
#5189 = LINE('',#5190,#5191);
#5190 = CARTESIAN_POINT('',(-6.28318530718,-4.5));
#5191 = VECTOR('',#5192,1.);
#5192 = DIRECTION('',(1.,-0.));
#5193 = ( GEOMETRIC_REPRESENTATION_CONTEXT(2) 
PARAMETRIC_REPRESENTATION_CONTEXT() REPRESENTATION_CONTEXT('2D SPACE',''
  ) );
#5194 = FACE_BOUND('',#5195,.T.);
#5195 = EDGE_LOOP('',(#5196));
#5196 = ORIENTED_EDGE('',*,*,#5197,.T.);
#5197 = EDGE_CURVE('',#5198,#5198,#5200,.T.);
#5198 = VERTEX_POINT('',#5199);
#5199 = CARTESIAN_POINT('',(57.05,-15.,4.));
#5200 = SURFACE_CURVE('',#5201,(#5206,#5217),.PCURVE_S1.);
#5201 = CIRCLE('',#5202,1.3);
#5202 = AXIS2_PLACEMENT_3D('',#5203,#5204,#5205);
#5203 = CARTESIAN_POINT('',(55.75,-15.,4.));
#5204 = DIRECTION('',(0.,0.,-1.));
#5205 = DIRECTION('',(1.,0.,0.));
#5206 = PCURVE('',#100,#5207);
#5207 = DEFINITIONAL_REPRESENTATION('',(#5208),#5216);
#5208 = ( BOUNDED_CURVE() B_SPLINE_CURVE(2,(#5209,#5210,#5211,#5212,
#5213,#5214,#5215),.UNSPECIFIED.,.T.,.F.) B_SPLINE_CURVE_WITH_KNOTS((1,2
    ,2,2,2,1),(-2.094395102393,0.,2.094395102393,4.188790204786,
6.28318530718,8.377580409573),.UNSPECIFIED.) CURVE() 
GEOMETRIC_REPRESENTATION_ITEM() RATIONAL_B_SPLINE_CURVE((1.,0.5,1.,0.5,
1.,0.5,1.)) REPRESENTATION_ITEM('') );
#5209 = CARTESIAN_POINT('',(46.3,-15.));
#5210 = CARTESIAN_POINT('',(46.3,-17.25166604984));
#5211 = CARTESIAN_POINT('',(44.35,-16.12583302492));
#5212 = CARTESIAN_POINT('',(42.4,-15.));
#5213 = CARTESIAN_POINT('',(44.35,-13.87416697508));
#5214 = CARTESIAN_POINT('',(46.3,-12.74833395016));
#5215 = CARTESIAN_POINT('',(46.3,-15.));
#5216 = ( GEOMETRIC_REPRESENTATION_CONTEXT(2) 
PARAMETRIC_REPRESENTATION_CONTEXT() REPRESENTATION_CONTEXT('2D SPACE',''
  ) );
#5217 = PCURVE('',#1828,#5218);
#5218 = DEFINITIONAL_REPRESENTATION('',(#5219),#5223);
#5219 = LINE('',#5220,#5221);
#5220 = CARTESIAN_POINT('',(-6.28318530718,-4.5));
#5221 = VECTOR('',#5222,1.);
#5222 = DIRECTION('',(1.,-0.));
#5223 = ( GEOMETRIC_REPRESENTATION_CONTEXT(2) 
PARAMETRIC_REPRESENTATION_CONTEXT() REPRESENTATION_CONTEXT('2D SPACE',''
  ) );
#5224 = FACE_BOUND('',#5225,.T.);
#5225 = EDGE_LOOP('',(#5226,#5257,#5283,#5312,#5338,#5367,#5393,#5422));
#5226 = ORIENTED_EDGE('',*,*,#5227,.F.);
#5227 = EDGE_CURVE('',#5228,#5230,#5232,.T.);
#5228 = VERTEX_POINT('',#5229);
#5229 = CARTESIAN_POINT('',(33.,-17.25,4.));
#5230 = VERTEX_POINT('',#5231);
#5231 = CARTESIAN_POINT('',(35.25,-15.,4.));
#5232 = SURFACE_CURVE('',#5233,(#5238,#5245),.PCURVE_S1.);
#5233 = CIRCLE('',#5234,2.25);
#5234 = AXIS2_PLACEMENT_3D('',#5235,#5236,#5237);
#5235 = CARTESIAN_POINT('',(33.,-15.,4.));
#5236 = DIRECTION('',(0.,0.,1.));
#5237 = DIRECTION('',(0.,-1.,0.));
#5238 = PCURVE('',#100,#5239);
#5239 = DEFINITIONAL_REPRESENTATION('',(#5240),#5244);
#5240 = CIRCLE('',#5241,2.25);
#5241 = AXIS2_PLACEMENT_2D('',#5242,#5243);
#5242 = CARTESIAN_POINT('',(22.25,-15.));
#5243 = DIRECTION('',(0.,-1.));
#5244 = ( GEOMETRIC_REPRESENTATION_CONTEXT(2) 
PARAMETRIC_REPRESENTATION_CONTEXT() REPRESENTATION_CONTEXT('2D SPACE',''
  ) );
#5245 = PCURVE('',#5246,#5251);
#5246 = CYLINDRICAL_SURFACE('',#5247,2.25);
#5247 = AXIS2_PLACEMENT_3D('',#5248,#5249,#5250);
#5248 = CARTESIAN_POINT('',(33.,-15.,2.));
#5249 = DIRECTION('',(0.,0.,1.));
#5250 = DIRECTION('',(0.,-1.,0.));
#5251 = DEFINITIONAL_REPRESENTATION('',(#5252),#5256);
#5252 = LINE('',#5253,#5254);
#5253 = CARTESIAN_POINT('',(0.,2.));
#5254 = VECTOR('',#5255,1.);
#5255 = DIRECTION('',(1.,0.));
#5256 = ( GEOMETRIC_REPRESENTATION_CONTEXT(2) 
PARAMETRIC_REPRESENTATION_CONTEXT() REPRESENTATION_CONTEXT('2D SPACE',''
  ) );
#5257 = ORIENTED_EDGE('',*,*,#5258,.T.);
#5258 = EDGE_CURVE('',#5228,#5259,#5261,.T.);
#5259 = VERTEX_POINT('',#5260);
#5260 = CARTESIAN_POINT('',(7.,-17.25,4.));
#5261 = SURFACE_CURVE('',#5262,(#5266,#5272),.PCURVE_S1.);
#5262 = LINE('',#5263,#5264);
#5263 = CARTESIAN_POINT('',(7.75,-17.25,4.));
#5264 = VECTOR('',#5265,1.);
#5265 = DIRECTION('',(-1.,0.,0.));
#5266 = PCURVE('',#100,#5267);
#5267 = DEFINITIONAL_REPRESENTATION('',(#5268),#5271);
#5268 = B_SPLINE_CURVE_WITH_KNOTS('',1,(#5269,#5270),.UNSPECIFIED.,.F.,
  .F.,(2,2),(-25.25,0.75),.PIECEWISE_BEZIER_KNOTS.);
#5269 = CARTESIAN_POINT('',(22.25,-17.25));
#5270 = CARTESIAN_POINT('',(-3.75,-17.25));
#5271 = ( GEOMETRIC_REPRESENTATION_CONTEXT(2) 
PARAMETRIC_REPRESENTATION_CONTEXT() REPRESENTATION_CONTEXT('2D SPACE',''
  ) );
#5272 = PCURVE('',#5273,#5278);
#5273 = PLANE('',#5274);
#5274 = AXIS2_PLACEMENT_3D('',#5275,#5276,#5277);
#5275 = CARTESIAN_POINT('',(4.75,-17.25,2.));
#5276 = DIRECTION('',(0.,1.,0.));
#5277 = DIRECTION('',(1.,0.,0.));
#5278 = DEFINITIONAL_REPRESENTATION('',(#5279),#5282);
#5279 = B_SPLINE_CURVE_WITH_KNOTS('',1,(#5280,#5281),.UNSPECIFIED.,.F.,
  .F.,(2,2),(-25.25,0.75),.PIECEWISE_BEZIER_KNOTS.);
#5280 = CARTESIAN_POINT('',(28.25,-2.));
#5281 = CARTESIAN_POINT('',(2.25,-2.));
#5282 = ( GEOMETRIC_REPRESENTATION_CONTEXT(2) 
PARAMETRIC_REPRESENTATION_CONTEXT() REPRESENTATION_CONTEXT('2D SPACE',''
  ) );
#5283 = ORIENTED_EDGE('',*,*,#5284,.F.);
#5284 = EDGE_CURVE('',#5285,#5259,#5287,.T.);
#5285 = VERTEX_POINT('',#5286);
#5286 = CARTESIAN_POINT('',(4.75,-15.,4.));
#5287 = SURFACE_CURVE('',#5288,(#5293,#5300),.PCURVE_S1.);
#5288 = CIRCLE('',#5289,2.25);
#5289 = AXIS2_PLACEMENT_3D('',#5290,#5291,#5292);
#5290 = CARTESIAN_POINT('',(7.,-15.,4.));
#5291 = DIRECTION('',(0.,0.,1.));
#5292 = DIRECTION('',(0.,-1.,0.));
#5293 = PCURVE('',#100,#5294);
#5294 = DEFINITIONAL_REPRESENTATION('',(#5295),#5299);
#5295 = CIRCLE('',#5296,2.25);
#5296 = AXIS2_PLACEMENT_2D('',#5297,#5298);
#5297 = CARTESIAN_POINT('',(-3.75,-15.));
#5298 = DIRECTION('',(0.,-1.));
#5299 = ( GEOMETRIC_REPRESENTATION_CONTEXT(2) 
PARAMETRIC_REPRESENTATION_CONTEXT() REPRESENTATION_CONTEXT('2D SPACE',''
  ) );
#5300 = PCURVE('',#5301,#5306);
#5301 = CYLINDRICAL_SURFACE('',#5302,2.25);
#5302 = AXIS2_PLACEMENT_3D('',#5303,#5304,#5305);
#5303 = CARTESIAN_POINT('',(7.,-15.,2.));
#5304 = DIRECTION('',(0.,0.,1.));
#5305 = DIRECTION('',(0.,-1.,0.));
#5306 = DEFINITIONAL_REPRESENTATION('',(#5307),#5311);
#5307 = LINE('',#5308,#5309);
#5308 = CARTESIAN_POINT('',(-6.28318530718,2.));
#5309 = VECTOR('',#5310,1.);
#5310 = DIRECTION('',(1.,-0.));
#5311 = ( GEOMETRIC_REPRESENTATION_CONTEXT(2) 
PARAMETRIC_REPRESENTATION_CONTEXT() REPRESENTATION_CONTEXT('2D SPACE',''
  ) );
#5312 = ORIENTED_EDGE('',*,*,#5313,.T.);
#5313 = EDGE_CURVE('',#5285,#5314,#5316,.T.);
#5314 = VERTEX_POINT('',#5315);
#5315 = CARTESIAN_POINT('',(4.75,15.,4.));
#5316 = SURFACE_CURVE('',#5317,(#5321,#5327),.PCURVE_S1.);
#5317 = LINE('',#5318,#5319);
#5318 = CARTESIAN_POINT('',(4.75,8.625,4.));
#5319 = VECTOR('',#5320,1.);
#5320 = DIRECTION('',(-0.,1.,0.));
#5321 = PCURVE('',#100,#5322);
#5322 = DEFINITIONAL_REPRESENTATION('',(#5323),#5326);
#5323 = B_SPLINE_CURVE_WITH_KNOTS('',1,(#5324,#5325),.UNSPECIFIED.,.F.,
  .F.,(2,2),(-23.625,6.375),.PIECEWISE_BEZIER_KNOTS.);
#5324 = CARTESIAN_POINT('',(-6.,-15.));
#5325 = CARTESIAN_POINT('',(-6.,15.));
#5326 = ( GEOMETRIC_REPRESENTATION_CONTEXT(2) 
PARAMETRIC_REPRESENTATION_CONTEXT() REPRESENTATION_CONTEXT('2D SPACE',''
  ) );
#5327 = PCURVE('',#5328,#5333);
#5328 = PLANE('',#5329);
#5329 = AXIS2_PLACEMENT_3D('',#5330,#5331,#5332);
#5330 = CARTESIAN_POINT('',(4.75,17.25,2.));
#5331 = DIRECTION('',(1.,0.,-0.));
#5332 = DIRECTION('',(0.,-1.,0.));
#5333 = DEFINITIONAL_REPRESENTATION('',(#5334),#5337);
#5334 = B_SPLINE_CURVE_WITH_KNOTS('',1,(#5335,#5336),.UNSPECIFIED.,.F.,
  .F.,(2,2),(-23.625,6.375),.PIECEWISE_BEZIER_KNOTS.);
#5335 = CARTESIAN_POINT('',(32.25,-2.));
#5336 = CARTESIAN_POINT('',(2.25,-2.));
#5337 = ( GEOMETRIC_REPRESENTATION_CONTEXT(2) 
PARAMETRIC_REPRESENTATION_CONTEXT() REPRESENTATION_CONTEXT('2D SPACE',''
  ) );
#5338 = ORIENTED_EDGE('',*,*,#5339,.F.);
#5339 = EDGE_CURVE('',#5340,#5314,#5342,.T.);
#5340 = VERTEX_POINT('',#5341);
#5341 = CARTESIAN_POINT('',(7.,17.25,4.));
#5342 = SURFACE_CURVE('',#5343,(#5348,#5355),.PCURVE_S1.);
#5343 = CIRCLE('',#5344,2.25);
#5344 = AXIS2_PLACEMENT_3D('',#5345,#5346,#5347);
#5345 = CARTESIAN_POINT('',(7.,15.,4.));
#5346 = DIRECTION('',(0.,0.,1.));
#5347 = DIRECTION('',(-0.,1.,0.));
#5348 = PCURVE('',#100,#5349);
#5349 = DEFINITIONAL_REPRESENTATION('',(#5350),#5354);
#5350 = CIRCLE('',#5351,2.25);
#5351 = AXIS2_PLACEMENT_2D('',#5352,#5353);
#5352 = CARTESIAN_POINT('',(-3.75,15.));
#5353 = DIRECTION('',(0.,1.));
#5354 = ( GEOMETRIC_REPRESENTATION_CONTEXT(2) 
PARAMETRIC_REPRESENTATION_CONTEXT() REPRESENTATION_CONTEXT('2D SPACE',''
  ) );
#5355 = PCURVE('',#5356,#5361);
#5356 = CYLINDRICAL_SURFACE('',#5357,2.25);
#5357 = AXIS2_PLACEMENT_3D('',#5358,#5359,#5360);
#5358 = CARTESIAN_POINT('',(7.,15.,2.));
#5359 = DIRECTION('',(0.,0.,1.));
#5360 = DIRECTION('',(-0.,1.,0.));
#5361 = DEFINITIONAL_REPRESENTATION('',(#5362),#5366);
#5362 = LINE('',#5363,#5364);
#5363 = CARTESIAN_POINT('',(0.,2.));
#5364 = VECTOR('',#5365,1.);
#5365 = DIRECTION('',(1.,0.));
#5366 = ( GEOMETRIC_REPRESENTATION_CONTEXT(2) 
PARAMETRIC_REPRESENTATION_CONTEXT() REPRESENTATION_CONTEXT('2D SPACE',''
  ) );
#5367 = ORIENTED_EDGE('',*,*,#5368,.T.);
#5368 = EDGE_CURVE('',#5340,#5369,#5371,.T.);
#5369 = VERTEX_POINT('',#5370);
#5370 = CARTESIAN_POINT('',(33.,17.25,4.));
#5371 = SURFACE_CURVE('',#5372,(#5376,#5382),.PCURVE_S1.);
#5372 = LINE('',#5373,#5374);
#5373 = CARTESIAN_POINT('',(23.,17.25,4.));
#5374 = VECTOR('',#5375,1.);
#5375 = DIRECTION('',(1.,0.,-0.));
#5376 = PCURVE('',#100,#5377);
#5377 = DEFINITIONAL_REPRESENTATION('',(#5378),#5381);
#5378 = B_SPLINE_CURVE_WITH_KNOTS('',1,(#5379,#5380),.UNSPECIFIED.,.F.,
  .F.,(2,2),(-16.,10.),.PIECEWISE_BEZIER_KNOTS.);
#5379 = CARTESIAN_POINT('',(-3.75,17.25));
#5380 = CARTESIAN_POINT('',(22.25,17.25));
#5381 = ( GEOMETRIC_REPRESENTATION_CONTEXT(2) 
PARAMETRIC_REPRESENTATION_CONTEXT() REPRESENTATION_CONTEXT('2D SPACE',''
  ) );
#5382 = PCURVE('',#5383,#5388);
#5383 = PLANE('',#5384);
#5384 = AXIS2_PLACEMENT_3D('',#5385,#5386,#5387);
#5385 = CARTESIAN_POINT('',(35.25,17.25,2.));
#5386 = DIRECTION('',(0.,-1.,0.));
#5387 = DIRECTION('',(-1.,0.,0.));
#5388 = DEFINITIONAL_REPRESENTATION('',(#5389),#5392);
#5389 = B_SPLINE_CURVE_WITH_KNOTS('',1,(#5390,#5391),.UNSPECIFIED.,.F.,
  .F.,(2,2),(-16.,10.),.PIECEWISE_BEZIER_KNOTS.);
#5390 = CARTESIAN_POINT('',(28.25,-2.));
#5391 = CARTESIAN_POINT('',(2.25,-2.));
#5392 = ( GEOMETRIC_REPRESENTATION_CONTEXT(2) 
PARAMETRIC_REPRESENTATION_CONTEXT() REPRESENTATION_CONTEXT('2D SPACE',''
  ) );
#5393 = ORIENTED_EDGE('',*,*,#5394,.F.);
#5394 = EDGE_CURVE('',#5395,#5369,#5397,.T.);
#5395 = VERTEX_POINT('',#5396);
#5396 = CARTESIAN_POINT('',(35.25,15.,4.));
#5397 = SURFACE_CURVE('',#5398,(#5403,#5410),.PCURVE_S1.);
#5398 = CIRCLE('',#5399,2.25);
#5399 = AXIS2_PLACEMENT_3D('',#5400,#5401,#5402);
#5400 = CARTESIAN_POINT('',(33.,15.,4.));
#5401 = DIRECTION('',(0.,0.,1.));
#5402 = DIRECTION('',(1.,0.,-0.));
#5403 = PCURVE('',#100,#5404);
#5404 = DEFINITIONAL_REPRESENTATION('',(#5405),#5409);
#5405 = CIRCLE('',#5406,2.25);
#5406 = AXIS2_PLACEMENT_2D('',#5407,#5408);
#5407 = CARTESIAN_POINT('',(22.25,15.));
#5408 = DIRECTION('',(1.,0.));
#5409 = ( GEOMETRIC_REPRESENTATION_CONTEXT(2) 
PARAMETRIC_REPRESENTATION_CONTEXT() REPRESENTATION_CONTEXT('2D SPACE',''
  ) );
#5410 = PCURVE('',#5411,#5416);
#5411 = CYLINDRICAL_SURFACE('',#5412,2.25);
#5412 = AXIS2_PLACEMENT_3D('',#5413,#5414,#5415);
#5413 = CARTESIAN_POINT('',(33.,15.,2.));
#5414 = DIRECTION('',(0.,0.,1.));
#5415 = DIRECTION('',(1.,0.,-0.));
#5416 = DEFINITIONAL_REPRESENTATION('',(#5417),#5421);
#5417 = LINE('',#5418,#5419);
#5418 = CARTESIAN_POINT('',(0.,2.));
#5419 = VECTOR('',#5420,1.);
#5420 = DIRECTION('',(1.,0.));
#5421 = ( GEOMETRIC_REPRESENTATION_CONTEXT(2) 
PARAMETRIC_REPRESENTATION_CONTEXT() REPRESENTATION_CONTEXT('2D SPACE',''
  ) );
#5422 = ORIENTED_EDGE('',*,*,#5423,.T.);
#5423 = EDGE_CURVE('',#5395,#5230,#5424,.T.);
#5424 = SURFACE_CURVE('',#5425,(#5429,#5435),.PCURVE_S1.);
#5425 = LINE('',#5426,#5427);
#5426 = CARTESIAN_POINT('',(35.25,-8.625,4.));
#5427 = VECTOR('',#5428,1.);
#5428 = DIRECTION('',(0.,-1.,0.));
#5429 = PCURVE('',#100,#5430);
#5430 = DEFINITIONAL_REPRESENTATION('',(#5431),#5434);
#5431 = B_SPLINE_CURVE_WITH_KNOTS('',1,(#5432,#5433),.UNSPECIFIED.,.F.,
  .F.,(2,2),(-23.625,6.375),.PIECEWISE_BEZIER_KNOTS.);
#5432 = CARTESIAN_POINT('',(24.5,15.));
#5433 = CARTESIAN_POINT('',(24.5,-15.));
#5434 = ( GEOMETRIC_REPRESENTATION_CONTEXT(2) 
PARAMETRIC_REPRESENTATION_CONTEXT() REPRESENTATION_CONTEXT('2D SPACE',''
  ) );
#5435 = PCURVE('',#5436,#5441);
#5436 = PLANE('',#5437);
#5437 = AXIS2_PLACEMENT_3D('',#5438,#5439,#5440);
#5438 = CARTESIAN_POINT('',(35.25,-17.25,2.));
#5439 = DIRECTION('',(-1.,0.,0.));
#5440 = DIRECTION('',(0.,1.,0.));
#5441 = DEFINITIONAL_REPRESENTATION('',(#5442),#5445);
#5442 = B_SPLINE_CURVE_WITH_KNOTS('',1,(#5443,#5444),.UNSPECIFIED.,.F.,
  .F.,(2,2),(-23.625,6.375),.PIECEWISE_BEZIER_KNOTS.);
#5443 = CARTESIAN_POINT('',(32.25,-2.));
#5444 = CARTESIAN_POINT('',(2.25,-2.));
#5445 = ( GEOMETRIC_REPRESENTATION_CONTEXT(2) 
PARAMETRIC_REPRESENTATION_CONTEXT() REPRESENTATION_CONTEXT('2D SPACE',''
  ) );
#5446 = FACE_BOUND('',#5447,.T.);
#5447 = EDGE_LOOP('',(#5448));
#5448 = ORIENTED_EDGE('',*,*,#5449,.T.);
#5449 = EDGE_CURVE('',#5450,#5450,#5452,.T.);
#5450 = VERTEX_POINT('',#5451);
#5451 = CARTESIAN_POINT('',(42.05,-10.,4.));
#5452 = SURFACE_CURVE('',#5453,(#5458,#5469),.PCURVE_S1.);
#5453 = CIRCLE('',#5454,1.3);
#5454 = AXIS2_PLACEMENT_3D('',#5455,#5456,#5457);
#5455 = CARTESIAN_POINT('',(40.75,-10.,4.));
#5456 = DIRECTION('',(0.,0.,-1.));
#5457 = DIRECTION('',(1.,0.,0.));
#5458 = PCURVE('',#100,#5459);
#5459 = DEFINITIONAL_REPRESENTATION('',(#5460),#5468);
#5460 = ( BOUNDED_CURVE() B_SPLINE_CURVE(2,(#5461,#5462,#5463,#5464,
#5465,#5466,#5467),.UNSPECIFIED.,.T.,.F.) B_SPLINE_CURVE_WITH_KNOTS((1,2
    ,2,2,2,1),(-2.094395102393,0.,2.094395102393,4.188790204786,
6.28318530718,8.377580409573),.UNSPECIFIED.) CURVE() 
GEOMETRIC_REPRESENTATION_ITEM() RATIONAL_B_SPLINE_CURVE((1.,0.5,1.,0.5,
1.,0.5,1.)) REPRESENTATION_ITEM('') );
#5461 = CARTESIAN_POINT('',(31.3,-10.));
#5462 = CARTESIAN_POINT('',(31.3,-12.25166604984));
#5463 = CARTESIAN_POINT('',(29.35,-11.12583302492));
#5464 = CARTESIAN_POINT('',(27.4,-10.));
#5465 = CARTESIAN_POINT('',(29.35,-8.87416697508));
#5466 = CARTESIAN_POINT('',(31.3,-7.74833395016));
#5467 = CARTESIAN_POINT('',(31.3,-10.));
#5468 = ( GEOMETRIC_REPRESENTATION_CONTEXT(2) 
PARAMETRIC_REPRESENTATION_CONTEXT() REPRESENTATION_CONTEXT('2D SPACE',''
  ) );
#5469 = PCURVE('',#1863,#5470);
#5470 = DEFINITIONAL_REPRESENTATION('',(#5471),#5475);
#5471 = LINE('',#5472,#5473);
#5472 = CARTESIAN_POINT('',(-6.28318530718,-4.5));
#5473 = VECTOR('',#5474,1.);
#5474 = DIRECTION('',(1.,-0.));
#5475 = ( GEOMETRIC_REPRESENTATION_CONTEXT(2) 
PARAMETRIC_REPRESENTATION_CONTEXT() REPRESENTATION_CONTEXT('2D SPACE',''
  ) );
#5476 = FACE_BOUND('',#5477,.T.);
#5477 = EDGE_LOOP('',(#5478));
#5478 = ORIENTED_EDGE('',*,*,#5479,.T.);
#5479 = EDGE_CURVE('',#5480,#5480,#5482,.T.);
#5480 = VERTEX_POINT('',#5481);
#5481 = CARTESIAN_POINT('',(47.05,-10.,4.));
#5482 = SURFACE_CURVE('',#5483,(#5488,#5499),.PCURVE_S1.);
#5483 = CIRCLE('',#5484,1.3);
#5484 = AXIS2_PLACEMENT_3D('',#5485,#5486,#5487);
#5485 = CARTESIAN_POINT('',(45.75,-10.,4.));
#5486 = DIRECTION('',(0.,0.,-1.));
#5487 = DIRECTION('',(1.,0.,0.));
#5488 = PCURVE('',#100,#5489);
#5489 = DEFINITIONAL_REPRESENTATION('',(#5490),#5498);
#5490 = ( BOUNDED_CURVE() B_SPLINE_CURVE(2,(#5491,#5492,#5493,#5494,
#5495,#5496,#5497),.UNSPECIFIED.,.T.,.F.) B_SPLINE_CURVE_WITH_KNOTS((1,2
    ,2,2,2,1),(-2.094395102393,0.,2.094395102393,4.188790204786,
6.28318530718,8.377580409573),.UNSPECIFIED.) CURVE() 
GEOMETRIC_REPRESENTATION_ITEM() RATIONAL_B_SPLINE_CURVE((1.,0.5,1.,0.5,
1.,0.5,1.)) REPRESENTATION_ITEM('') );
#5491 = CARTESIAN_POINT('',(36.3,-10.));
#5492 = CARTESIAN_POINT('',(36.3,-12.25166604984));
#5493 = CARTESIAN_POINT('',(34.35,-11.12583302492));
#5494 = CARTESIAN_POINT('',(32.4,-10.));
#5495 = CARTESIAN_POINT('',(34.35,-8.87416697508));
#5496 = CARTESIAN_POINT('',(36.3,-7.74833395016));
#5497 = CARTESIAN_POINT('',(36.3,-10.));
#5498 = ( GEOMETRIC_REPRESENTATION_CONTEXT(2) 
PARAMETRIC_REPRESENTATION_CONTEXT() REPRESENTATION_CONTEXT('2D SPACE',''
  ) );
#5499 = PCURVE('',#1898,#5500);
#5500 = DEFINITIONAL_REPRESENTATION('',(#5501),#5505);
#5501 = LINE('',#5502,#5503);
#5502 = CARTESIAN_POINT('',(-6.28318530718,-4.5));
#5503 = VECTOR('',#5504,1.);
#5504 = DIRECTION('',(1.,-0.));
#5505 = ( GEOMETRIC_REPRESENTATION_CONTEXT(2) 
PARAMETRIC_REPRESENTATION_CONTEXT() REPRESENTATION_CONTEXT('2D SPACE',''
  ) );
#5506 = FACE_BOUND('',#5507,.T.);
#5507 = EDGE_LOOP('',(#5508));
#5508 = ORIENTED_EDGE('',*,*,#5509,.T.);
#5509 = EDGE_CURVE('',#5510,#5510,#5512,.T.);
#5510 = VERTEX_POINT('',#5511);
#5511 = CARTESIAN_POINT('',(52.05,-10.,4.));
#5512 = SURFACE_CURVE('',#5513,(#5518,#5529),.PCURVE_S1.);
#5513 = CIRCLE('',#5514,1.3);
#5514 = AXIS2_PLACEMENT_3D('',#5515,#5516,#5517);
#5515 = CARTESIAN_POINT('',(50.75,-10.,4.));
#5516 = DIRECTION('',(0.,0.,-1.));
#5517 = DIRECTION('',(1.,0.,0.));
#5518 = PCURVE('',#100,#5519);
#5519 = DEFINITIONAL_REPRESENTATION('',(#5520),#5528);
#5520 = ( BOUNDED_CURVE() B_SPLINE_CURVE(2,(#5521,#5522,#5523,#5524,
#5525,#5526,#5527),.UNSPECIFIED.,.T.,.F.) B_SPLINE_CURVE_WITH_KNOTS((1,2
    ,2,2,2,1),(-2.094395102393,0.,2.094395102393,4.188790204786,
6.28318530718,8.377580409573),.UNSPECIFIED.) CURVE() 
GEOMETRIC_REPRESENTATION_ITEM() RATIONAL_B_SPLINE_CURVE((1.,0.5,1.,0.5,
1.,0.5,1.)) REPRESENTATION_ITEM('') );
#5521 = CARTESIAN_POINT('',(41.3,-10.));
#5522 = CARTESIAN_POINT('',(41.3,-12.25166604984));
#5523 = CARTESIAN_POINT('',(39.35,-11.12583302492));
#5524 = CARTESIAN_POINT('',(37.4,-10.));
#5525 = CARTESIAN_POINT('',(39.35,-8.87416697508));
#5526 = CARTESIAN_POINT('',(41.3,-7.74833395016));
#5527 = CARTESIAN_POINT('',(41.3,-10.));
#5528 = ( GEOMETRIC_REPRESENTATION_CONTEXT(2) 
PARAMETRIC_REPRESENTATION_CONTEXT() REPRESENTATION_CONTEXT('2D SPACE',''
  ) );
#5529 = PCURVE('',#1933,#5530);
#5530 = DEFINITIONAL_REPRESENTATION('',(#5531),#5535);
#5531 = LINE('',#5532,#5533);
#5532 = CARTESIAN_POINT('',(-6.28318530718,-4.5));
#5533 = VECTOR('',#5534,1.);
#5534 = DIRECTION('',(1.,-0.));
#5535 = ( GEOMETRIC_REPRESENTATION_CONTEXT(2) 
PARAMETRIC_REPRESENTATION_CONTEXT() REPRESENTATION_CONTEXT('2D SPACE',''
  ) );
#5536 = FACE_BOUND('',#5537,.T.);
#5537 = EDGE_LOOP('',(#5538));
#5538 = ORIENTED_EDGE('',*,*,#5539,.T.);
#5539 = EDGE_CURVE('',#5540,#5540,#5542,.T.);
#5540 = VERTEX_POINT('',#5541);
#5541 = CARTESIAN_POINT('',(57.05,-10.,4.));
#5542 = SURFACE_CURVE('',#5543,(#5548,#5559),.PCURVE_S1.);
#5543 = CIRCLE('',#5544,1.3);
#5544 = AXIS2_PLACEMENT_3D('',#5545,#5546,#5547);
#5545 = CARTESIAN_POINT('',(55.75,-10.,4.));
#5546 = DIRECTION('',(0.,0.,-1.));
#5547 = DIRECTION('',(1.,0.,0.));
#5548 = PCURVE('',#100,#5549);
#5549 = DEFINITIONAL_REPRESENTATION('',(#5550),#5558);
#5550 = ( BOUNDED_CURVE() B_SPLINE_CURVE(2,(#5551,#5552,#5553,#5554,
#5555,#5556,#5557),.UNSPECIFIED.,.T.,.F.) B_SPLINE_CURVE_WITH_KNOTS((1,2
    ,2,2,2,1),(-2.094395102393,0.,2.094395102393,4.188790204786,
6.28318530718,8.377580409573),.UNSPECIFIED.) CURVE() 
GEOMETRIC_REPRESENTATION_ITEM() RATIONAL_B_SPLINE_CURVE((1.,0.5,1.,0.5,
1.,0.5,1.)) REPRESENTATION_ITEM('') );
#5551 = CARTESIAN_POINT('',(46.3,-10.));
#5552 = CARTESIAN_POINT('',(46.3,-12.25166604984));
#5553 = CARTESIAN_POINT('',(44.35,-11.12583302492));
#5554 = CARTESIAN_POINT('',(42.4,-10.));
#5555 = CARTESIAN_POINT('',(44.35,-8.87416697508));
#5556 = CARTESIAN_POINT('',(46.3,-7.74833395016));
#5557 = CARTESIAN_POINT('',(46.3,-10.));
#5558 = ( GEOMETRIC_REPRESENTATION_CONTEXT(2) 
PARAMETRIC_REPRESENTATION_CONTEXT() REPRESENTATION_CONTEXT('2D SPACE',''
  ) );
#5559 = PCURVE('',#1968,#5560);
#5560 = DEFINITIONAL_REPRESENTATION('',(#5561),#5565);
#5561 = LINE('',#5562,#5563);
#5562 = CARTESIAN_POINT('',(-6.28318530718,-4.5));
#5563 = VECTOR('',#5564,1.);
#5564 = DIRECTION('',(1.,-0.));
#5565 = ( GEOMETRIC_REPRESENTATION_CONTEXT(2) 
PARAMETRIC_REPRESENTATION_CONTEXT() REPRESENTATION_CONTEXT('2D SPACE',''
  ) );
#5566 = FACE_BOUND('',#5567,.T.);
#5567 = EDGE_LOOP('',(#5568));
#5568 = ORIENTED_EDGE('',*,*,#5569,.T.);
#5569 = EDGE_CURVE('',#5570,#5570,#5572,.T.);
#5570 = VERTEX_POINT('',#5571);
#5571 = CARTESIAN_POINT('',(42.05,-5.,4.));
#5572 = SURFACE_CURVE('',#5573,(#5578,#5589),.PCURVE_S1.);
#5573 = CIRCLE('',#5574,1.3);
#5574 = AXIS2_PLACEMENT_3D('',#5575,#5576,#5577);
#5575 = CARTESIAN_POINT('',(40.75,-5.,4.));
#5576 = DIRECTION('',(0.,0.,-1.));
#5577 = DIRECTION('',(1.,0.,0.));
#5578 = PCURVE('',#100,#5579);
#5579 = DEFINITIONAL_REPRESENTATION('',(#5580),#5588);
#5580 = ( BOUNDED_CURVE() B_SPLINE_CURVE(2,(#5581,#5582,#5583,#5584,
#5585,#5586,#5587),.UNSPECIFIED.,.T.,.F.) B_SPLINE_CURVE_WITH_KNOTS((1,2
    ,2,2,2,1),(-2.094395102393,0.,2.094395102393,4.188790204786,
6.28318530718,8.377580409573),.UNSPECIFIED.) CURVE() 
GEOMETRIC_REPRESENTATION_ITEM() RATIONAL_B_SPLINE_CURVE((1.,0.5,1.,0.5,
1.,0.5,1.)) REPRESENTATION_ITEM('') );
#5581 = CARTESIAN_POINT('',(31.3,-5.));
#5582 = CARTESIAN_POINT('',(31.3,-7.25166604984));
#5583 = CARTESIAN_POINT('',(29.35,-6.12583302492));
#5584 = CARTESIAN_POINT('',(27.4,-5.));
#5585 = CARTESIAN_POINT('',(29.35,-3.87416697508));
#5586 = CARTESIAN_POINT('',(31.3,-2.74833395016));
#5587 = CARTESIAN_POINT('',(31.3,-5.));
#5588 = ( GEOMETRIC_REPRESENTATION_CONTEXT(2) 
PARAMETRIC_REPRESENTATION_CONTEXT() REPRESENTATION_CONTEXT('2D SPACE',''
  ) );
#5589 = PCURVE('',#2003,#5590);
#5590 = DEFINITIONAL_REPRESENTATION('',(#5591),#5595);
#5591 = LINE('',#5592,#5593);
#5592 = CARTESIAN_POINT('',(-6.28318530718,-4.5));
#5593 = VECTOR('',#5594,1.);
#5594 = DIRECTION('',(1.,-0.));
#5595 = ( GEOMETRIC_REPRESENTATION_CONTEXT(2) 
PARAMETRIC_REPRESENTATION_CONTEXT() REPRESENTATION_CONTEXT('2D SPACE',''
  ) );
#5596 = FACE_BOUND('',#5597,.T.);
#5597 = EDGE_LOOP('',(#5598));
#5598 = ORIENTED_EDGE('',*,*,#5599,.T.);
#5599 = EDGE_CURVE('',#5600,#5600,#5602,.T.);
#5600 = VERTEX_POINT('',#5601);
#5601 = CARTESIAN_POINT('',(42.05,0.,4.));
#5602 = SURFACE_CURVE('',#5603,(#5608,#5619),.PCURVE_S1.);
#5603 = CIRCLE('',#5604,1.3);
#5604 = AXIS2_PLACEMENT_3D('',#5605,#5606,#5607);
#5605 = CARTESIAN_POINT('',(40.75,0.,4.));
#5606 = DIRECTION('',(0.,0.,-1.));
#5607 = DIRECTION('',(1.,0.,0.));
#5608 = PCURVE('',#100,#5609);
#5609 = DEFINITIONAL_REPRESENTATION('',(#5610),#5618);
#5610 = ( BOUNDED_CURVE() B_SPLINE_CURVE(2,(#5611,#5612,#5613,#5614,
#5615,#5616,#5617),.UNSPECIFIED.,.T.,.F.) B_SPLINE_CURVE_WITH_KNOTS((1,2
    ,2,2,2,1),(-2.094395102393,0.,2.094395102393,4.188790204786,
6.28318530718,8.377580409573),.UNSPECIFIED.) CURVE() 
GEOMETRIC_REPRESENTATION_ITEM() RATIONAL_B_SPLINE_CURVE((1.,0.5,1.,0.5,
1.,0.5,1.)) REPRESENTATION_ITEM('') );
#5611 = CARTESIAN_POINT('',(31.3,0.));
#5612 = CARTESIAN_POINT('',(31.3,-2.25166604984));
#5613 = CARTESIAN_POINT('',(29.35,-1.12583302492));
#5614 = CARTESIAN_POINT('',(27.4,-3.184081677783E-16));
#5615 = CARTESIAN_POINT('',(29.35,1.12583302492));
#5616 = CARTESIAN_POINT('',(31.3,2.25166604984));
#5617 = CARTESIAN_POINT('',(31.3,0.));
#5618 = ( GEOMETRIC_REPRESENTATION_CONTEXT(2) 
PARAMETRIC_REPRESENTATION_CONTEXT() REPRESENTATION_CONTEXT('2D SPACE',''
  ) );
#5619 = PCURVE('',#2601,#5620);
#5620 = DEFINITIONAL_REPRESENTATION('',(#5621),#5625);
#5621 = LINE('',#5622,#5623);
#5622 = CARTESIAN_POINT('',(-6.28318530718,-4.5));
#5623 = VECTOR('',#5624,1.);
#5624 = DIRECTION('',(1.,-0.));
#5625 = ( GEOMETRIC_REPRESENTATION_CONTEXT(2) 
PARAMETRIC_REPRESENTATION_CONTEXT() REPRESENTATION_CONTEXT('2D SPACE',''
  ) );
#5626 = FACE_BOUND('',#5627,.T.);
#5627 = EDGE_LOOP('',(#5628));
#5628 = ORIENTED_EDGE('',*,*,#5629,.T.);
#5629 = EDGE_CURVE('',#5630,#5630,#5632,.T.);
#5630 = VERTEX_POINT('',#5631);
#5631 = CARTESIAN_POINT('',(47.05,-5.,4.));
#5632 = SURFACE_CURVE('',#5633,(#5638,#5649),.PCURVE_S1.);
#5633 = CIRCLE('',#5634,1.3);
#5634 = AXIS2_PLACEMENT_3D('',#5635,#5636,#5637);
#5635 = CARTESIAN_POINT('',(45.75,-5.,4.));
#5636 = DIRECTION('',(0.,0.,-1.));
#5637 = DIRECTION('',(1.,0.,0.));
#5638 = PCURVE('',#100,#5639);
#5639 = DEFINITIONAL_REPRESENTATION('',(#5640),#5648);
#5640 = ( BOUNDED_CURVE() B_SPLINE_CURVE(2,(#5641,#5642,#5643,#5644,
#5645,#5646,#5647),.UNSPECIFIED.,.T.,.F.) B_SPLINE_CURVE_WITH_KNOTS((1,2
    ,2,2,2,1),(-2.094395102393,0.,2.094395102393,4.188790204786,
6.28318530718,8.377580409573),.UNSPECIFIED.) CURVE() 
GEOMETRIC_REPRESENTATION_ITEM() RATIONAL_B_SPLINE_CURVE((1.,0.5,1.,0.5,
1.,0.5,1.)) REPRESENTATION_ITEM('') );
#5641 = CARTESIAN_POINT('',(36.3,-5.));
#5642 = CARTESIAN_POINT('',(36.3,-7.25166604984));
#5643 = CARTESIAN_POINT('',(34.35,-6.12583302492));
#5644 = CARTESIAN_POINT('',(32.4,-5.));
#5645 = CARTESIAN_POINT('',(34.35,-3.87416697508));
#5646 = CARTESIAN_POINT('',(36.3,-2.74833395016));
#5647 = CARTESIAN_POINT('',(36.3,-5.));
#5648 = ( GEOMETRIC_REPRESENTATION_CONTEXT(2) 
PARAMETRIC_REPRESENTATION_CONTEXT() REPRESENTATION_CONTEXT('2D SPACE',''
  ) );
#5649 = PCURVE('',#2038,#5650);
#5650 = DEFINITIONAL_REPRESENTATION('',(#5651),#5655);
#5651 = LINE('',#5652,#5653);
#5652 = CARTESIAN_POINT('',(-6.28318530718,-4.5));
#5653 = VECTOR('',#5654,1.);
#5654 = DIRECTION('',(1.,-0.));
#5655 = ( GEOMETRIC_REPRESENTATION_CONTEXT(2) 
PARAMETRIC_REPRESENTATION_CONTEXT() REPRESENTATION_CONTEXT('2D SPACE',''
  ) );
#5656 = FACE_BOUND('',#5657,.T.);
#5657 = EDGE_LOOP('',(#5658));
#5658 = ORIENTED_EDGE('',*,*,#5659,.T.);
#5659 = EDGE_CURVE('',#5660,#5660,#5662,.T.);
#5660 = VERTEX_POINT('',#5661);
#5661 = CARTESIAN_POINT('',(52.05,-5.,4.));
#5662 = SURFACE_CURVE('',#5663,(#5668,#5679),.PCURVE_S1.);
#5663 = CIRCLE('',#5664,1.3);
#5664 = AXIS2_PLACEMENT_3D('',#5665,#5666,#5667);
#5665 = CARTESIAN_POINT('',(50.75,-5.,4.));
#5666 = DIRECTION('',(0.,0.,-1.));
#5667 = DIRECTION('',(1.,0.,0.));
#5668 = PCURVE('',#100,#5669);
#5669 = DEFINITIONAL_REPRESENTATION('',(#5670),#5678);
#5670 = ( BOUNDED_CURVE() B_SPLINE_CURVE(2,(#5671,#5672,#5673,#5674,
#5675,#5676,#5677),.UNSPECIFIED.,.T.,.F.) B_SPLINE_CURVE_WITH_KNOTS((1,2
    ,2,2,2,1),(-2.094395102393,0.,2.094395102393,4.188790204786,
6.28318530718,8.377580409573),.UNSPECIFIED.) CURVE() 
GEOMETRIC_REPRESENTATION_ITEM() RATIONAL_B_SPLINE_CURVE((1.,0.5,1.,0.5,
1.,0.5,1.)) REPRESENTATION_ITEM('') );
#5671 = CARTESIAN_POINT('',(41.3,-5.));
#5672 = CARTESIAN_POINT('',(41.3,-7.25166604984));
#5673 = CARTESIAN_POINT('',(39.35,-6.12583302492));
#5674 = CARTESIAN_POINT('',(37.4,-5.));
#5675 = CARTESIAN_POINT('',(39.35,-3.87416697508));
#5676 = CARTESIAN_POINT('',(41.3,-2.74833395016));
#5677 = CARTESIAN_POINT('',(41.3,-5.));
#5678 = ( GEOMETRIC_REPRESENTATION_CONTEXT(2) 
PARAMETRIC_REPRESENTATION_CONTEXT() REPRESENTATION_CONTEXT('2D SPACE',''
  ) );
#5679 = PCURVE('',#2073,#5680);
#5680 = DEFINITIONAL_REPRESENTATION('',(#5681),#5685);
#5681 = LINE('',#5682,#5683);
#5682 = CARTESIAN_POINT('',(-6.28318530718,-4.5));
#5683 = VECTOR('',#5684,1.);
#5684 = DIRECTION('',(1.,-0.));
#5685 = ( GEOMETRIC_REPRESENTATION_CONTEXT(2) 
PARAMETRIC_REPRESENTATION_CONTEXT() REPRESENTATION_CONTEXT('2D SPACE',''
  ) );
#5686 = FACE_BOUND('',#5687,.T.);
#5687 = EDGE_LOOP('',(#5688));
#5688 = ORIENTED_EDGE('',*,*,#5689,.T.);
#5689 = EDGE_CURVE('',#5690,#5690,#5692,.T.);
#5690 = VERTEX_POINT('',#5691);
#5691 = CARTESIAN_POINT('',(57.05,-5.,4.));
#5692 = SURFACE_CURVE('',#5693,(#5698,#5709),.PCURVE_S1.);
#5693 = CIRCLE('',#5694,1.3);
#5694 = AXIS2_PLACEMENT_3D('',#5695,#5696,#5697);
#5695 = CARTESIAN_POINT('',(55.75,-5.,4.));
#5696 = DIRECTION('',(0.,0.,-1.));
#5697 = DIRECTION('',(1.,0.,0.));
#5698 = PCURVE('',#100,#5699);
#5699 = DEFINITIONAL_REPRESENTATION('',(#5700),#5708);
#5700 = ( BOUNDED_CURVE() B_SPLINE_CURVE(2,(#5701,#5702,#5703,#5704,
#5705,#5706,#5707),.UNSPECIFIED.,.T.,.F.) B_SPLINE_CURVE_WITH_KNOTS((1,2
    ,2,2,2,1),(-2.094395102393,0.,2.094395102393,4.188790204786,
6.28318530718,8.377580409573),.UNSPECIFIED.) CURVE() 
GEOMETRIC_REPRESENTATION_ITEM() RATIONAL_B_SPLINE_CURVE((1.,0.5,1.,0.5,
1.,0.5,1.)) REPRESENTATION_ITEM('') );
#5701 = CARTESIAN_POINT('',(46.3,-5.));
#5702 = CARTESIAN_POINT('',(46.3,-7.25166604984));
#5703 = CARTESIAN_POINT('',(44.35,-6.12583302492));
#5704 = CARTESIAN_POINT('',(42.4,-5.));
#5705 = CARTESIAN_POINT('',(44.35,-3.87416697508));
#5706 = CARTESIAN_POINT('',(46.3,-2.74833395016));
#5707 = CARTESIAN_POINT('',(46.3,-5.));
#5708 = ( GEOMETRIC_REPRESENTATION_CONTEXT(2) 
PARAMETRIC_REPRESENTATION_CONTEXT() REPRESENTATION_CONTEXT('2D SPACE',''
  ) );
#5709 = PCURVE('',#2108,#5710);
#5710 = DEFINITIONAL_REPRESENTATION('',(#5711),#5715);
#5711 = LINE('',#5712,#5713);
#5712 = CARTESIAN_POINT('',(-6.28318530718,-4.5));
#5713 = VECTOR('',#5714,1.);
#5714 = DIRECTION('',(1.,-0.));
#5715 = ( GEOMETRIC_REPRESENTATION_CONTEXT(2) 
PARAMETRIC_REPRESENTATION_CONTEXT() REPRESENTATION_CONTEXT('2D SPACE',''
  ) );
#5716 = FACE_BOUND('',#5717,.T.);
#5717 = EDGE_LOOP('',(#5718));
#5718 = ORIENTED_EDGE('',*,*,#5719,.T.);
#5719 = EDGE_CURVE('',#5720,#5720,#5722,.T.);
#5720 = VERTEX_POINT('',#5721);
#5721 = CARTESIAN_POINT('',(47.05,0.,4.));
#5722 = SURFACE_CURVE('',#5723,(#5728,#5739),.PCURVE_S1.);
#5723 = CIRCLE('',#5724,1.3);
#5724 = AXIS2_PLACEMENT_3D('',#5725,#5726,#5727);
#5725 = CARTESIAN_POINT('',(45.75,0.,4.));
#5726 = DIRECTION('',(0.,0.,-1.));
#5727 = DIRECTION('',(1.,0.,0.));
#5728 = PCURVE('',#100,#5729);
#5729 = DEFINITIONAL_REPRESENTATION('',(#5730),#5738);
#5730 = ( BOUNDED_CURVE() B_SPLINE_CURVE(2,(#5731,#5732,#5733,#5734,
#5735,#5736,#5737),.UNSPECIFIED.,.T.,.F.) B_SPLINE_CURVE_WITH_KNOTS((1,2
    ,2,2,2,1),(-2.094395102393,0.,2.094395102393,4.188790204786,
6.28318530718,8.377580409573),.UNSPECIFIED.) CURVE() 
GEOMETRIC_REPRESENTATION_ITEM() RATIONAL_B_SPLINE_CURVE((1.,0.5,1.,0.5,
1.,0.5,1.)) REPRESENTATION_ITEM('') );
#5731 = CARTESIAN_POINT('',(36.3,0.));
#5732 = CARTESIAN_POINT('',(36.3,-2.25166604984));
#5733 = CARTESIAN_POINT('',(34.35,-1.12583302492));
#5734 = CARTESIAN_POINT('',(32.4,-3.184081677783E-16));
#5735 = CARTESIAN_POINT('',(34.35,1.12583302492));
#5736 = CARTESIAN_POINT('',(36.3,2.25166604984));
#5737 = CARTESIAN_POINT('',(36.3,0.));
#5738 = ( GEOMETRIC_REPRESENTATION_CONTEXT(2) 
PARAMETRIC_REPRESENTATION_CONTEXT() REPRESENTATION_CONTEXT('2D SPACE',''
  ) );
#5739 = PCURVE('',#2671,#5740);
#5740 = DEFINITIONAL_REPRESENTATION('',(#5741),#5745);
#5741 = LINE('',#5742,#5743);
#5742 = CARTESIAN_POINT('',(-6.28318530718,-4.5));
#5743 = VECTOR('',#5744,1.);
#5744 = DIRECTION('',(1.,-0.));
#5745 = ( GEOMETRIC_REPRESENTATION_CONTEXT(2) 
PARAMETRIC_REPRESENTATION_CONTEXT() REPRESENTATION_CONTEXT('2D SPACE',''
  ) );
#5746 = FACE_BOUND('',#5747,.T.);
#5747 = EDGE_LOOP('',(#5748));
#5748 = ORIENTED_EDGE('',*,*,#5749,.T.);
#5749 = EDGE_CURVE('',#5750,#5750,#5752,.T.);
#5750 = VERTEX_POINT('',#5751);
#5751 = CARTESIAN_POINT('',(2.05,15.,4.));
#5752 = SURFACE_CURVE('',#5753,(#5758,#5769),.PCURVE_S1.);
#5753 = CIRCLE('',#5754,1.3);
#5754 = AXIS2_PLACEMENT_3D('',#5755,#5756,#5757);
#5755 = CARTESIAN_POINT('',(0.75,15.,4.));
#5756 = DIRECTION('',(0.,0.,-1.));
#5757 = DIRECTION('',(1.,0.,0.));
#5758 = PCURVE('',#100,#5759);
#5759 = DEFINITIONAL_REPRESENTATION('',(#5760),#5768);
#5760 = ( BOUNDED_CURVE() B_SPLINE_CURVE(2,(#5761,#5762,#5763,#5764,
#5765,#5766,#5767),.UNSPECIFIED.,.T.,.F.) B_SPLINE_CURVE_WITH_KNOTS((1,2
    ,2,2,2,1),(-2.094395102393,0.,2.094395102393,4.188790204786,
6.28318530718,8.377580409573),.UNSPECIFIED.) CURVE() 
GEOMETRIC_REPRESENTATION_ITEM() RATIONAL_B_SPLINE_CURVE((1.,0.5,1.,0.5,
1.,0.5,1.)) REPRESENTATION_ITEM('') );
#5761 = CARTESIAN_POINT('',(-8.7,15.));
#5762 = CARTESIAN_POINT('',(-8.7,12.74833395016));
#5763 = CARTESIAN_POINT('',(-10.65,13.87416697508));
#5764 = CARTESIAN_POINT('',(-12.6,15.));
#5765 = CARTESIAN_POINT('',(-10.65,16.12583302492));
#5766 = CARTESIAN_POINT('',(-8.7,17.25166604984));
#5767 = CARTESIAN_POINT('',(-8.7,15.));
#5768 = ( GEOMETRIC_REPRESENTATION_CONTEXT(2) 
PARAMETRIC_REPRESENTATION_CONTEXT() REPRESENTATION_CONTEXT('2D SPACE',''
  ) );
#5769 = PCURVE('',#2355,#5770);
#5770 = DEFINITIONAL_REPRESENTATION('',(#5771),#5775);
#5771 = LINE('',#5772,#5773);
#5772 = CARTESIAN_POINT('',(-6.28318530718,-4.5));
#5773 = VECTOR('',#5774,1.);
#5774 = DIRECTION('',(1.,-0.));
#5775 = ( GEOMETRIC_REPRESENTATION_CONTEXT(2) 
PARAMETRIC_REPRESENTATION_CONTEXT() REPRESENTATION_CONTEXT('2D SPACE',''
  ) );
#5776 = FACE_BOUND('',#5777,.T.);
#5777 = EDGE_LOOP('',(#5778,#5801,#5822,#5843));
#5778 = ORIENTED_EDGE('',*,*,#5779,.T.);
#5779 = EDGE_CURVE('',#5780,#5782,#5784,.T.);
#5780 = VERTEX_POINT('',#5781);
#5781 = CARTESIAN_POINT('',(-12.,23.75,4.));
#5782 = VERTEX_POINT('',#5783);
#5783 = CARTESIAN_POINT('',(-12.,19.25,4.));
#5784 = SURFACE_CURVE('',#5785,(#5789,#5795),.PCURVE_S1.);
#5785 = LINE('',#5786,#5787);
#5786 = CARTESIAN_POINT('',(-12.,9.625,4.));
#5787 = VECTOR('',#5788,1.);
#5788 = DIRECTION('',(0.,-1.,0.));
#5789 = PCURVE('',#100,#5790);
#5790 = DEFINITIONAL_REPRESENTATION('',(#5791),#5794);
#5791 = B_SPLINE_CURVE_WITH_KNOTS('',1,(#5792,#5793),.UNSPECIFIED.,.F.,
  .F.,(2,2),(-14.125,-9.625),.PIECEWISE_BEZIER_KNOTS.);
#5792 = CARTESIAN_POINT('',(-22.75,23.75));
#5793 = CARTESIAN_POINT('',(-22.75,19.25));
#5794 = ( GEOMETRIC_REPRESENTATION_CONTEXT(2) 
PARAMETRIC_REPRESENTATION_CONTEXT() REPRESENTATION_CONTEXT('2D SPACE',''
  ) );
#5795 = PCURVE('',#2245,#5796);
#5796 = DEFINITIONAL_REPRESENTATION('',(#5797),#5800);
#5797 = B_SPLINE_CURVE_WITH_KNOTS('',1,(#5798,#5799),.UNSPECIFIED.,.F.,
  .F.,(2,2),(-14.125,-9.625),.PIECEWISE_BEZIER_KNOTS.);
#5798 = CARTESIAN_POINT('',(4.5,-5.));
#5799 = CARTESIAN_POINT('',(0.,-5.));
#5800 = ( GEOMETRIC_REPRESENTATION_CONTEXT(2) 
PARAMETRIC_REPRESENTATION_CONTEXT() REPRESENTATION_CONTEXT('2D SPACE',''
  ) );
#5801 = ORIENTED_EDGE('',*,*,#5802,.T.);
#5802 = EDGE_CURVE('',#5782,#5803,#5805,.T.);
#5803 = VERTEX_POINT('',#5804);
#5804 = CARTESIAN_POINT('',(-38.,19.25,4.));
#5805 = SURFACE_CURVE('',#5806,(#5810,#5816),.PCURVE_S1.);
#5806 = LINE('',#5807,#5808);
#5807 = CARTESIAN_POINT('',(-13.625,19.25,4.));
#5808 = VECTOR('',#5809,1.);
#5809 = DIRECTION('',(-1.,0.,0.));
#5810 = PCURVE('',#100,#5811);
#5811 = DEFINITIONAL_REPRESENTATION('',(#5812),#5815);
#5812 = B_SPLINE_CURVE_WITH_KNOTS('',1,(#5813,#5814),.UNSPECIFIED.,.F.,
  .F.,(2,2),(-1.625,24.375),.PIECEWISE_BEZIER_KNOTS.);
#5813 = CARTESIAN_POINT('',(-22.75,19.25));
#5814 = CARTESIAN_POINT('',(-48.75,19.25));
#5815 = ( GEOMETRIC_REPRESENTATION_CONTEXT(2) 
PARAMETRIC_REPRESENTATION_CONTEXT() REPRESENTATION_CONTEXT('2D SPACE',''
  ) );
#5816 = PCURVE('',#2271,#5817);
#5817 = DEFINITIONAL_REPRESENTATION('',(#5818),#5821);
#5818 = B_SPLINE_CURVE_WITH_KNOTS('',1,(#5819,#5820),.UNSPECIFIED.,.F.,
  .F.,(2,2),(-1.625,24.375),.PIECEWISE_BEZIER_KNOTS.);
#5819 = CARTESIAN_POINT('',(26.,-5.));
#5820 = CARTESIAN_POINT('',(0.,-5.));
#5821 = ( GEOMETRIC_REPRESENTATION_CONTEXT(2) 
PARAMETRIC_REPRESENTATION_CONTEXT() REPRESENTATION_CONTEXT('2D SPACE',''
  ) );
#5822 = ORIENTED_EDGE('',*,*,#5823,.T.);
#5823 = EDGE_CURVE('',#5803,#5824,#5826,.T.);
#5824 = VERTEX_POINT('',#5825);
#5825 = CARTESIAN_POINT('',(-38.,23.75,4.));
#5826 = SURFACE_CURVE('',#5827,(#5831,#5837),.PCURVE_S1.);
#5827 = LINE('',#5828,#5829);
#5828 = CARTESIAN_POINT('',(-38.,11.875,4.));
#5829 = VECTOR('',#5830,1.);
#5830 = DIRECTION('',(-0.,1.,0.));
#5831 = PCURVE('',#100,#5832);
#5832 = DEFINITIONAL_REPRESENTATION('',(#5833),#5836);
#5833 = B_SPLINE_CURVE_WITH_KNOTS('',1,(#5834,#5835),.UNSPECIFIED.,.F.,
  .F.,(2,2),(7.375,11.875),.PIECEWISE_BEZIER_KNOTS.);
#5834 = CARTESIAN_POINT('',(-48.75,19.25));
#5835 = CARTESIAN_POINT('',(-48.75,23.75));
#5836 = ( GEOMETRIC_REPRESENTATION_CONTEXT(2) 
PARAMETRIC_REPRESENTATION_CONTEXT() REPRESENTATION_CONTEXT('2D SPACE',''
  ) );
#5837 = PCURVE('',#2297,#5838);
#5838 = DEFINITIONAL_REPRESENTATION('',(#5839),#5842);
#5839 = B_SPLINE_CURVE_WITH_KNOTS('',1,(#5840,#5841),.UNSPECIFIED.,.F.,
  .F.,(2,2),(7.375,11.875),.PIECEWISE_BEZIER_KNOTS.);
#5840 = CARTESIAN_POINT('',(4.5,-5.));
#5841 = CARTESIAN_POINT('',(0.,-5.));
#5842 = ( GEOMETRIC_REPRESENTATION_CONTEXT(2) 
PARAMETRIC_REPRESENTATION_CONTEXT() REPRESENTATION_CONTEXT('2D SPACE',''
  ) );
#5843 = ORIENTED_EDGE('',*,*,#5844,.T.);
#5844 = EDGE_CURVE('',#5824,#5780,#5845,.T.);
#5845 = SURFACE_CURVE('',#5846,(#5850,#5856),.PCURVE_S1.);
#5846 = LINE('',#5847,#5848);
#5847 = CARTESIAN_POINT('',(-0.625,23.75,4.));
#5848 = VECTOR('',#5849,1.);
#5849 = DIRECTION('',(1.,0.,-0.));
#5850 = PCURVE('',#100,#5851);
#5851 = DEFINITIONAL_REPRESENTATION('',(#5852),#5855);
#5852 = B_SPLINE_CURVE_WITH_KNOTS('',1,(#5853,#5854),.UNSPECIFIED.,.F.,
  .F.,(2,2),(-37.375,-11.375),.PIECEWISE_BEZIER_KNOTS.);
#5853 = CARTESIAN_POINT('',(-48.75,23.75));
#5854 = CARTESIAN_POINT('',(-22.75,23.75));
#5855 = ( GEOMETRIC_REPRESENTATION_CONTEXT(2) 
PARAMETRIC_REPRESENTATION_CONTEXT() REPRESENTATION_CONTEXT('2D SPACE',''
  ) );
#5856 = PCURVE('',#2321,#5857);
#5857 = DEFINITIONAL_REPRESENTATION('',(#5858),#5861);
#5858 = B_SPLINE_CURVE_WITH_KNOTS('',1,(#5859,#5860),.UNSPECIFIED.,.F.,
  .F.,(2,2),(-37.375,-11.375),.PIECEWISE_BEZIER_KNOTS.);
#5859 = CARTESIAN_POINT('',(26.,-5.));
#5860 = CARTESIAN_POINT('',(0.,-5.));
#5861 = ( GEOMETRIC_REPRESENTATION_CONTEXT(2) 
PARAMETRIC_REPRESENTATION_CONTEXT() REPRESENTATION_CONTEXT('2D SPACE',''
  ) );
#5862 = FACE_BOUND('',#5863,.T.);
#5863 = EDGE_LOOP('',(#5864));
#5864 = ORIENTED_EDGE('',*,*,#5865,.T.);
#5865 = EDGE_CURVE('',#5866,#5866,#5868,.T.);
#5866 = VERTEX_POINT('',#5867);
#5867 = CARTESIAN_POINT('',(-7.95,20.,4.));
#5868 = SURFACE_CURVE('',#5869,(#5874,#5885),.PCURVE_S1.);
#5869 = CIRCLE('',#5870,1.3);
#5870 = AXIS2_PLACEMENT_3D('',#5871,#5872,#5873);
#5871 = CARTESIAN_POINT('',(-9.25,20.,4.));
#5872 = DIRECTION('',(0.,0.,-1.));
#5873 = DIRECTION('',(1.,0.,0.));
#5874 = PCURVE('',#100,#5875);
#5875 = DEFINITIONAL_REPRESENTATION('',(#5876),#5884);
#5876 = ( BOUNDED_CURVE() B_SPLINE_CURVE(2,(#5877,#5878,#5879,#5880,
#5881,#5882,#5883),.UNSPECIFIED.,.T.,.F.) B_SPLINE_CURVE_WITH_KNOTS((1,2
    ,2,2,2,1),(-2.094395102393,0.,2.094395102393,4.188790204786,
6.28318530718,8.377580409573),.UNSPECIFIED.) CURVE() 
GEOMETRIC_REPRESENTATION_ITEM() RATIONAL_B_SPLINE_CURVE((1.,0.5,1.,0.5,
1.,0.5,1.)) REPRESENTATION_ITEM('') );
#5877 = CARTESIAN_POINT('',(-18.7,20.));
#5878 = CARTESIAN_POINT('',(-18.7,17.74833395016));
#5879 = CARTESIAN_POINT('',(-20.65,18.87416697508));
#5880 = CARTESIAN_POINT('',(-22.6,20.));
#5881 = CARTESIAN_POINT('',(-20.65,21.12583302492));
#5882 = CARTESIAN_POINT('',(-18.7,22.25166604984));
#5883 = CARTESIAN_POINT('',(-18.7,20.));
#5884 = ( GEOMETRIC_REPRESENTATION_CONTEXT(2) 
PARAMETRIC_REPRESENTATION_CONTEXT() REPRESENTATION_CONTEXT('2D SPACE',''
  ) );
#5885 = PCURVE('',#2390,#5886);
#5886 = DEFINITIONAL_REPRESENTATION('',(#5887),#5891);
#5887 = LINE('',#5888,#5889);
#5888 = CARTESIAN_POINT('',(-6.28318530718,-4.5));
#5889 = VECTOR('',#5890,1.);
#5890 = DIRECTION('',(1.,-0.));
#5891 = ( GEOMETRIC_REPRESENTATION_CONTEXT(2) 
PARAMETRIC_REPRESENTATION_CONTEXT() REPRESENTATION_CONTEXT('2D SPACE',''
  ) );
#5892 = FACE_BOUND('',#5893,.T.);
#5893 = EDGE_LOOP('',(#5894));
#5894 = ORIENTED_EDGE('',*,*,#5895,.T.);
#5895 = EDGE_CURVE('',#5896,#5896,#5898,.T.);
#5896 = VERTEX_POINT('',#5897);
#5897 = CARTESIAN_POINT('',(7.05,20.,4.));
#5898 = SURFACE_CURVE('',#5899,(#5904,#5915),.PCURVE_S1.);
#5899 = CIRCLE('',#5900,1.3);
#5900 = AXIS2_PLACEMENT_3D('',#5901,#5902,#5903);
#5901 = CARTESIAN_POINT('',(5.75,20.,4.));
#5902 = DIRECTION('',(0.,0.,-1.));
#5903 = DIRECTION('',(1.,0.,0.));
#5904 = PCURVE('',#100,#5905);
#5905 = DEFINITIONAL_REPRESENTATION('',(#5906),#5914);
#5906 = ( BOUNDED_CURVE() B_SPLINE_CURVE(2,(#5907,#5908,#5909,#5910,
#5911,#5912,#5913),.UNSPECIFIED.,.T.,.F.) B_SPLINE_CURVE_WITH_KNOTS((1,2
    ,2,2,2,1),(-2.094395102393,0.,2.094395102393,4.188790204786,
6.28318530718,8.377580409573),.UNSPECIFIED.) CURVE() 
GEOMETRIC_REPRESENTATION_ITEM() RATIONAL_B_SPLINE_CURVE((1.,0.5,1.,0.5,
1.,0.5,1.)) REPRESENTATION_ITEM('') );
#5907 = CARTESIAN_POINT('',(-3.7,20.));
#5908 = CARTESIAN_POINT('',(-3.7,17.74833395016));
#5909 = CARTESIAN_POINT('',(-5.65,18.87416697508));
#5910 = CARTESIAN_POINT('',(-7.6,20.));
#5911 = CARTESIAN_POINT('',(-5.65,21.12583302492));
#5912 = CARTESIAN_POINT('',(-3.7,22.25166604984));
#5913 = CARTESIAN_POINT('',(-3.7,20.));
#5914 = ( GEOMETRIC_REPRESENTATION_CONTEXT(2) 
PARAMETRIC_REPRESENTATION_CONTEXT() REPRESENTATION_CONTEXT('2D SPACE',''
  ) );
#5915 = PCURVE('',#2425,#5916);
#5916 = DEFINITIONAL_REPRESENTATION('',(#5917),#5921);
#5917 = LINE('',#5918,#5919);
#5918 = CARTESIAN_POINT('',(-6.28318530718,-4.5));
#5919 = VECTOR('',#5920,1.);
#5920 = DIRECTION('',(1.,-0.));
#5921 = ( GEOMETRIC_REPRESENTATION_CONTEXT(2) 
PARAMETRIC_REPRESENTATION_CONTEXT() REPRESENTATION_CONTEXT('2D SPACE',''
  ) );
#5922 = FACE_BOUND('',#5923,.T.);
#5923 = EDGE_LOOP('',(#5924));
#5924 = ORIENTED_EDGE('',*,*,#5925,.F.);
#5925 = EDGE_CURVE('',#5926,#5926,#5928,.T.);
#5926 = VERTEX_POINT('',#5927);
#5927 = CARTESIAN_POINT('',(1.45,24.625,4.));
#5928 = SURFACE_CURVE('',#5929,(#5934,#5941),.PCURVE_S1.);
#5929 = CIRCLE('',#5930,4.75);
#5930 = AXIS2_PLACEMENT_3D('',#5931,#5932,#5933);
#5931 = CARTESIAN_POINT('',(-3.3,24.625,4.));
#5932 = DIRECTION('',(0.,0.,1.));
#5933 = DIRECTION('',(1.,0.,0.));
#5934 = PCURVE('',#100,#5935);
#5935 = DEFINITIONAL_REPRESENTATION('',(#5936),#5940);
#5936 = CIRCLE('',#5937,4.75);
#5937 = AXIS2_PLACEMENT_2D('',#5938,#5939);
#5938 = CARTESIAN_POINT('',(-14.05,24.625));
#5939 = DIRECTION('',(1.,0.));
#5940 = ( GEOMETRIC_REPRESENTATION_CONTEXT(2) 
PARAMETRIC_REPRESENTATION_CONTEXT() REPRESENTATION_CONTEXT('2D SPACE',''
  ) );
#5941 = PCURVE('',#5942,#5947);
#5942 = CYLINDRICAL_SURFACE('',#5943,4.75);
#5943 = AXIS2_PLACEMENT_3D('',#5944,#5945,#5946);
#5944 = CARTESIAN_POINT('',(-3.3,24.625,4.));
#5945 = DIRECTION('',(-0.,-0.,-1.));
#5946 = DIRECTION('',(1.,0.,0.));
#5947 = DEFINITIONAL_REPRESENTATION('',(#5948),#5952);
#5948 = LINE('',#5949,#5950);
#5949 = CARTESIAN_POINT('',(-0.,0.));
#5950 = VECTOR('',#5951,1.);
#5951 = DIRECTION('',(-1.,0.));
#5952 = ( GEOMETRIC_REPRESENTATION_CONTEXT(2) 
PARAMETRIC_REPRESENTATION_CONTEXT() REPRESENTATION_CONTEXT('2D SPACE',''
  ) );
#5953 = FACE_BOUND('',#5954,.T.);
#5954 = EDGE_LOOP('',(#5955));
#5955 = ORIENTED_EDGE('',*,*,#5956,.T.);
#5956 = EDGE_CURVE('',#5957,#5957,#5959,.T.);
#5957 = VERTEX_POINT('',#5958);
#5958 = CARTESIAN_POINT('',(7.05,25.,4.));
#5959 = SURFACE_CURVE('',#5960,(#5965,#5976),.PCURVE_S1.);
#5960 = CIRCLE('',#5961,1.3);
#5961 = AXIS2_PLACEMENT_3D('',#5962,#5963,#5964);
#5962 = CARTESIAN_POINT('',(5.75,25.,4.));
#5963 = DIRECTION('',(0.,0.,-1.));
#5964 = DIRECTION('',(1.,0.,0.));
#5965 = PCURVE('',#100,#5966);
#5966 = DEFINITIONAL_REPRESENTATION('',(#5967),#5975);
#5967 = ( BOUNDED_CURVE() B_SPLINE_CURVE(2,(#5968,#5969,#5970,#5971,
#5972,#5973,#5974),.UNSPECIFIED.,.T.,.F.) B_SPLINE_CURVE_WITH_KNOTS((1,2
    ,2,2,2,1),(-2.094395102393,0.,2.094395102393,4.188790204786,
6.28318530718,8.377580409573),.UNSPECIFIED.) CURVE() 
GEOMETRIC_REPRESENTATION_ITEM() RATIONAL_B_SPLINE_CURVE((1.,0.5,1.,0.5,
1.,0.5,1.)) REPRESENTATION_ITEM('') );
#5968 = CARTESIAN_POINT('',(-3.7,25.));
#5969 = CARTESIAN_POINT('',(-3.7,22.74833395016));
#5970 = CARTESIAN_POINT('',(-5.65,23.87416697508));
#5971 = CARTESIAN_POINT('',(-7.6,25.));
#5972 = CARTESIAN_POINT('',(-5.65,26.12583302492));
#5973 = CARTESIAN_POINT('',(-3.7,27.25166604984));
#5974 = CARTESIAN_POINT('',(-3.7,25.));
#5975 = ( GEOMETRIC_REPRESENTATION_CONTEXT(2) 
PARAMETRIC_REPRESENTATION_CONTEXT() REPRESENTATION_CONTEXT('2D SPACE',''
  ) );
#5976 = PCURVE('',#2460,#5977);
#5977 = DEFINITIONAL_REPRESENTATION('',(#5978),#5982);
#5978 = LINE('',#5979,#5980);
#5979 = CARTESIAN_POINT('',(-6.28318530718,-4.5));
#5980 = VECTOR('',#5981,1.);
#5981 = DIRECTION('',(1.,-0.));
#5982 = ( GEOMETRIC_REPRESENTATION_CONTEXT(2) 
PARAMETRIC_REPRESENTATION_CONTEXT() REPRESENTATION_CONTEXT('2D SPACE',''
  ) );
#5983 = FACE_BOUND('',#5984,.T.);
#5984 = EDGE_LOOP('',(#5985));
#5985 = ORIENTED_EDGE('',*,*,#5986,.T.);
#5986 = EDGE_CURVE('',#5987,#5987,#5989,.T.);
#5987 = VERTEX_POINT('',#5988);
#5988 = CARTESIAN_POINT('',(42.05,5.,4.));
#5989 = SURFACE_CURVE('',#5990,(#5995,#6006),.PCURVE_S1.);
#5990 = CIRCLE('',#5991,1.3);
#5991 = AXIS2_PLACEMENT_3D('',#5992,#5993,#5994);
#5992 = CARTESIAN_POINT('',(40.75,5.,4.));
#5993 = DIRECTION('',(0.,0.,-1.));
#5994 = DIRECTION('',(1.,0.,0.));
#5995 = PCURVE('',#100,#5996);
#5996 = DEFINITIONAL_REPRESENTATION('',(#5997),#6005);
#5997 = ( BOUNDED_CURVE() B_SPLINE_CURVE(2,(#5998,#5999,#6000,#6001,
#6002,#6003,#6004),.UNSPECIFIED.,.T.,.F.) B_SPLINE_CURVE_WITH_KNOTS((1,2
    ,2,2,2,1),(-2.094395102393,0.,2.094395102393,4.188790204786,
6.28318530718,8.377580409573),.UNSPECIFIED.) CURVE() 
GEOMETRIC_REPRESENTATION_ITEM() RATIONAL_B_SPLINE_CURVE((1.,0.5,1.,0.5,
1.,0.5,1.)) REPRESENTATION_ITEM('') );
#5998 = CARTESIAN_POINT('',(31.3,5.));
#5999 = CARTESIAN_POINT('',(31.3,2.74833395016));
#6000 = CARTESIAN_POINT('',(29.35,3.87416697508));
#6001 = CARTESIAN_POINT('',(27.4,5.));
#6002 = CARTESIAN_POINT('',(29.35,6.12583302492));
#6003 = CARTESIAN_POINT('',(31.3,7.25166604984));
#6004 = CARTESIAN_POINT('',(31.3,5.));
#6005 = ( GEOMETRIC_REPRESENTATION_CONTEXT(2) 
PARAMETRIC_REPRESENTATION_CONTEXT() REPRESENTATION_CONTEXT('2D SPACE',''
  ) );
#6006 = PCURVE('',#2636,#6007);
#6007 = DEFINITIONAL_REPRESENTATION('',(#6008),#6012);
#6008 = LINE('',#6009,#6010);
#6009 = CARTESIAN_POINT('',(-6.28318530718,-4.5));
#6010 = VECTOR('',#6011,1.);
#6011 = DIRECTION('',(1.,-0.));
#6012 = ( GEOMETRIC_REPRESENTATION_CONTEXT(2) 
PARAMETRIC_REPRESENTATION_CONTEXT() REPRESENTATION_CONTEXT('2D SPACE',''
  ) );
#6013 = FACE_BOUND('',#6014,.T.);
#6014 = EDGE_LOOP('',(#6015));
#6015 = ORIENTED_EDGE('',*,*,#6016,.F.);
#6016 = EDGE_CURVE('',#6017,#6017,#6019,.T.);
#6017 = VERTEX_POINT('',#6018);
#6018 = CARTESIAN_POINT('',(57.33,5.575,4.));
#6019 = SURFACE_CURVE('',#6020,(#6025,#6032),.PCURVE_S1.);
#6020 = CIRCLE('',#6021,4.75);
#6021 = AXIS2_PLACEMENT_3D('',#6022,#6023,#6024);
#6022 = CARTESIAN_POINT('',(52.58,5.575,4.));
#6023 = DIRECTION('',(0.,0.,1.));
#6024 = DIRECTION('',(1.,0.,0.));
#6025 = PCURVE('',#100,#6026);
#6026 = DEFINITIONAL_REPRESENTATION('',(#6027),#6031);
#6027 = CIRCLE('',#6028,4.75);
#6028 = AXIS2_PLACEMENT_2D('',#6029,#6030);
#6029 = CARTESIAN_POINT('',(41.83,5.575));
#6030 = DIRECTION('',(1.,0.));
#6031 = ( GEOMETRIC_REPRESENTATION_CONTEXT(2) 
PARAMETRIC_REPRESENTATION_CONTEXT() REPRESENTATION_CONTEXT('2D SPACE',''
  ) );
#6032 = PCURVE('',#6033,#6038);
#6033 = CYLINDRICAL_SURFACE('',#6034,4.75);
#6034 = AXIS2_PLACEMENT_3D('',#6035,#6036,#6037);
#6035 = CARTESIAN_POINT('',(52.58,5.575,4.));
#6036 = DIRECTION('',(-0.,-0.,-1.));
#6037 = DIRECTION('',(1.,0.,0.));
#6038 = DEFINITIONAL_REPRESENTATION('',(#6039),#6043);
#6039 = LINE('',#6040,#6041);
#6040 = CARTESIAN_POINT('',(-0.,0.));
#6041 = VECTOR('',#6042,1.);
#6042 = DIRECTION('',(-1.,0.));
#6043 = ( GEOMETRIC_REPRESENTATION_CONTEXT(2) 
PARAMETRIC_REPRESENTATION_CONTEXT() REPRESENTATION_CONTEXT('2D SPACE',''
  ) );
#6044 = FACE_BOUND('',#6045,.T.);
#6045 = EDGE_LOOP('',(#6046));
#6046 = ORIENTED_EDGE('',*,*,#6047,.T.);
#6047 = EDGE_CURVE('',#6048,#6048,#6050,.T.);
#6048 = VERTEX_POINT('',#6049);
#6049 = CARTESIAN_POINT('',(42.05,10.,4.));
#6050 = SURFACE_CURVE('',#6051,(#6056,#6067),.PCURVE_S1.);
#6051 = CIRCLE('',#6052,1.3);
#6052 = AXIS2_PLACEMENT_3D('',#6053,#6054,#6055);
#6053 = CARTESIAN_POINT('',(40.75,10.,4.));
#6054 = DIRECTION('',(0.,0.,-1.));
#6055 = DIRECTION('',(1.,0.,0.));
#6056 = PCURVE('',#100,#6057);
#6057 = DEFINITIONAL_REPRESENTATION('',(#6058),#6066);
#6058 = ( BOUNDED_CURVE() B_SPLINE_CURVE(2,(#6059,#6060,#6061,#6062,
#6063,#6064,#6065),.UNSPECIFIED.,.T.,.F.) B_SPLINE_CURVE_WITH_KNOTS((1,2
    ,2,2,2,1),(-2.094395102393,0.,2.094395102393,4.188790204786,
6.28318530718,8.377580409573),.UNSPECIFIED.) CURVE() 
GEOMETRIC_REPRESENTATION_ITEM() RATIONAL_B_SPLINE_CURVE((1.,0.5,1.,0.5,
1.,0.5,1.)) REPRESENTATION_ITEM('') );
#6059 = CARTESIAN_POINT('',(31.3,10.));
#6060 = CARTESIAN_POINT('',(31.3,7.74833395016));
#6061 = CARTESIAN_POINT('',(29.35,8.87416697508));
#6062 = CARTESIAN_POINT('',(27.4,10.));
#6063 = CARTESIAN_POINT('',(29.35,11.12583302492));
#6064 = CARTESIAN_POINT('',(31.3,12.25166604984));
#6065 = CARTESIAN_POINT('',(31.3,10.));
#6066 = ( GEOMETRIC_REPRESENTATION_CONTEXT(2) 
PARAMETRIC_REPRESENTATION_CONTEXT() REPRESENTATION_CONTEXT('2D SPACE',''
  ) );
#6067 = PCURVE('',#2706,#6068);
#6068 = DEFINITIONAL_REPRESENTATION('',(#6069),#6073);
#6069 = LINE('',#6070,#6071);
#6070 = CARTESIAN_POINT('',(-6.28318530718,-4.5));
#6071 = VECTOR('',#6072,1.);
#6072 = DIRECTION('',(1.,-0.));
#6073 = ( GEOMETRIC_REPRESENTATION_CONTEXT(2) 
PARAMETRIC_REPRESENTATION_CONTEXT() REPRESENTATION_CONTEXT('2D SPACE',''
  ) );
#6074 = FACE_BOUND('',#6075,.T.);
#6075 = EDGE_LOOP('',(#6076));
#6076 = ORIENTED_EDGE('',*,*,#6077,.T.);
#6077 = EDGE_CURVE('',#6078,#6078,#6080,.T.);
#6078 = VERTEX_POINT('',#6079);
#6079 = CARTESIAN_POINT('',(42.05,15.,4.));
#6080 = SURFACE_CURVE('',#6081,(#6086,#6097),.PCURVE_S1.);
#6081 = CIRCLE('',#6082,1.3);
#6082 = AXIS2_PLACEMENT_3D('',#6083,#6084,#6085);
#6083 = CARTESIAN_POINT('',(40.75,15.,4.));
#6084 = DIRECTION('',(0.,0.,-1.));
#6085 = DIRECTION('',(1.,0.,0.));
#6086 = PCURVE('',#100,#6087);
#6087 = DEFINITIONAL_REPRESENTATION('',(#6088),#6096);
#6088 = ( BOUNDED_CURVE() B_SPLINE_CURVE(2,(#6089,#6090,#6091,#6092,
#6093,#6094,#6095),.UNSPECIFIED.,.T.,.F.) B_SPLINE_CURVE_WITH_KNOTS((1,2
    ,2,2,2,1),(-2.094395102393,0.,2.094395102393,4.188790204786,
6.28318530718,8.377580409573),.UNSPECIFIED.) CURVE() 
GEOMETRIC_REPRESENTATION_ITEM() RATIONAL_B_SPLINE_CURVE((1.,0.5,1.,0.5,
1.,0.5,1.)) REPRESENTATION_ITEM('') );
#6089 = CARTESIAN_POINT('',(31.3,15.));
#6090 = CARTESIAN_POINT('',(31.3,12.74833395016));
#6091 = CARTESIAN_POINT('',(29.35,13.87416697508));
#6092 = CARTESIAN_POINT('',(27.4,15.));
#6093 = CARTESIAN_POINT('',(29.35,16.12583302492));
#6094 = CARTESIAN_POINT('',(31.3,17.25166604984));
#6095 = CARTESIAN_POINT('',(31.3,15.));
#6096 = ( GEOMETRIC_REPRESENTATION_CONTEXT(2) 
PARAMETRIC_REPRESENTATION_CONTEXT() REPRESENTATION_CONTEXT('2D SPACE',''
  ) );
#6097 = PCURVE('',#3126,#6098);
#6098 = DEFINITIONAL_REPRESENTATION('',(#6099),#6103);
#6099 = LINE('',#6100,#6101);
#6100 = CARTESIAN_POINT('',(-6.28318530718,-4.5));
#6101 = VECTOR('',#6102,1.);
#6102 = DIRECTION('',(1.,-0.));
#6103 = ( GEOMETRIC_REPRESENTATION_CONTEXT(2) 
PARAMETRIC_REPRESENTATION_CONTEXT() REPRESENTATION_CONTEXT('2D SPACE',''
  ) );
#6104 = FACE_BOUND('',#6105,.T.);
#6105 = EDGE_LOOP('',(#6106));
#6106 = ORIENTED_EDGE('',*,*,#6107,.T.);
#6107 = EDGE_CURVE('',#6108,#6108,#6110,.T.);
#6108 = VERTEX_POINT('',#6109);
#6109 = CARTESIAN_POINT('',(47.05,10.,4.));
#6110 = SURFACE_CURVE('',#6111,(#6116,#6127),.PCURVE_S1.);
#6111 = CIRCLE('',#6112,1.3);
#6112 = AXIS2_PLACEMENT_3D('',#6113,#6114,#6115);
#6113 = CARTESIAN_POINT('',(45.75,10.,4.));
#6114 = DIRECTION('',(0.,0.,-1.));
#6115 = DIRECTION('',(1.,0.,0.));
#6116 = PCURVE('',#100,#6117);
#6117 = DEFINITIONAL_REPRESENTATION('',(#6118),#6126);
#6118 = ( BOUNDED_CURVE() B_SPLINE_CURVE(2,(#6119,#6120,#6121,#6122,
#6123,#6124,#6125),.UNSPECIFIED.,.T.,.F.) B_SPLINE_CURVE_WITH_KNOTS((1,2
    ,2,2,2,1),(-2.094395102393,0.,2.094395102393,4.188790204786,
6.28318530718,8.377580409573),.UNSPECIFIED.) CURVE() 
GEOMETRIC_REPRESENTATION_ITEM() RATIONAL_B_SPLINE_CURVE((1.,0.5,1.,0.5,
1.,0.5,1.)) REPRESENTATION_ITEM('') );
#6119 = CARTESIAN_POINT('',(36.3,10.));
#6120 = CARTESIAN_POINT('',(36.3,7.74833395016));
#6121 = CARTESIAN_POINT('',(34.35,8.87416697508));
#6122 = CARTESIAN_POINT('',(32.4,10.));
#6123 = CARTESIAN_POINT('',(34.35,11.12583302492));
#6124 = CARTESIAN_POINT('',(36.3,12.25166604984));
#6125 = CARTESIAN_POINT('',(36.3,10.));
#6126 = ( GEOMETRIC_REPRESENTATION_CONTEXT(2) 
PARAMETRIC_REPRESENTATION_CONTEXT() REPRESENTATION_CONTEXT('2D SPACE',''
  ) );
#6127 = PCURVE('',#2741,#6128);
#6128 = DEFINITIONAL_REPRESENTATION('',(#6129),#6133);
#6129 = LINE('',#6130,#6131);
#6130 = CARTESIAN_POINT('',(-6.28318530718,-4.5));
#6131 = VECTOR('',#6132,1.);
#6132 = DIRECTION('',(1.,-0.));
#6133 = ( GEOMETRIC_REPRESENTATION_CONTEXT(2) 
PARAMETRIC_REPRESENTATION_CONTEXT() REPRESENTATION_CONTEXT('2D SPACE',''
  ) );
#6134 = FACE_BOUND('',#6135,.T.);
#6135 = EDGE_LOOP('',(#6136));
#6136 = ORIENTED_EDGE('',*,*,#6137,.T.);
#6137 = EDGE_CURVE('',#6138,#6138,#6140,.T.);
#6138 = VERTEX_POINT('',#6139);
#6139 = CARTESIAN_POINT('',(47.05,15.,4.));
#6140 = SURFACE_CURVE('',#6141,(#6146,#6157),.PCURVE_S1.);
#6141 = CIRCLE('',#6142,1.3);
#6142 = AXIS2_PLACEMENT_3D('',#6143,#6144,#6145);
#6143 = CARTESIAN_POINT('',(45.75,15.,4.));
#6144 = DIRECTION('',(0.,0.,-1.));
#6145 = DIRECTION('',(1.,0.,0.));
#6146 = PCURVE('',#100,#6147);
#6147 = DEFINITIONAL_REPRESENTATION('',(#6148),#6156);
#6148 = ( BOUNDED_CURVE() B_SPLINE_CURVE(2,(#6149,#6150,#6151,#6152,
#6153,#6154,#6155),.UNSPECIFIED.,.T.,.F.) B_SPLINE_CURVE_WITH_KNOTS((1,2
    ,2,2,2,1),(-2.094395102393,0.,2.094395102393,4.188790204786,
6.28318530718,8.377580409573),.UNSPECIFIED.) CURVE() 
GEOMETRIC_REPRESENTATION_ITEM() RATIONAL_B_SPLINE_CURVE((1.,0.5,1.,0.5,
1.,0.5,1.)) REPRESENTATION_ITEM('') );
#6149 = CARTESIAN_POINT('',(36.3,15.));
#6150 = CARTESIAN_POINT('',(36.3,12.74833395016));
#6151 = CARTESIAN_POINT('',(34.35,13.87416697508));
#6152 = CARTESIAN_POINT('',(32.4,15.));
#6153 = CARTESIAN_POINT('',(34.35,16.12583302492));
#6154 = CARTESIAN_POINT('',(36.3,17.25166604984));
#6155 = CARTESIAN_POINT('',(36.3,15.));
#6156 = ( GEOMETRIC_REPRESENTATION_CONTEXT(2) 
PARAMETRIC_REPRESENTATION_CONTEXT() REPRESENTATION_CONTEXT('2D SPACE',''
  ) );
#6157 = PCURVE('',#3161,#6158);
#6158 = DEFINITIONAL_REPRESENTATION('',(#6159),#6163);
#6159 = LINE('',#6160,#6161);
#6160 = CARTESIAN_POINT('',(-6.28318530718,-4.5));
#6161 = VECTOR('',#6162,1.);
#6162 = DIRECTION('',(1.,-0.));
#6163 = ( GEOMETRIC_REPRESENTATION_CONTEXT(2) 
PARAMETRIC_REPRESENTATION_CONTEXT() REPRESENTATION_CONTEXT('2D SPACE',''
  ) );
#6164 = FACE_BOUND('',#6165,.T.);
#6165 = EDGE_LOOP('',(#6166));
#6166 = ORIENTED_EDGE('',*,*,#6167,.T.);
#6167 = EDGE_CURVE('',#6168,#6168,#6170,.T.);
#6168 = VERTEX_POINT('',#6169);
#6169 = CARTESIAN_POINT('',(52.05,15.,4.));
#6170 = SURFACE_CURVE('',#6171,(#6176,#6187),.PCURVE_S1.);
#6171 = CIRCLE('',#6172,1.3);
#6172 = AXIS2_PLACEMENT_3D('',#6173,#6174,#6175);
#6173 = CARTESIAN_POINT('',(50.75,15.,4.));
#6174 = DIRECTION('',(0.,0.,-1.));
#6175 = DIRECTION('',(1.,0.,0.));
#6176 = PCURVE('',#100,#6177);
#6177 = DEFINITIONAL_REPRESENTATION('',(#6178),#6186);
#6178 = ( BOUNDED_CURVE() B_SPLINE_CURVE(2,(#6179,#6180,#6181,#6182,
#6183,#6184,#6185),.UNSPECIFIED.,.T.,.F.) B_SPLINE_CURVE_WITH_KNOTS((1,2
    ,2,2,2,1),(-2.094395102393,0.,2.094395102393,4.188790204786,
6.28318530718,8.377580409573),.UNSPECIFIED.) CURVE() 
GEOMETRIC_REPRESENTATION_ITEM() RATIONAL_B_SPLINE_CURVE((1.,0.5,1.,0.5,
1.,0.5,1.)) REPRESENTATION_ITEM('') );
#6179 = CARTESIAN_POINT('',(41.3,15.));
#6180 = CARTESIAN_POINT('',(41.3,12.74833395016));
#6181 = CARTESIAN_POINT('',(39.35,13.87416697508));
#6182 = CARTESIAN_POINT('',(37.4,15.));
#6183 = CARTESIAN_POINT('',(39.35,16.12583302492));
#6184 = CARTESIAN_POINT('',(41.3,17.25166604984));
#6185 = CARTESIAN_POINT('',(41.3,15.));
#6186 = ( GEOMETRIC_REPRESENTATION_CONTEXT(2) 
PARAMETRIC_REPRESENTATION_CONTEXT() REPRESENTATION_CONTEXT('2D SPACE',''
  ) );
#6187 = PCURVE('',#3196,#6188);
#6188 = DEFINITIONAL_REPRESENTATION('',(#6189),#6193);
#6189 = LINE('',#6190,#6191);
#6190 = CARTESIAN_POINT('',(-6.28318530718,-4.5));
#6191 = VECTOR('',#6192,1.);
#6192 = DIRECTION('',(1.,-0.));
#6193 = ( GEOMETRIC_REPRESENTATION_CONTEXT(2) 
PARAMETRIC_REPRESENTATION_CONTEXT() REPRESENTATION_CONTEXT('2D SPACE',''
  ) );
#6194 = FACE_BOUND('',#6195,.T.);
#6195 = EDGE_LOOP('',(#6196));
#6196 = ORIENTED_EDGE('',*,*,#6197,.T.);
#6197 = EDGE_CURVE('',#6198,#6198,#6200,.T.);
#6198 = VERTEX_POINT('',#6199);
#6199 = CARTESIAN_POINT('',(57.05,15.,4.));
#6200 = SURFACE_CURVE('',#6201,(#6206,#6217),.PCURVE_S1.);
#6201 = CIRCLE('',#6202,1.3);
#6202 = AXIS2_PLACEMENT_3D('',#6203,#6204,#6205);
#6203 = CARTESIAN_POINT('',(55.75,15.,4.));
#6204 = DIRECTION('',(0.,0.,-1.));
#6205 = DIRECTION('',(1.,0.,0.));
#6206 = PCURVE('',#100,#6207);
#6207 = DEFINITIONAL_REPRESENTATION('',(#6208),#6216);
#6208 = ( BOUNDED_CURVE() B_SPLINE_CURVE(2,(#6209,#6210,#6211,#6212,
#6213,#6214,#6215),.UNSPECIFIED.,.T.,.F.) B_SPLINE_CURVE_WITH_KNOTS((1,2
    ,2,2,2,1),(-2.094395102393,0.,2.094395102393,4.188790204786,
6.28318530718,8.377580409573),.UNSPECIFIED.) CURVE() 
GEOMETRIC_REPRESENTATION_ITEM() RATIONAL_B_SPLINE_CURVE((1.,0.5,1.,0.5,
1.,0.5,1.)) REPRESENTATION_ITEM('') );
#6209 = CARTESIAN_POINT('',(46.3,15.));
#6210 = CARTESIAN_POINT('',(46.3,12.74833395016));
#6211 = CARTESIAN_POINT('',(44.35,13.87416697508));
#6212 = CARTESIAN_POINT('',(42.4,15.));
#6213 = CARTESIAN_POINT('',(44.35,16.12583302492));
#6214 = CARTESIAN_POINT('',(46.3,17.25166604984));
#6215 = CARTESIAN_POINT('',(46.3,15.));
#6216 = ( GEOMETRIC_REPRESENTATION_CONTEXT(2) 
PARAMETRIC_REPRESENTATION_CONTEXT() REPRESENTATION_CONTEXT('2D SPACE',''
  ) );
#6217 = PCURVE('',#3231,#6218);
#6218 = DEFINITIONAL_REPRESENTATION('',(#6219),#6223);
#6219 = LINE('',#6220,#6221);
#6220 = CARTESIAN_POINT('',(-6.28318530718,-4.5));
#6221 = VECTOR('',#6222,1.);
#6222 = DIRECTION('',(1.,-0.));
#6223 = ( GEOMETRIC_REPRESENTATION_CONTEXT(2) 
PARAMETRIC_REPRESENTATION_CONTEXT() REPRESENTATION_CONTEXT('2D SPACE',''
  ) );
#6224 = FACE_BOUND('',#6225,.T.);
#6225 = EDGE_LOOP('',(#6226));
#6226 = ORIENTED_EDGE('',*,*,#6227,.T.);
#6227 = EDGE_CURVE('',#6228,#6228,#6230,.T.);
#6228 = VERTEX_POINT('',#6229);
#6229 = CARTESIAN_POINT('',(12.05,20.,4.));
#6230 = SURFACE_CURVE('',#6231,(#6236,#6247),.PCURVE_S1.);
#6231 = CIRCLE('',#6232,1.3);
#6232 = AXIS2_PLACEMENT_3D('',#6233,#6234,#6235);
#6233 = CARTESIAN_POINT('',(10.75,20.,4.));
#6234 = DIRECTION('',(0.,0.,-1.));
#6235 = DIRECTION('',(1.,0.,0.));
#6236 = PCURVE('',#100,#6237);
#6237 = DEFINITIONAL_REPRESENTATION('',(#6238),#6246);
#6238 = ( BOUNDED_CURVE() B_SPLINE_CURVE(2,(#6239,#6240,#6241,#6242,
#6243,#6244,#6245),.UNSPECIFIED.,.T.,.F.) B_SPLINE_CURVE_WITH_KNOTS((1,2
    ,2,2,2,1),(-2.094395102393,0.,2.094395102393,4.188790204786,
6.28318530718,8.377580409573),.UNSPECIFIED.) CURVE() 
GEOMETRIC_REPRESENTATION_ITEM() RATIONAL_B_SPLINE_CURVE((1.,0.5,1.,0.5,
1.,0.5,1.)) REPRESENTATION_ITEM('') );
#6239 = CARTESIAN_POINT('',(1.3,20.));
#6240 = CARTESIAN_POINT('',(1.3,17.74833395016));
#6241 = CARTESIAN_POINT('',(-0.65,18.87416697508));
#6242 = CARTESIAN_POINT('',(-2.6,20.));
#6243 = CARTESIAN_POINT('',(-0.65,21.12583302492));
#6244 = CARTESIAN_POINT('',(1.3,22.25166604984));
#6245 = CARTESIAN_POINT('',(1.3,20.));
#6246 = ( GEOMETRIC_REPRESENTATION_CONTEXT(2) 
PARAMETRIC_REPRESENTATION_CONTEXT() REPRESENTATION_CONTEXT('2D SPACE',''
  ) );
#6247 = PCURVE('',#2776,#6248);
#6248 = DEFINITIONAL_REPRESENTATION('',(#6249),#6253);
#6249 = LINE('',#6250,#6251);
#6250 = CARTESIAN_POINT('',(-6.28318530718,-4.5));
#6251 = VECTOR('',#6252,1.);
#6252 = DIRECTION('',(1.,-0.));
#6253 = ( GEOMETRIC_REPRESENTATION_CONTEXT(2) 
PARAMETRIC_REPRESENTATION_CONTEXT() REPRESENTATION_CONTEXT('2D SPACE',''
  ) );
#6254 = FACE_BOUND('',#6255,.T.);
#6255 = EDGE_LOOP('',(#6256));
#6256 = ORIENTED_EDGE('',*,*,#6257,.T.);
#6257 = EDGE_CURVE('',#6258,#6258,#6260,.T.);
#6258 = VERTEX_POINT('',#6259);
#6259 = CARTESIAN_POINT('',(17.05,20.,4.));
#6260 = SURFACE_CURVE('',#6261,(#6266,#6277),.PCURVE_S1.);
#6261 = CIRCLE('',#6262,1.3);
#6262 = AXIS2_PLACEMENT_3D('',#6263,#6264,#6265);
#6263 = CARTESIAN_POINT('',(15.75,20.,4.));
#6264 = DIRECTION('',(0.,0.,-1.));
#6265 = DIRECTION('',(1.,0.,0.));
#6266 = PCURVE('',#100,#6267);
#6267 = DEFINITIONAL_REPRESENTATION('',(#6268),#6276);
#6268 = ( BOUNDED_CURVE() B_SPLINE_CURVE(2,(#6269,#6270,#6271,#6272,
#6273,#6274,#6275),.UNSPECIFIED.,.T.,.F.) B_SPLINE_CURVE_WITH_KNOTS((1,2
    ,2,2,2,1),(-2.094395102393,0.,2.094395102393,4.188790204786,
6.28318530718,8.377580409573),.UNSPECIFIED.) CURVE() 
GEOMETRIC_REPRESENTATION_ITEM() RATIONAL_B_SPLINE_CURVE((1.,0.5,1.,0.5,
1.,0.5,1.)) REPRESENTATION_ITEM('') );
#6269 = CARTESIAN_POINT('',(6.3,20.));
#6270 = CARTESIAN_POINT('',(6.3,17.74833395016));
#6271 = CARTESIAN_POINT('',(4.35,18.87416697508));
#6272 = CARTESIAN_POINT('',(2.4,20.));
#6273 = CARTESIAN_POINT('',(4.35,21.12583302492));
#6274 = CARTESIAN_POINT('',(6.3,22.25166604984));
#6275 = CARTESIAN_POINT('',(6.3,20.));
#6276 = ( GEOMETRIC_REPRESENTATION_CONTEXT(2) 
PARAMETRIC_REPRESENTATION_CONTEXT() REPRESENTATION_CONTEXT('2D SPACE',''
  ) );
#6277 = PCURVE('',#2811,#6278);
#6278 = DEFINITIONAL_REPRESENTATION('',(#6279),#6283);
#6279 = LINE('',#6280,#6281);
#6280 = CARTESIAN_POINT('',(-6.28318530718,-4.5));
#6281 = VECTOR('',#6282,1.);
#6282 = DIRECTION('',(1.,-0.));
#6283 = ( GEOMETRIC_REPRESENTATION_CONTEXT(2) 
PARAMETRIC_REPRESENTATION_CONTEXT() REPRESENTATION_CONTEXT('2D SPACE',''
  ) );
#6284 = FACE_BOUND('',#6285,.T.);
#6285 = EDGE_LOOP('',(#6286));
#6286 = ORIENTED_EDGE('',*,*,#6287,.T.);
#6287 = EDGE_CURVE('',#6288,#6288,#6290,.T.);
#6288 = VERTEX_POINT('',#6289);
#6289 = CARTESIAN_POINT('',(22.05,20.,4.));
#6290 = SURFACE_CURVE('',#6291,(#6296,#6307),.PCURVE_S1.);
#6291 = CIRCLE('',#6292,1.3);
#6292 = AXIS2_PLACEMENT_3D('',#6293,#6294,#6295);
#6293 = CARTESIAN_POINT('',(20.75,20.,4.));
#6294 = DIRECTION('',(0.,0.,-1.));
#6295 = DIRECTION('',(1.,0.,0.));
#6296 = PCURVE('',#100,#6297);
#6297 = DEFINITIONAL_REPRESENTATION('',(#6298),#6306);
#6298 = ( BOUNDED_CURVE() B_SPLINE_CURVE(2,(#6299,#6300,#6301,#6302,
#6303,#6304,#6305),.UNSPECIFIED.,.T.,.F.) B_SPLINE_CURVE_WITH_KNOTS((1,2
    ,2,2,2,1),(-2.094395102393,0.,2.094395102393,4.188790204786,
6.28318530718,8.377580409573),.UNSPECIFIED.) CURVE() 
GEOMETRIC_REPRESENTATION_ITEM() RATIONAL_B_SPLINE_CURVE((1.,0.5,1.,0.5,
1.,0.5,1.)) REPRESENTATION_ITEM('') );
#6299 = CARTESIAN_POINT('',(11.3,20.));
#6300 = CARTESIAN_POINT('',(11.3,17.74833395016));
#6301 = CARTESIAN_POINT('',(9.35,18.87416697508));
#6302 = CARTESIAN_POINT('',(7.4,20.));
#6303 = CARTESIAN_POINT('',(9.35,21.12583302492));
#6304 = CARTESIAN_POINT('',(11.3,22.25166604984));
#6305 = CARTESIAN_POINT('',(11.3,20.));
#6306 = ( GEOMETRIC_REPRESENTATION_CONTEXT(2) 
PARAMETRIC_REPRESENTATION_CONTEXT() REPRESENTATION_CONTEXT('2D SPACE',''
  ) );
#6307 = PCURVE('',#2846,#6308);
#6308 = DEFINITIONAL_REPRESENTATION('',(#6309),#6313);
#6309 = LINE('',#6310,#6311);
#6310 = CARTESIAN_POINT('',(-6.28318530718,-4.5));
#6311 = VECTOR('',#6312,1.);
#6312 = DIRECTION('',(1.,-0.));
#6313 = ( GEOMETRIC_REPRESENTATION_CONTEXT(2) 
PARAMETRIC_REPRESENTATION_CONTEXT() REPRESENTATION_CONTEXT('2D SPACE',''
  ) );
#6314 = FACE_BOUND('',#6315,.T.);
#6315 = EDGE_LOOP('',(#6316));
#6316 = ORIENTED_EDGE('',*,*,#6317,.T.);
#6317 = EDGE_CURVE('',#6318,#6318,#6320,.T.);
#6318 = VERTEX_POINT('',#6319);
#6319 = CARTESIAN_POINT('',(27.05,20.,4.));
#6320 = SURFACE_CURVE('',#6321,(#6326,#6337),.PCURVE_S1.);
#6321 = CIRCLE('',#6322,1.3);
#6322 = AXIS2_PLACEMENT_3D('',#6323,#6324,#6325);
#6323 = CARTESIAN_POINT('',(25.75,20.,4.));
#6324 = DIRECTION('',(0.,0.,-1.));
#6325 = DIRECTION('',(1.,0.,0.));
#6326 = PCURVE('',#100,#6327);
#6327 = DEFINITIONAL_REPRESENTATION('',(#6328),#6336);
#6328 = ( BOUNDED_CURVE() B_SPLINE_CURVE(2,(#6329,#6330,#6331,#6332,
#6333,#6334,#6335),.UNSPECIFIED.,.T.,.F.) B_SPLINE_CURVE_WITH_KNOTS((1,2
    ,2,2,2,1),(-2.094395102393,0.,2.094395102393,4.188790204786,
6.28318530718,8.377580409573),.UNSPECIFIED.) CURVE() 
GEOMETRIC_REPRESENTATION_ITEM() RATIONAL_B_SPLINE_CURVE((1.,0.5,1.,0.5,
1.,0.5,1.)) REPRESENTATION_ITEM('') );
#6329 = CARTESIAN_POINT('',(16.3,20.));
#6330 = CARTESIAN_POINT('',(16.3,17.74833395016));
#6331 = CARTESIAN_POINT('',(14.35,18.87416697508));
#6332 = CARTESIAN_POINT('',(12.4,20.));
#6333 = CARTESIAN_POINT('',(14.35,21.12583302492));
#6334 = CARTESIAN_POINT('',(16.3,22.25166604984));
#6335 = CARTESIAN_POINT('',(16.3,20.));
#6336 = ( GEOMETRIC_REPRESENTATION_CONTEXT(2) 
PARAMETRIC_REPRESENTATION_CONTEXT() REPRESENTATION_CONTEXT('2D SPACE',''
  ) );
#6337 = PCURVE('',#2986,#6338);
#6338 = DEFINITIONAL_REPRESENTATION('',(#6339),#6343);
#6339 = LINE('',#6340,#6341);
#6340 = CARTESIAN_POINT('',(-6.28318530718,-4.5));
#6341 = VECTOR('',#6342,1.);
#6342 = DIRECTION('',(1.,-0.));
#6343 = ( GEOMETRIC_REPRESENTATION_CONTEXT(2) 
PARAMETRIC_REPRESENTATION_CONTEXT() REPRESENTATION_CONTEXT('2D SPACE',''
  ) );
#6344 = FACE_BOUND('',#6345,.T.);
#6345 = EDGE_LOOP('',(#6346));
#6346 = ORIENTED_EDGE('',*,*,#6347,.T.);
#6347 = EDGE_CURVE('',#6348,#6348,#6350,.T.);
#6348 = VERTEX_POINT('',#6349);
#6349 = CARTESIAN_POINT('',(32.05,20.,4.));
#6350 = SURFACE_CURVE('',#6351,(#6356,#6367),.PCURVE_S1.);
#6351 = CIRCLE('',#6352,1.3);
#6352 = AXIS2_PLACEMENT_3D('',#6353,#6354,#6355);
#6353 = CARTESIAN_POINT('',(30.75,20.,4.));
#6354 = DIRECTION('',(0.,0.,-1.));
#6355 = DIRECTION('',(1.,0.,0.));
#6356 = PCURVE('',#100,#6357);
#6357 = DEFINITIONAL_REPRESENTATION('',(#6358),#6366);
#6358 = ( BOUNDED_CURVE() B_SPLINE_CURVE(2,(#6359,#6360,#6361,#6362,
#6363,#6364,#6365),.UNSPECIFIED.,.T.,.F.) B_SPLINE_CURVE_WITH_KNOTS((1,2
    ,2,2,2,1),(-2.094395102393,0.,2.094395102393,4.188790204786,
6.28318530718,8.377580409573),.UNSPECIFIED.) CURVE() 
GEOMETRIC_REPRESENTATION_ITEM() RATIONAL_B_SPLINE_CURVE((1.,0.5,1.,0.5,
1.,0.5,1.)) REPRESENTATION_ITEM('') );
#6359 = CARTESIAN_POINT('',(21.3,20.));
#6360 = CARTESIAN_POINT('',(21.3,17.74833395016));
#6361 = CARTESIAN_POINT('',(19.35,18.87416697508));
#6362 = CARTESIAN_POINT('',(17.4,20.));
#6363 = CARTESIAN_POINT('',(19.35,21.12583302492));
#6364 = CARTESIAN_POINT('',(21.3,22.25166604984));
#6365 = CARTESIAN_POINT('',(21.3,20.));
#6366 = ( GEOMETRIC_REPRESENTATION_CONTEXT(2) 
PARAMETRIC_REPRESENTATION_CONTEXT() REPRESENTATION_CONTEXT('2D SPACE',''
  ) );
#6367 = PCURVE('',#3021,#6368);
#6368 = DEFINITIONAL_REPRESENTATION('',(#6369),#6373);
#6369 = LINE('',#6370,#6371);
#6370 = CARTESIAN_POINT('',(-6.28318530718,-4.5));
#6371 = VECTOR('',#6372,1.);
#6372 = DIRECTION('',(1.,-0.));
#6373 = ( GEOMETRIC_REPRESENTATION_CONTEXT(2) 
PARAMETRIC_REPRESENTATION_CONTEXT() REPRESENTATION_CONTEXT('2D SPACE',''
  ) );
#6374 = FACE_BOUND('',#6375,.T.);
#6375 = EDGE_LOOP('',(#6376));
#6376 = ORIENTED_EDGE('',*,*,#6377,.T.);
#6377 = EDGE_CURVE('',#6378,#6378,#6380,.T.);
#6378 = VERTEX_POINT('',#6379);
#6379 = CARTESIAN_POINT('',(12.05,25.,4.));
#6380 = SURFACE_CURVE('',#6381,(#6386,#6397),.PCURVE_S1.);
#6381 = CIRCLE('',#6382,1.3);
#6382 = AXIS2_PLACEMENT_3D('',#6383,#6384,#6385);
#6383 = CARTESIAN_POINT('',(10.75,25.,4.));
#6384 = DIRECTION('',(0.,0.,-1.));
#6385 = DIRECTION('',(1.,0.,0.));
#6386 = PCURVE('',#100,#6387);
#6387 = DEFINITIONAL_REPRESENTATION('',(#6388),#6396);
#6388 = ( BOUNDED_CURVE() B_SPLINE_CURVE(2,(#6389,#6390,#6391,#6392,
#6393,#6394,#6395),.UNSPECIFIED.,.T.,.F.) B_SPLINE_CURVE_WITH_KNOTS((1,2
    ,2,2,2,1),(-2.094395102393,0.,2.094395102393,4.188790204786,
6.28318530718,8.377580409573),.UNSPECIFIED.) CURVE() 
GEOMETRIC_REPRESENTATION_ITEM() RATIONAL_B_SPLINE_CURVE((1.,0.5,1.,0.5,
1.,0.5,1.)) REPRESENTATION_ITEM('') );
#6389 = CARTESIAN_POINT('',(1.3,25.));
#6390 = CARTESIAN_POINT('',(1.3,22.74833395016));
#6391 = CARTESIAN_POINT('',(-0.65,23.87416697508));
#6392 = CARTESIAN_POINT('',(-2.6,25.));
#6393 = CARTESIAN_POINT('',(-0.65,26.12583302492));
#6394 = CARTESIAN_POINT('',(1.3,27.25166604984));
#6395 = CARTESIAN_POINT('',(1.3,25.));
#6396 = ( GEOMETRIC_REPRESENTATION_CONTEXT(2) 
PARAMETRIC_REPRESENTATION_CONTEXT() REPRESENTATION_CONTEXT('2D SPACE',''
  ) );
#6397 = PCURVE('',#2881,#6398);
#6398 = DEFINITIONAL_REPRESENTATION('',(#6399),#6403);
#6399 = LINE('',#6400,#6401);
#6400 = CARTESIAN_POINT('',(-6.28318530718,-4.5));
#6401 = VECTOR('',#6402,1.);
#6402 = DIRECTION('',(1.,-0.));
#6403 = ( GEOMETRIC_REPRESENTATION_CONTEXT(2) 
PARAMETRIC_REPRESENTATION_CONTEXT() REPRESENTATION_CONTEXT('2D SPACE',''
  ) );
#6404 = FACE_BOUND('',#6405,.T.);
#6405 = EDGE_LOOP('',(#6406));
#6406 = ORIENTED_EDGE('',*,*,#6407,.T.);
#6407 = EDGE_CURVE('',#6408,#6408,#6410,.T.);
#6408 = VERTEX_POINT('',#6409);
#6409 = CARTESIAN_POINT('',(17.05,25.,4.));
#6410 = SURFACE_CURVE('',#6411,(#6416,#6427),.PCURVE_S1.);
#6411 = CIRCLE('',#6412,1.3);
#6412 = AXIS2_PLACEMENT_3D('',#6413,#6414,#6415);
#6413 = CARTESIAN_POINT('',(15.75,25.,4.));
#6414 = DIRECTION('',(0.,0.,-1.));
#6415 = DIRECTION('',(1.,0.,0.));
#6416 = PCURVE('',#100,#6417);
#6417 = DEFINITIONAL_REPRESENTATION('',(#6418),#6426);
#6418 = ( BOUNDED_CURVE() B_SPLINE_CURVE(2,(#6419,#6420,#6421,#6422,
#6423,#6424,#6425),.UNSPECIFIED.,.T.,.F.) B_SPLINE_CURVE_WITH_KNOTS((1,2
    ,2,2,2,1),(-2.094395102393,0.,2.094395102393,4.188790204786,
6.28318530718,8.377580409573),.UNSPECIFIED.) CURVE() 
GEOMETRIC_REPRESENTATION_ITEM() RATIONAL_B_SPLINE_CURVE((1.,0.5,1.,0.5,
1.,0.5,1.)) REPRESENTATION_ITEM('') );
#6419 = CARTESIAN_POINT('',(6.3,25.));
#6420 = CARTESIAN_POINT('',(6.3,22.74833395016));
#6421 = CARTESIAN_POINT('',(4.35,23.87416697508));
#6422 = CARTESIAN_POINT('',(2.4,25.));
#6423 = CARTESIAN_POINT('',(4.35,26.12583302492));
#6424 = CARTESIAN_POINT('',(6.3,27.25166604984));
#6425 = CARTESIAN_POINT('',(6.3,25.));
#6426 = ( GEOMETRIC_REPRESENTATION_CONTEXT(2) 
PARAMETRIC_REPRESENTATION_CONTEXT() REPRESENTATION_CONTEXT('2D SPACE',''
  ) );
#6427 = PCURVE('',#2916,#6428);
#6428 = DEFINITIONAL_REPRESENTATION('',(#6429),#6433);
#6429 = LINE('',#6430,#6431);
#6430 = CARTESIAN_POINT('',(-6.28318530718,-4.5));
#6431 = VECTOR('',#6432,1.);
#6432 = DIRECTION('',(1.,-0.));
#6433 = ( GEOMETRIC_REPRESENTATION_CONTEXT(2) 
PARAMETRIC_REPRESENTATION_CONTEXT() REPRESENTATION_CONTEXT('2D SPACE',''
  ) );
#6434 = FACE_BOUND('',#6435,.T.);
#6435 = EDGE_LOOP('',(#6436));
#6436 = ORIENTED_EDGE('',*,*,#6437,.T.);
#6437 = EDGE_CURVE('',#6438,#6438,#6440,.T.);
#6438 = VERTEX_POINT('',#6439);
#6439 = CARTESIAN_POINT('',(22.05,25.,4.));
#6440 = SURFACE_CURVE('',#6441,(#6446,#6457),.PCURVE_S1.);
#6441 = CIRCLE('',#6442,1.3);
#6442 = AXIS2_PLACEMENT_3D('',#6443,#6444,#6445);
#6443 = CARTESIAN_POINT('',(20.75,25.,4.));
#6444 = DIRECTION('',(0.,0.,-1.));
#6445 = DIRECTION('',(1.,0.,0.));
#6446 = PCURVE('',#100,#6447);
#6447 = DEFINITIONAL_REPRESENTATION('',(#6448),#6456);
#6448 = ( BOUNDED_CURVE() B_SPLINE_CURVE(2,(#6449,#6450,#6451,#6452,
#6453,#6454,#6455),.UNSPECIFIED.,.T.,.F.) B_SPLINE_CURVE_WITH_KNOTS((1,2
    ,2,2,2,1),(-2.094395102393,0.,2.094395102393,4.188790204786,
6.28318530718,8.377580409573),.UNSPECIFIED.) CURVE() 
GEOMETRIC_REPRESENTATION_ITEM() RATIONAL_B_SPLINE_CURVE((1.,0.5,1.,0.5,
1.,0.5,1.)) REPRESENTATION_ITEM('') );
#6449 = CARTESIAN_POINT('',(11.3,25.));
#6450 = CARTESIAN_POINT('',(11.3,22.74833395016));
#6451 = CARTESIAN_POINT('',(9.35,23.87416697508));
#6452 = CARTESIAN_POINT('',(7.4,25.));
#6453 = CARTESIAN_POINT('',(9.35,26.12583302492));
#6454 = CARTESIAN_POINT('',(11.3,27.25166604984));
#6455 = CARTESIAN_POINT('',(11.3,25.));
#6456 = ( GEOMETRIC_REPRESENTATION_CONTEXT(2) 
PARAMETRIC_REPRESENTATION_CONTEXT() REPRESENTATION_CONTEXT('2D SPACE',''
  ) );
#6457 = PCURVE('',#2951,#6458);
#6458 = DEFINITIONAL_REPRESENTATION('',(#6459),#6463);
#6459 = LINE('',#6460,#6461);
#6460 = CARTESIAN_POINT('',(-6.28318530718,-4.5));
#6461 = VECTOR('',#6462,1.);
#6462 = DIRECTION('',(1.,-0.));
#6463 = ( GEOMETRIC_REPRESENTATION_CONTEXT(2) 
PARAMETRIC_REPRESENTATION_CONTEXT() REPRESENTATION_CONTEXT('2D SPACE',''
  ) );
#6464 = FACE_BOUND('',#6465,.T.);
#6465 = EDGE_LOOP('',(#6466));
#6466 = ORIENTED_EDGE('',*,*,#6467,.T.);
#6467 = EDGE_CURVE('',#6468,#6468,#6470,.T.);
#6468 = VERTEX_POINT('',#6469);
#6469 = CARTESIAN_POINT('',(27.05,25.,4.));
#6470 = SURFACE_CURVE('',#6471,(#6476,#6487),.PCURVE_S1.);
#6471 = CIRCLE('',#6472,1.3);
#6472 = AXIS2_PLACEMENT_3D('',#6473,#6474,#6475);
#6473 = CARTESIAN_POINT('',(25.75,25.,4.));
#6474 = DIRECTION('',(0.,0.,-1.));
#6475 = DIRECTION('',(1.,0.,0.));
#6476 = PCURVE('',#100,#6477);
#6477 = DEFINITIONAL_REPRESENTATION('',(#6478),#6486);
#6478 = ( BOUNDED_CURVE() B_SPLINE_CURVE(2,(#6479,#6480,#6481,#6482,
#6483,#6484,#6485),.UNSPECIFIED.,.T.,.F.) B_SPLINE_CURVE_WITH_KNOTS((1,2
    ,2,2,2,1),(-2.094395102393,0.,2.094395102393,4.188790204786,
6.28318530718,8.377580409573),.UNSPECIFIED.) CURVE() 
GEOMETRIC_REPRESENTATION_ITEM() RATIONAL_B_SPLINE_CURVE((1.,0.5,1.,0.5,
1.,0.5,1.)) REPRESENTATION_ITEM('') );
#6479 = CARTESIAN_POINT('',(16.3,25.));
#6480 = CARTESIAN_POINT('',(16.3,22.74833395016));
#6481 = CARTESIAN_POINT('',(14.35,23.87416697508));
#6482 = CARTESIAN_POINT('',(12.4,25.));
#6483 = CARTESIAN_POINT('',(14.35,26.12583302492));
#6484 = CARTESIAN_POINT('',(16.3,27.25166604984));
#6485 = CARTESIAN_POINT('',(16.3,25.));
#6486 = ( GEOMETRIC_REPRESENTATION_CONTEXT(2) 
PARAMETRIC_REPRESENTATION_CONTEXT() REPRESENTATION_CONTEXT('2D SPACE',''
  ) );
#6487 = PCURVE('',#3056,#6488);
#6488 = DEFINITIONAL_REPRESENTATION('',(#6489),#6493);
#6489 = LINE('',#6490,#6491);
#6490 = CARTESIAN_POINT('',(-6.28318530718,-4.5));
#6491 = VECTOR('',#6492,1.);
#6492 = DIRECTION('',(1.,-0.));
#6493 = ( GEOMETRIC_REPRESENTATION_CONTEXT(2) 
PARAMETRIC_REPRESENTATION_CONTEXT() REPRESENTATION_CONTEXT('2D SPACE',''
  ) );
#6494 = FACE_BOUND('',#6495,.T.);
#6495 = EDGE_LOOP('',(#6496));
#6496 = ORIENTED_EDGE('',*,*,#6497,.T.);
#6497 = EDGE_CURVE('',#6498,#6498,#6500,.T.);
#6498 = VERTEX_POINT('',#6499);
#6499 = CARTESIAN_POINT('',(32.05,25.,4.));
#6500 = SURFACE_CURVE('',#6501,(#6506,#6517),.PCURVE_S1.);
#6501 = CIRCLE('',#6502,1.3);
#6502 = AXIS2_PLACEMENT_3D('',#6503,#6504,#6505);
#6503 = CARTESIAN_POINT('',(30.75,25.,4.));
#6504 = DIRECTION('',(0.,0.,-1.));
#6505 = DIRECTION('',(1.,0.,0.));
#6506 = PCURVE('',#100,#6507);
#6507 = DEFINITIONAL_REPRESENTATION('',(#6508),#6516);
#6508 = ( BOUNDED_CURVE() B_SPLINE_CURVE(2,(#6509,#6510,#6511,#6512,
#6513,#6514,#6515),.UNSPECIFIED.,.T.,.F.) B_SPLINE_CURVE_WITH_KNOTS((1,2
    ,2,2,2,1),(-2.094395102393,0.,2.094395102393,4.188790204786,
6.28318530718,8.377580409573),.UNSPECIFIED.) CURVE() 
GEOMETRIC_REPRESENTATION_ITEM() RATIONAL_B_SPLINE_CURVE((1.,0.5,1.,0.5,
1.,0.5,1.)) REPRESENTATION_ITEM('') );
#6509 = CARTESIAN_POINT('',(21.3,25.));
#6510 = CARTESIAN_POINT('',(21.3,22.74833395016));
#6511 = CARTESIAN_POINT('',(19.35,23.87416697508));
#6512 = CARTESIAN_POINT('',(17.4,25.));
#6513 = CARTESIAN_POINT('',(19.35,26.12583302492));
#6514 = CARTESIAN_POINT('',(21.3,27.25166604984));
#6515 = CARTESIAN_POINT('',(21.3,25.));
#6516 = ( GEOMETRIC_REPRESENTATION_CONTEXT(2) 
PARAMETRIC_REPRESENTATION_CONTEXT() REPRESENTATION_CONTEXT('2D SPACE',''
  ) );
#6517 = PCURVE('',#3091,#6518);
#6518 = DEFINITIONAL_REPRESENTATION('',(#6519),#6523);
#6519 = LINE('',#6520,#6521);
#6520 = CARTESIAN_POINT('',(-6.28318530718,-4.5));
#6521 = VECTOR('',#6522,1.);
#6522 = DIRECTION('',(1.,-0.));
#6523 = ( GEOMETRIC_REPRESENTATION_CONTEXT(2) 
PARAMETRIC_REPRESENTATION_CONTEXT() REPRESENTATION_CONTEXT('2D SPACE',''
  ) );
#6524 = FACE_BOUND('',#6525,.T.);
#6525 = EDGE_LOOP('',(#6526));
#6526 = ORIENTED_EDGE('',*,*,#6527,.T.);
#6527 = EDGE_CURVE('',#6528,#6528,#6530,.T.);
#6528 = VERTEX_POINT('',#6529);
#6529 = CARTESIAN_POINT('',(37.05,20.,4.));
#6530 = SURFACE_CURVE('',#6531,(#6536,#6547),.PCURVE_S1.);
#6531 = CIRCLE('',#6532,1.3);
#6532 = AXIS2_PLACEMENT_3D('',#6533,#6534,#6535);
#6533 = CARTESIAN_POINT('',(35.75,20.,4.));
#6534 = DIRECTION('',(0.,0.,-1.));
#6535 = DIRECTION('',(1.,0.,0.));
#6536 = PCURVE('',#100,#6537);
#6537 = DEFINITIONAL_REPRESENTATION('',(#6538),#6546);
#6538 = ( BOUNDED_CURVE() B_SPLINE_CURVE(2,(#6539,#6540,#6541,#6542,
#6543,#6544,#6545),.UNSPECIFIED.,.T.,.F.) B_SPLINE_CURVE_WITH_KNOTS((1,2
    ,2,2,2,1),(-2.094395102393,0.,2.094395102393,4.188790204786,
6.28318530718,8.377580409573),.UNSPECIFIED.) CURVE() 
GEOMETRIC_REPRESENTATION_ITEM() RATIONAL_B_SPLINE_CURVE((1.,0.5,1.,0.5,
1.,0.5,1.)) REPRESENTATION_ITEM('') );
#6539 = CARTESIAN_POINT('',(26.3,20.));
#6540 = CARTESIAN_POINT('',(26.3,17.74833395016));
#6541 = CARTESIAN_POINT('',(24.35,18.87416697508));
#6542 = CARTESIAN_POINT('',(22.4,20.));
#6543 = CARTESIAN_POINT('',(24.35,21.12583302492));
#6544 = CARTESIAN_POINT('',(26.3,22.25166604984));
#6545 = CARTESIAN_POINT('',(26.3,20.));
#6546 = ( GEOMETRIC_REPRESENTATION_CONTEXT(2) 
PARAMETRIC_REPRESENTATION_CONTEXT() REPRESENTATION_CONTEXT('2D SPACE',''
  ) );
#6547 = PCURVE('',#3266,#6548);
#6548 = DEFINITIONAL_REPRESENTATION('',(#6549),#6553);
#6549 = LINE('',#6550,#6551);
#6550 = CARTESIAN_POINT('',(-6.28318530718,-4.5));
#6551 = VECTOR('',#6552,1.);
#6552 = DIRECTION('',(1.,-0.));
#6553 = ( GEOMETRIC_REPRESENTATION_CONTEXT(2) 
PARAMETRIC_REPRESENTATION_CONTEXT() REPRESENTATION_CONTEXT('2D SPACE',''
  ) );
#6554 = FACE_BOUND('',#6555,.T.);
#6555 = EDGE_LOOP('',(#6556));
#6556 = ORIENTED_EDGE('',*,*,#6557,.T.);
#6557 = EDGE_CURVE('',#6558,#6558,#6560,.T.);
#6558 = VERTEX_POINT('',#6559);
#6559 = CARTESIAN_POINT('',(42.05,20.,4.));
#6560 = SURFACE_CURVE('',#6561,(#6566,#6577),.PCURVE_S1.);
#6561 = CIRCLE('',#6562,1.3);
#6562 = AXIS2_PLACEMENT_3D('',#6563,#6564,#6565);
#6563 = CARTESIAN_POINT('',(40.75,20.,4.));
#6564 = DIRECTION('',(0.,0.,-1.));
#6565 = DIRECTION('',(1.,0.,0.));
#6566 = PCURVE('',#100,#6567);
#6567 = DEFINITIONAL_REPRESENTATION('',(#6568),#6576);
#6568 = ( BOUNDED_CURVE() B_SPLINE_CURVE(2,(#6569,#6570,#6571,#6572,
#6573,#6574,#6575),.UNSPECIFIED.,.T.,.F.) B_SPLINE_CURVE_WITH_KNOTS((1,2
    ,2,2,2,1),(-2.094395102393,0.,2.094395102393,4.188790204786,
6.28318530718,8.377580409573),.UNSPECIFIED.) CURVE() 
GEOMETRIC_REPRESENTATION_ITEM() RATIONAL_B_SPLINE_CURVE((1.,0.5,1.,0.5,
1.,0.5,1.)) REPRESENTATION_ITEM('') );
#6569 = CARTESIAN_POINT('',(31.3,20.));
#6570 = CARTESIAN_POINT('',(31.3,17.74833395016));
#6571 = CARTESIAN_POINT('',(29.35,18.87416697508));
#6572 = CARTESIAN_POINT('',(27.4,20.));
#6573 = CARTESIAN_POINT('',(29.35,21.12583302492));
#6574 = CARTESIAN_POINT('',(31.3,22.25166604984));
#6575 = CARTESIAN_POINT('',(31.3,20.));
#6576 = ( GEOMETRIC_REPRESENTATION_CONTEXT(2) 
PARAMETRIC_REPRESENTATION_CONTEXT() REPRESENTATION_CONTEXT('2D SPACE',''
  ) );
#6577 = PCURVE('',#3301,#6578);
#6578 = DEFINITIONAL_REPRESENTATION('',(#6579),#6583);
#6579 = LINE('',#6580,#6581);
#6580 = CARTESIAN_POINT('',(-6.28318530718,-4.5));
#6581 = VECTOR('',#6582,1.);
#6582 = DIRECTION('',(1.,-0.));
#6583 = ( GEOMETRIC_REPRESENTATION_CONTEXT(2) 
PARAMETRIC_REPRESENTATION_CONTEXT() REPRESENTATION_CONTEXT('2D SPACE',''
  ) );
#6584 = FACE_BOUND('',#6585,.T.);
#6585 = EDGE_LOOP('',(#6586));
#6586 = ORIENTED_EDGE('',*,*,#6587,.T.);
#6587 = EDGE_CURVE('',#6588,#6588,#6590,.T.);
#6588 = VERTEX_POINT('',#6589);
#6589 = CARTESIAN_POINT('',(47.05,20.,4.));
#6590 = SURFACE_CURVE('',#6591,(#6596,#6607),.PCURVE_S1.);
#6591 = CIRCLE('',#6592,1.3);
#6592 = AXIS2_PLACEMENT_3D('',#6593,#6594,#6595);
#6593 = CARTESIAN_POINT('',(45.75,20.,4.));
#6594 = DIRECTION('',(0.,0.,-1.));
#6595 = DIRECTION('',(1.,0.,0.));
#6596 = PCURVE('',#100,#6597);
#6597 = DEFINITIONAL_REPRESENTATION('',(#6598),#6606);
#6598 = ( BOUNDED_CURVE() B_SPLINE_CURVE(2,(#6599,#6600,#6601,#6602,
#6603,#6604,#6605),.UNSPECIFIED.,.T.,.F.) B_SPLINE_CURVE_WITH_KNOTS((1,2
    ,2,2,2,1),(-2.094395102393,0.,2.094395102393,4.188790204786,
6.28318530718,8.377580409573),.UNSPECIFIED.) CURVE() 
GEOMETRIC_REPRESENTATION_ITEM() RATIONAL_B_SPLINE_CURVE((1.,0.5,1.,0.5,
1.,0.5,1.)) REPRESENTATION_ITEM('') );
#6599 = CARTESIAN_POINT('',(36.3,20.));
#6600 = CARTESIAN_POINT('',(36.3,17.74833395016));
#6601 = CARTESIAN_POINT('',(34.35,18.87416697508));
#6602 = CARTESIAN_POINT('',(32.4,20.));
#6603 = CARTESIAN_POINT('',(34.35,21.12583302492));
#6604 = CARTESIAN_POINT('',(36.3,22.25166604984));
#6605 = CARTESIAN_POINT('',(36.3,20.));
#6606 = ( GEOMETRIC_REPRESENTATION_CONTEXT(2) 
PARAMETRIC_REPRESENTATION_CONTEXT() REPRESENTATION_CONTEXT('2D SPACE',''
  ) );
#6607 = PCURVE('',#3406,#6608);
#6608 = DEFINITIONAL_REPRESENTATION('',(#6609),#6613);
#6609 = LINE('',#6610,#6611);
#6610 = CARTESIAN_POINT('',(-6.28318530718,-4.5));
#6611 = VECTOR('',#6612,1.);
#6612 = DIRECTION('',(1.,-0.));
#6613 = ( GEOMETRIC_REPRESENTATION_CONTEXT(2) 
PARAMETRIC_REPRESENTATION_CONTEXT() REPRESENTATION_CONTEXT('2D SPACE',''
  ) );
#6614 = FACE_BOUND('',#6615,.T.);
#6615 = EDGE_LOOP('',(#6616));
#6616 = ORIENTED_EDGE('',*,*,#6617,.T.);
#6617 = EDGE_CURVE('',#6618,#6618,#6620,.T.);
#6618 = VERTEX_POINT('',#6619);
#6619 = CARTESIAN_POINT('',(37.05,25.,4.));
#6620 = SURFACE_CURVE('',#6621,(#6626,#6637),.PCURVE_S1.);
#6621 = CIRCLE('',#6622,1.3);
#6622 = AXIS2_PLACEMENT_3D('',#6623,#6624,#6625);
#6623 = CARTESIAN_POINT('',(35.75,25.,4.));
#6624 = DIRECTION('',(0.,0.,-1.));
#6625 = DIRECTION('',(1.,0.,0.));
#6626 = PCURVE('',#100,#6627);
#6627 = DEFINITIONAL_REPRESENTATION('',(#6628),#6636);
#6628 = ( BOUNDED_CURVE() B_SPLINE_CURVE(2,(#6629,#6630,#6631,#6632,
#6633,#6634,#6635),.UNSPECIFIED.,.T.,.F.) B_SPLINE_CURVE_WITH_KNOTS((1,2
    ,2,2,2,1),(-2.094395102393,0.,2.094395102393,4.188790204786,
6.28318530718,8.377580409573),.UNSPECIFIED.) CURVE() 
GEOMETRIC_REPRESENTATION_ITEM() RATIONAL_B_SPLINE_CURVE((1.,0.5,1.,0.5,
1.,0.5,1.)) REPRESENTATION_ITEM('') );
#6629 = CARTESIAN_POINT('',(26.3,25.));
#6630 = CARTESIAN_POINT('',(26.3,22.74833395016));
#6631 = CARTESIAN_POINT('',(24.35,23.87416697508));
#6632 = CARTESIAN_POINT('',(22.4,25.));
#6633 = CARTESIAN_POINT('',(24.35,26.12583302492));
#6634 = CARTESIAN_POINT('',(26.3,27.25166604984));
#6635 = CARTESIAN_POINT('',(26.3,25.));
#6636 = ( GEOMETRIC_REPRESENTATION_CONTEXT(2) 
PARAMETRIC_REPRESENTATION_CONTEXT() REPRESENTATION_CONTEXT('2D SPACE',''
  ) );
#6637 = PCURVE('',#3336,#6638);
#6638 = DEFINITIONAL_REPRESENTATION('',(#6639),#6643);
#6639 = LINE('',#6640,#6641);
#6640 = CARTESIAN_POINT('',(-6.28318530718,-4.5));
#6641 = VECTOR('',#6642,1.);
#6642 = DIRECTION('',(1.,-0.));
#6643 = ( GEOMETRIC_REPRESENTATION_CONTEXT(2) 
PARAMETRIC_REPRESENTATION_CONTEXT() REPRESENTATION_CONTEXT('2D SPACE',''
  ) );
#6644 = FACE_BOUND('',#6645,.T.);
#6645 = EDGE_LOOP('',(#6646));
#6646 = ORIENTED_EDGE('',*,*,#6647,.T.);
#6647 = EDGE_CURVE('',#6648,#6648,#6650,.T.);
#6648 = VERTEX_POINT('',#6649);
#6649 = CARTESIAN_POINT('',(42.05,25.,4.));
#6650 = SURFACE_CURVE('',#6651,(#6656,#6667),.PCURVE_S1.);
#6651 = CIRCLE('',#6652,1.3);
#6652 = AXIS2_PLACEMENT_3D('',#6653,#6654,#6655);
#6653 = CARTESIAN_POINT('',(40.75,25.,4.));
#6654 = DIRECTION('',(0.,0.,-1.));
#6655 = DIRECTION('',(1.,0.,0.));
#6656 = PCURVE('',#100,#6657);
#6657 = DEFINITIONAL_REPRESENTATION('',(#6658),#6666);
#6658 = ( BOUNDED_CURVE() B_SPLINE_CURVE(2,(#6659,#6660,#6661,#6662,
#6663,#6664,#6665),.UNSPECIFIED.,.T.,.F.) B_SPLINE_CURVE_WITH_KNOTS((1,2
    ,2,2,2,1),(-2.094395102393,0.,2.094395102393,4.188790204786,
6.28318530718,8.377580409573),.UNSPECIFIED.) CURVE() 
GEOMETRIC_REPRESENTATION_ITEM() RATIONAL_B_SPLINE_CURVE((1.,0.5,1.,0.5,
1.,0.5,1.)) REPRESENTATION_ITEM('') );
#6659 = CARTESIAN_POINT('',(31.3,25.));
#6660 = CARTESIAN_POINT('',(31.3,22.74833395016));
#6661 = CARTESIAN_POINT('',(29.35,23.87416697508));
#6662 = CARTESIAN_POINT('',(27.4,25.));
#6663 = CARTESIAN_POINT('',(29.35,26.12583302492));
#6664 = CARTESIAN_POINT('',(31.3,27.25166604984));
#6665 = CARTESIAN_POINT('',(31.3,25.));
#6666 = ( GEOMETRIC_REPRESENTATION_CONTEXT(2) 
PARAMETRIC_REPRESENTATION_CONTEXT() REPRESENTATION_CONTEXT('2D SPACE',''
  ) );
#6667 = PCURVE('',#3371,#6668);
#6668 = DEFINITIONAL_REPRESENTATION('',(#6669),#6673);
#6669 = LINE('',#6670,#6671);
#6670 = CARTESIAN_POINT('',(-6.28318530718,-4.5));
#6671 = VECTOR('',#6672,1.);
#6672 = DIRECTION('',(1.,-0.));
#6673 = ( GEOMETRIC_REPRESENTATION_CONTEXT(2) 
PARAMETRIC_REPRESENTATION_CONTEXT() REPRESENTATION_CONTEXT('2D SPACE',''
  ) );
#6674 = FACE_BOUND('',#6675,.T.);
#6675 = EDGE_LOOP('',(#6676));
#6676 = ORIENTED_EDGE('',*,*,#6677,.F.);
#6677 = EDGE_CURVE('',#6678,#6678,#6680,.T.);
#6678 = VERTEX_POINT('',#6679);
#6679 = CARTESIAN_POINT('',(57.33,24.625,4.));
#6680 = SURFACE_CURVE('',#6681,(#6686,#6693),.PCURVE_S1.);
#6681 = CIRCLE('',#6682,4.75);
#6682 = AXIS2_PLACEMENT_3D('',#6683,#6684,#6685);
#6683 = CARTESIAN_POINT('',(52.58,24.625,4.));
#6684 = DIRECTION('',(0.,0.,1.));
#6685 = DIRECTION('',(1.,0.,0.));
#6686 = PCURVE('',#100,#6687);
#6687 = DEFINITIONAL_REPRESENTATION('',(#6688),#6692);
#6688 = CIRCLE('',#6689,4.75);
#6689 = AXIS2_PLACEMENT_2D('',#6690,#6691);
#6690 = CARTESIAN_POINT('',(41.83,24.625));
#6691 = DIRECTION('',(1.,0.));
#6692 = ( GEOMETRIC_REPRESENTATION_CONTEXT(2) 
PARAMETRIC_REPRESENTATION_CONTEXT() REPRESENTATION_CONTEXT('2D SPACE',''
  ) );
#6693 = PCURVE('',#6694,#6699);
#6694 = CYLINDRICAL_SURFACE('',#6695,4.75);
#6695 = AXIS2_PLACEMENT_3D('',#6696,#6697,#6698);
#6696 = CARTESIAN_POINT('',(52.58,24.625,4.));
#6697 = DIRECTION('',(-0.,-0.,-1.));
#6698 = DIRECTION('',(1.,0.,0.));
#6699 = DEFINITIONAL_REPRESENTATION('',(#6700),#6704);
#6700 = LINE('',#6701,#6702);
#6701 = CARTESIAN_POINT('',(-0.,0.));
#6702 = VECTOR('',#6703,1.);
#6703 = DIRECTION('',(-1.,0.));
#6704 = ( GEOMETRIC_REPRESENTATION_CONTEXT(2) 
PARAMETRIC_REPRESENTATION_CONTEXT() REPRESENTATION_CONTEXT('2D SPACE',''
  ) );
#6705 = ADVANCED_FACE('',(#6706),#296,.F.);
#6706 = FACE_BOUND('',#6707,.F.);
#6707 = EDGE_LOOP('',(#6708,#6709,#6730,#6731));
#6708 = ORIENTED_EDGE('',*,*,#280,.F.);
#6709 = ORIENTED_EDGE('',*,*,#6710,.T.);
#6710 = EDGE_CURVE('',#252,#3598,#6711,.T.);
#6711 = SURFACE_CURVE('',#6712,(#6716,#6723),.PCURVE_S1.);
#6712 = LINE('',#6713,#6714);
#6713 = CARTESIAN_POINT('',(-39.25,26.,0.));
#6714 = VECTOR('',#6715,1.);
#6715 = DIRECTION('',(0.,0.,1.));
#6716 = PCURVE('',#296,#6717);
#6717 = DEFINITIONAL_REPRESENTATION('',(#6718),#6722);
#6718 = LINE('',#6719,#6720);
#6719 = CARTESIAN_POINT('',(4.,0.));
#6720 = VECTOR('',#6721,1.);
#6721 = DIRECTION('',(0.,-1.));
#6722 = ( GEOMETRIC_REPRESENTATION_CONTEXT(2) 
PARAMETRIC_REPRESENTATION_CONTEXT() REPRESENTATION_CONTEXT('2D SPACE',''
  ) );
#6723 = PCURVE('',#268,#6724);
#6724 = DEFINITIONAL_REPRESENTATION('',(#6725),#6729);
#6725 = LINE('',#6726,#6727);
#6726 = CARTESIAN_POINT('',(1.570796326795,0.));
#6727 = VECTOR('',#6728,1.);
#6728 = DIRECTION('',(0.,1.));
#6729 = ( GEOMETRIC_REPRESENTATION_CONTEXT(2) 
PARAMETRIC_REPRESENTATION_CONTEXT() REPRESENTATION_CONTEXT('2D SPACE',''
  ) );
#6730 = ORIENTED_EDGE('',*,*,#3621,.T.);
#6731 = ORIENTED_EDGE('',*,*,#3422,.F.);
#6732 = ADVANCED_FACE('',(#6733),#182,.F.);
#6733 = FACE_BOUND('',#6734,.F.);
#6734 = EDGE_LOOP('',(#6735,#6736,#6737,#6738));
#6735 = ORIENTED_EDGE('',*,*,#166,.F.);
#6736 = ORIENTED_EDGE('',*,*,#3476,.T.);
#6737 = ORIENTED_EDGE('',*,*,#3527,.T.);
#6738 = ORIENTED_EDGE('',*,*,#6739,.F.);
#6739 = EDGE_CURVE('',#167,#3528,#6740,.T.);
#6740 = SURFACE_CURVE('',#6741,(#6745,#6752),.PCURVE_S1.);
#6741 = LINE('',#6742,#6743);
#6742 = CARTESIAN_POINT('',(60.75,26.,0.));
#6743 = VECTOR('',#6744,1.);
#6744 = DIRECTION('',(0.,0.,1.));
#6745 = PCURVE('',#182,#6746);
#6746 = DEFINITIONAL_REPRESENTATION('',(#6747),#6751);
#6747 = LINE('',#6748,#6749);
#6748 = CARTESIAN_POINT('',(56.,0.));
#6749 = VECTOR('',#6750,1.);
#6750 = DIRECTION('',(0.,-1.));
#6751 = ( GEOMETRIC_REPRESENTATION_CONTEXT(2) 
PARAMETRIC_REPRESENTATION_CONTEXT() REPRESENTATION_CONTEXT('2D SPACE',''
  ) );
#6752 = PCURVE('',#211,#6753);
#6753 = DEFINITIONAL_REPRESENTATION('',(#6754),#6758);
#6754 = LINE('',#6755,#6756);
#6755 = CARTESIAN_POINT('',(0.,0.));
#6756 = VECTOR('',#6757,1.);
#6757 = DIRECTION('',(0.,1.));
#6758 = ( GEOMETRIC_REPRESENTATION_CONTEXT(2) 
PARAMETRIC_REPRESENTATION_CONTEXT() REPRESENTATION_CONTEXT('2D SPACE',''
  ) );
#6759 = ADVANCED_FACE('',(#6760),#268,.T.);
#6760 = FACE_BOUND('',#6761,.T.);
#6761 = EDGE_LOOP('',(#6762,#6763,#6764,#6765));
#6762 = ORIENTED_EDGE('',*,*,#251,.T.);
#6763 = ORIENTED_EDGE('',*,*,#6710,.T.);
#6764 = ORIENTED_EDGE('',*,*,#3597,.F.);
#6765 = ORIENTED_EDGE('',*,*,#6766,.F.);
#6766 = EDGE_CURVE('',#224,#3575,#6767,.T.);
#6767 = SURFACE_CURVE('',#6768,(#6772,#6779),.PCURVE_S1.);
#6768 = LINE('',#6769,#6770);
#6769 = CARTESIAN_POINT('',(-35.25,30.,0.));
#6770 = VECTOR('',#6771,1.);
#6771 = DIRECTION('',(0.,0.,1.));
#6772 = PCURVE('',#268,#6773);
#6773 = DEFINITIONAL_REPRESENTATION('',(#6774),#6778);
#6774 = LINE('',#6775,#6776);
#6775 = CARTESIAN_POINT('',(0.,0.));
#6776 = VECTOR('',#6777,1.);
#6777 = DIRECTION('',(0.,1.));
#6778 = ( GEOMETRIC_REPRESENTATION_CONTEXT(2) 
PARAMETRIC_REPRESENTATION_CONTEXT() REPRESENTATION_CONTEXT('2D SPACE',''
  ) );
#6779 = PCURVE('',#239,#6780);
#6780 = DEFINITIONAL_REPRESENTATION('',(#6781),#6785);
#6781 = LINE('',#6782,#6783);
#6782 = CARTESIAN_POINT('',(96.,0.));
#6783 = VECTOR('',#6784,1.);
#6784 = DIRECTION('',(0.,-1.));
#6785 = ( GEOMETRIC_REPRESENTATION_CONTEXT(2) 
PARAMETRIC_REPRESENTATION_CONTEXT() REPRESENTATION_CONTEXT('2D SPACE',''
  ) );
#6786 = ADVANCED_FACE('',(#6787),#211,.T.);
#6787 = FACE_BOUND('',#6788,.T.);
#6788 = EDGE_LOOP('',(#6789,#6790,#6811,#6812));
#6789 = ORIENTED_EDGE('',*,*,#194,.T.);
#6790 = ORIENTED_EDGE('',*,*,#6791,.T.);
#6791 = EDGE_CURVE('',#195,#3551,#6792,.T.);
#6792 = SURFACE_CURVE('',#6793,(#6797,#6804),.PCURVE_S1.);
#6793 = LINE('',#6794,#6795);
#6794 = CARTESIAN_POINT('',(56.75,30.,0.));
#6795 = VECTOR('',#6796,1.);
#6796 = DIRECTION('',(0.,0.,1.));
#6797 = PCURVE('',#211,#6798);
#6798 = DEFINITIONAL_REPRESENTATION('',(#6799),#6803);
#6799 = LINE('',#6800,#6801);
#6800 = CARTESIAN_POINT('',(1.570796326795,0.));
#6801 = VECTOR('',#6802,1.);
#6802 = DIRECTION('',(0.,1.));
#6803 = ( GEOMETRIC_REPRESENTATION_CONTEXT(2) 
PARAMETRIC_REPRESENTATION_CONTEXT() REPRESENTATION_CONTEXT('2D SPACE',''
  ) );
#6804 = PCURVE('',#239,#6805);
#6805 = DEFINITIONAL_REPRESENTATION('',(#6806),#6810);
#6806 = LINE('',#6807,#6808);
#6807 = CARTESIAN_POINT('',(4.,0.));
#6808 = VECTOR('',#6809,1.);
#6809 = DIRECTION('',(0.,-1.));
#6810 = ( GEOMETRIC_REPRESENTATION_CONTEXT(2) 
PARAMETRIC_REPRESENTATION_CONTEXT() REPRESENTATION_CONTEXT('2D SPACE',''
  ) );
#6811 = ORIENTED_EDGE('',*,*,#3550,.F.);
#6812 = ORIENTED_EDGE('',*,*,#6739,.F.);
#6813 = ADVANCED_FACE('',(#6814),#239,.F.);
#6814 = FACE_BOUND('',#6815,.F.);
#6815 = EDGE_LOOP('',(#6816,#6817,#6818,#6819));
#6816 = ORIENTED_EDGE('',*,*,#223,.F.);
#6817 = ORIENTED_EDGE('',*,*,#6791,.T.);
#6818 = ORIENTED_EDGE('',*,*,#3574,.T.);
#6819 = ORIENTED_EDGE('',*,*,#6766,.F.);
#6820 = ADVANCED_FACE('',(#6821),#353,.T.);
#6821 = FACE_BOUND('',#6822,.T.);
#6822 = EDGE_LOOP('',(#6823,#6824,#6845,#6846));
#6823 = ORIENTED_EDGE('',*,*,#336,.T.);
#6824 = ORIENTED_EDGE('',*,*,#6825,.T.);
#6825 = EDGE_CURVE('',#339,#3708,#6826,.T.);
#6826 = SURFACE_CURVE('',#6827,(#6831,#6838),.PCURVE_S1.);
#6827 = LINE('',#6828,#6829);
#6828 = CARTESIAN_POINT('',(-12.,-27.,-1.));
#6829 = VECTOR('',#6830,1.);
#6830 = DIRECTION('',(0.,0.,1.));
#6831 = PCURVE('',#353,#6832);
#6832 = DEFINITIONAL_REPRESENTATION('',(#6833),#6837);
#6833 = LINE('',#6834,#6835);
#6834 = CARTESIAN_POINT('',(0.,0.));
#6835 = VECTOR('',#6836,1.);
#6836 = DIRECTION('',(0.,-1.));
#6837 = ( GEOMETRIC_REPRESENTATION_CONTEXT(2) 
PARAMETRIC_REPRESENTATION_CONTEXT() REPRESENTATION_CONTEXT('2D SPACE',''
  ) );
#6838 = PCURVE('',#379,#6839);
#6839 = DEFINITIONAL_REPRESENTATION('',(#6840),#6844);
#6840 = LINE('',#6841,#6842);
#6841 = CARTESIAN_POINT('',(26.,0.));
#6842 = VECTOR('',#6843,1.);
#6843 = DIRECTION('',(0.,-1.));
#6844 = ( GEOMETRIC_REPRESENTATION_CONTEXT(2) 
PARAMETRIC_REPRESENTATION_CONTEXT() REPRESENTATION_CONTEXT('2D SPACE',''
  ) );
#6845 = ORIENTED_EDGE('',*,*,#3705,.F.);
#6846 = ORIENTED_EDGE('',*,*,#6847,.F.);
#6847 = EDGE_CURVE('',#337,#3706,#6848,.T.);
#6848 = SURFACE_CURVE('',#6849,(#6853,#6860),.PCURVE_S1.);
#6849 = LINE('',#6850,#6851);
#6850 = CARTESIAN_POINT('',(-12.,-22.5,-1.));
#6851 = VECTOR('',#6852,1.);
#6852 = DIRECTION('',(0.,0.,1.));
#6853 = PCURVE('',#353,#6854);
#6854 = DEFINITIONAL_REPRESENTATION('',(#6855),#6859);
#6855 = LINE('',#6856,#6857);
#6856 = CARTESIAN_POINT('',(4.5,0.));
#6857 = VECTOR('',#6858,1.);
#6858 = DIRECTION('',(0.,-1.));
#6859 = ( GEOMETRIC_REPRESENTATION_CONTEXT(2) 
PARAMETRIC_REPRESENTATION_CONTEXT() REPRESENTATION_CONTEXT('2D SPACE',''
  ) );
#6860 = PCURVE('',#429,#6861);
#6861 = DEFINITIONAL_REPRESENTATION('',(#6862),#6866);
#6862 = LINE('',#6863,#6864);
#6863 = CARTESIAN_POINT('',(0.,-0.));
#6864 = VECTOR('',#6865,1.);
#6865 = DIRECTION('',(0.,-1.));
#6866 = ( GEOMETRIC_REPRESENTATION_CONTEXT(2) 
PARAMETRIC_REPRESENTATION_CONTEXT() REPRESENTATION_CONTEXT('2D SPACE',''
  ) );
#6867 = ADVANCED_FACE('',(#6868),#429,.T.);
#6868 = FACE_BOUND('',#6869,.T.);
#6869 = EDGE_LOOP('',(#6870,#6871,#6872,#6873));
#6870 = ORIENTED_EDGE('',*,*,#416,.T.);
#6871 = ORIENTED_EDGE('',*,*,#6847,.T.);
#6872 = ORIENTED_EDGE('',*,*,#3770,.F.);
#6873 = ORIENTED_EDGE('',*,*,#6874,.F.);
#6874 = EDGE_CURVE('',#391,#3750,#6875,.T.);
#6875 = SURFACE_CURVE('',#6876,(#6880,#6887),.PCURVE_S1.);
#6876 = LINE('',#6877,#6878);
#6877 = CARTESIAN_POINT('',(-38.,-22.5,-1.));
#6878 = VECTOR('',#6879,1.);
#6879 = DIRECTION('',(0.,0.,1.));
#6880 = PCURVE('',#429,#6881);
#6881 = DEFINITIONAL_REPRESENTATION('',(#6882),#6886);
#6882 = LINE('',#6883,#6884);
#6883 = CARTESIAN_POINT('',(26.,0.));
#6884 = VECTOR('',#6885,1.);
#6885 = DIRECTION('',(0.,-1.));
#6886 = ( GEOMETRIC_REPRESENTATION_CONTEXT(2) 
PARAMETRIC_REPRESENTATION_CONTEXT() REPRESENTATION_CONTEXT('2D SPACE',''
  ) );
#6887 = PCURVE('',#405,#6888);
#6888 = DEFINITIONAL_REPRESENTATION('',(#6889),#6893);
#6889 = LINE('',#6890,#6891);
#6890 = CARTESIAN_POINT('',(0.,0.));
#6891 = VECTOR('',#6892,1.);
#6892 = DIRECTION('',(0.,-1.));
#6893 = ( GEOMETRIC_REPRESENTATION_CONTEXT(2) 
PARAMETRIC_REPRESENTATION_CONTEXT() REPRESENTATION_CONTEXT('2D SPACE',''
  ) );
#6894 = ADVANCED_FACE('',(#6895),#379,.T.);
#6895 = FACE_BOUND('',#6896,.T.);
#6896 = EDGE_LOOP('',(#6897,#6898,#6919,#6920));
#6897 = ORIENTED_EDGE('',*,*,#364,.T.);
#6898 = ORIENTED_EDGE('',*,*,#6899,.T.);
#6899 = EDGE_CURVE('',#365,#3729,#6900,.T.);
#6900 = SURFACE_CURVE('',#6901,(#6905,#6912),.PCURVE_S1.);
#6901 = LINE('',#6902,#6903);
#6902 = CARTESIAN_POINT('',(-38.,-27.,-1.));
#6903 = VECTOR('',#6904,1.);
#6904 = DIRECTION('',(0.,0.,1.));
#6905 = PCURVE('',#379,#6906);
#6906 = DEFINITIONAL_REPRESENTATION('',(#6907),#6911);
#6907 = LINE('',#6908,#6909);
#6908 = CARTESIAN_POINT('',(0.,0.));
#6909 = VECTOR('',#6910,1.);
#6910 = DIRECTION('',(0.,-1.));
#6911 = ( GEOMETRIC_REPRESENTATION_CONTEXT(2) 
PARAMETRIC_REPRESENTATION_CONTEXT() REPRESENTATION_CONTEXT('2D SPACE',''
  ) );
#6912 = PCURVE('',#405,#6913);
#6913 = DEFINITIONAL_REPRESENTATION('',(#6914),#6918);
#6914 = LINE('',#6915,#6916);
#6915 = CARTESIAN_POINT('',(4.5,0.));
#6916 = VECTOR('',#6917,1.);
#6917 = DIRECTION('',(0.,-1.));
#6918 = ( GEOMETRIC_REPRESENTATION_CONTEXT(2) 
PARAMETRIC_REPRESENTATION_CONTEXT() REPRESENTATION_CONTEXT('2D SPACE',''
  ) );
#6919 = ORIENTED_EDGE('',*,*,#3728,.F.);
#6920 = ORIENTED_EDGE('',*,*,#6825,.F.);
#6921 = ADVANCED_FACE('',(#6922),#405,.T.);
#6922 = FACE_BOUND('',#6923,.T.);
#6923 = EDGE_LOOP('',(#6924,#6925,#6926,#6927));
#6924 = ORIENTED_EDGE('',*,*,#390,.T.);
#6925 = ORIENTED_EDGE('',*,*,#6874,.T.);
#6926 = ORIENTED_EDGE('',*,*,#3749,.F.);
#6927 = ORIENTED_EDGE('',*,*,#6899,.F.);
#6928 = ADVANCED_FACE('',(#6929),#463,.F.);
#6929 = FACE_BOUND('',#6930,.T.);
#6930 = EDGE_LOOP('',(#6931,#6932,#6953,#6954));
#6931 = ORIENTED_EDGE('',*,*,#442,.T.);
#6932 = ORIENTED_EDGE('',*,*,#6933,.T.);
#6933 = EDGE_CURVE('',#443,#3646,#6934,.T.);
#6934 = SEAM_CURVE('',#6935,(#6939,#6946),.PCURVE_S1.);
#6935 = LINE('',#6936,#6937);
#6936 = CARTESIAN_POINT('',(-32.95,-20.,-0.5));
#6937 = VECTOR('',#6938,1.);
#6938 = DIRECTION('',(0.,0.,1.));
#6939 = PCURVE('',#463,#6940);
#6940 = DEFINITIONAL_REPRESENTATION('',(#6941),#6945);
#6941 = LINE('',#6942,#6943);
#6942 = CARTESIAN_POINT('',(-6.28318530718,0.));
#6943 = VECTOR('',#6944,1.);
#6944 = DIRECTION('',(-0.,-1.));
#6945 = ( GEOMETRIC_REPRESENTATION_CONTEXT(2) 
PARAMETRIC_REPRESENTATION_CONTEXT() REPRESENTATION_CONTEXT('2D SPACE',''
  ) );
#6946 = PCURVE('',#463,#6947);
#6947 = DEFINITIONAL_REPRESENTATION('',(#6948),#6952);
#6948 = LINE('',#6949,#6950);
#6949 = CARTESIAN_POINT('',(-0.,0.));
#6950 = VECTOR('',#6951,1.);
#6951 = DIRECTION('',(-0.,-1.));
#6952 = ( GEOMETRIC_REPRESENTATION_CONTEXT(2) 
PARAMETRIC_REPRESENTATION_CONTEXT() REPRESENTATION_CONTEXT('2D SPACE',''
  ) );
#6953 = ORIENTED_EDGE('',*,*,#3645,.F.);
#6954 = ORIENTED_EDGE('',*,*,#6933,.F.);
#6955 = ADVANCED_FACE('',(#6956),#498,.F.);
#6956 = FACE_BOUND('',#6957,.T.);
#6957 = EDGE_LOOP('',(#6958,#6959,#6980,#6981));
#6958 = ORIENTED_EDGE('',*,*,#477,.T.);
#6959 = ORIENTED_EDGE('',*,*,#6960,.T.);
#6960 = EDGE_CURVE('',#478,#3676,#6961,.T.);
#6961 = SEAM_CURVE('',#6962,(#6966,#6973),.PCURVE_S1.);
#6962 = LINE('',#6963,#6964);
#6963 = CARTESIAN_POINT('',(-27.95,-20.,-0.5));
#6964 = VECTOR('',#6965,1.);
#6965 = DIRECTION('',(0.,0.,1.));
#6966 = PCURVE('',#498,#6967);
#6967 = DEFINITIONAL_REPRESENTATION('',(#6968),#6972);
#6968 = LINE('',#6969,#6970);
#6969 = CARTESIAN_POINT('',(-6.28318530718,0.));
#6970 = VECTOR('',#6971,1.);
#6971 = DIRECTION('',(-0.,-1.));
#6972 = ( GEOMETRIC_REPRESENTATION_CONTEXT(2) 
PARAMETRIC_REPRESENTATION_CONTEXT() REPRESENTATION_CONTEXT('2D SPACE',''
  ) );
#6973 = PCURVE('',#498,#6974);
#6974 = DEFINITIONAL_REPRESENTATION('',(#6975),#6979);
#6975 = LINE('',#6976,#6977);
#6976 = CARTESIAN_POINT('',(-0.,0.));
#6977 = VECTOR('',#6978,1.);
#6978 = DIRECTION('',(-0.,-1.));
#6979 = ( GEOMETRIC_REPRESENTATION_CONTEXT(2) 
PARAMETRIC_REPRESENTATION_CONTEXT() REPRESENTATION_CONTEXT('2D SPACE',''
  ) );
#6980 = ORIENTED_EDGE('',*,*,#3675,.F.);
#6981 = ORIENTED_EDGE('',*,*,#6960,.F.);
#6982 = ADVANCED_FACE('',(#6983),#533,.F.);
#6983 = FACE_BOUND('',#6984,.T.);
#6984 = EDGE_LOOP('',(#6985,#6986,#7007,#7008));
#6985 = ORIENTED_EDGE('',*,*,#512,.T.);
#6986 = ORIENTED_EDGE('',*,*,#6987,.T.);
#6987 = EDGE_CURVE('',#513,#3792,#6988,.T.);
#6988 = SEAM_CURVE('',#6989,(#6993,#7000),.PCURVE_S1.);
#6989 = LINE('',#6990,#6991);
#6990 = CARTESIAN_POINT('',(-22.95,-20.,-0.5));
#6991 = VECTOR('',#6992,1.);
#6992 = DIRECTION('',(0.,0.,1.));
#6993 = PCURVE('',#533,#6994);
#6994 = DEFINITIONAL_REPRESENTATION('',(#6995),#6999);
#6995 = LINE('',#6996,#6997);
#6996 = CARTESIAN_POINT('',(-6.28318530718,0.));
#6997 = VECTOR('',#6998,1.);
#6998 = DIRECTION('',(-0.,-1.));
#6999 = ( GEOMETRIC_REPRESENTATION_CONTEXT(2) 
PARAMETRIC_REPRESENTATION_CONTEXT() REPRESENTATION_CONTEXT('2D SPACE',''
  ) );
#7000 = PCURVE('',#533,#7001);
#7001 = DEFINITIONAL_REPRESENTATION('',(#7002),#7006);
#7002 = LINE('',#7003,#7004);
#7003 = CARTESIAN_POINT('',(-0.,0.));
#7004 = VECTOR('',#7005,1.);
#7005 = DIRECTION('',(-0.,-1.));
#7006 = ( GEOMETRIC_REPRESENTATION_CONTEXT(2) 
PARAMETRIC_REPRESENTATION_CONTEXT() REPRESENTATION_CONTEXT('2D SPACE',''
  ) );
#7007 = ORIENTED_EDGE('',*,*,#3791,.F.);
#7008 = ORIENTED_EDGE('',*,*,#6987,.F.);
#7009 = ADVANCED_FACE('',(#7010),#568,.F.);
#7010 = FACE_BOUND('',#7011,.T.);
#7011 = EDGE_LOOP('',(#7012,#7013,#7034,#7035));
#7012 = ORIENTED_EDGE('',*,*,#547,.T.);
#7013 = ORIENTED_EDGE('',*,*,#7014,.T.);
#7014 = EDGE_CURVE('',#548,#3822,#7015,.T.);
#7015 = SEAM_CURVE('',#7016,(#7020,#7027),.PCURVE_S1.);
#7016 = LINE('',#7017,#7018);
#7017 = CARTESIAN_POINT('',(-17.95,-20.,-0.5));
#7018 = VECTOR('',#7019,1.);
#7019 = DIRECTION('',(0.,0.,1.));
#7020 = PCURVE('',#568,#7021);
#7021 = DEFINITIONAL_REPRESENTATION('',(#7022),#7026);
#7022 = LINE('',#7023,#7024);
#7023 = CARTESIAN_POINT('',(-6.28318530718,0.));
#7024 = VECTOR('',#7025,1.);
#7025 = DIRECTION('',(-0.,-1.));
#7026 = ( GEOMETRIC_REPRESENTATION_CONTEXT(2) 
PARAMETRIC_REPRESENTATION_CONTEXT() REPRESENTATION_CONTEXT('2D SPACE',''
  ) );
#7027 = PCURVE('',#568,#7028);
#7028 = DEFINITIONAL_REPRESENTATION('',(#7029),#7033);
#7029 = LINE('',#7030,#7031);
#7030 = CARTESIAN_POINT('',(-0.,0.));
#7031 = VECTOR('',#7032,1.);
#7032 = DIRECTION('',(-0.,-1.));
#7033 = ( GEOMETRIC_REPRESENTATION_CONTEXT(2) 
PARAMETRIC_REPRESENTATION_CONTEXT() REPRESENTATION_CONTEXT('2D SPACE',''
  ) );
#7034 = ORIENTED_EDGE('',*,*,#3821,.F.);
#7035 = ORIENTED_EDGE('',*,*,#7014,.F.);
#7036 = ADVANCED_FACE('',(#7037),#603,.F.);
#7037 = FACE_BOUND('',#7038,.T.);
#7038 = EDGE_LOOP('',(#7039,#7040,#7061,#7062));
#7039 = ORIENTED_EDGE('',*,*,#582,.T.);
#7040 = ORIENTED_EDGE('',*,*,#7041,.T.);
#7041 = EDGE_CURVE('',#583,#3852,#7042,.T.);
#7042 = SEAM_CURVE('',#7043,(#7047,#7054),.PCURVE_S1.);
#7043 = LINE('',#7044,#7045);
#7044 = CARTESIAN_POINT('',(-12.95,-20.,-0.5));
#7045 = VECTOR('',#7046,1.);
#7046 = DIRECTION('',(0.,0.,1.));
#7047 = PCURVE('',#603,#7048);
#7048 = DEFINITIONAL_REPRESENTATION('',(#7049),#7053);
#7049 = LINE('',#7050,#7051);
#7050 = CARTESIAN_POINT('',(-6.28318530718,0.));
#7051 = VECTOR('',#7052,1.);
#7052 = DIRECTION('',(-0.,-1.));
#7053 = ( GEOMETRIC_REPRESENTATION_CONTEXT(2) 
PARAMETRIC_REPRESENTATION_CONTEXT() REPRESENTATION_CONTEXT('2D SPACE',''
  ) );
#7054 = PCURVE('',#603,#7055);
#7055 = DEFINITIONAL_REPRESENTATION('',(#7056),#7060);
#7056 = LINE('',#7057,#7058);
#7057 = CARTESIAN_POINT('',(-0.,0.));
#7058 = VECTOR('',#7059,1.);
#7059 = DIRECTION('',(-0.,-1.));
#7060 = ( GEOMETRIC_REPRESENTATION_CONTEXT(2) 
PARAMETRIC_REPRESENTATION_CONTEXT() REPRESENTATION_CONTEXT('2D SPACE',''
  ) );
#7061 = ORIENTED_EDGE('',*,*,#3851,.F.);
#7062 = ORIENTED_EDGE('',*,*,#7041,.F.);
#7063 = ADVANCED_FACE('',(#7064),#638,.F.);
#7064 = FACE_BOUND('',#7065,.T.);
#7065 = EDGE_LOOP('',(#7066,#7067,#7088,#7089));
#7066 = ORIENTED_EDGE('',*,*,#617,.T.);
#7067 = ORIENTED_EDGE('',*,*,#7068,.T.);
#7068 = EDGE_CURVE('',#618,#3882,#7069,.T.);
#7069 = SEAM_CURVE('',#7070,(#7074,#7081),.PCURVE_S1.);
#7070 = LINE('',#7071,#7072);
#7071 = CARTESIAN_POINT('',(-7.95,-25.,-0.5));
#7072 = VECTOR('',#7073,1.);
#7073 = DIRECTION('',(0.,0.,1.));
#7074 = PCURVE('',#638,#7075);
#7075 = DEFINITIONAL_REPRESENTATION('',(#7076),#7080);
#7076 = LINE('',#7077,#7078);
#7077 = CARTESIAN_POINT('',(-6.28318530718,0.));
#7078 = VECTOR('',#7079,1.);
#7079 = DIRECTION('',(-0.,-1.));
#7080 = ( GEOMETRIC_REPRESENTATION_CONTEXT(2) 
PARAMETRIC_REPRESENTATION_CONTEXT() REPRESENTATION_CONTEXT('2D SPACE',''
  ) );
#7081 = PCURVE('',#638,#7082);
#7082 = DEFINITIONAL_REPRESENTATION('',(#7083),#7087);
#7083 = LINE('',#7084,#7085);
#7084 = CARTESIAN_POINT('',(-0.,0.));
#7085 = VECTOR('',#7086,1.);
#7086 = DIRECTION('',(-0.,-1.));
#7087 = ( GEOMETRIC_REPRESENTATION_CONTEXT(2) 
PARAMETRIC_REPRESENTATION_CONTEXT() REPRESENTATION_CONTEXT('2D SPACE',''
  ) );
#7088 = ORIENTED_EDGE('',*,*,#3881,.F.);
#7089 = ORIENTED_EDGE('',*,*,#7068,.F.);
#7090 = ADVANCED_FACE('',(#7091),#673,.F.);
#7091 = FACE_BOUND('',#7092,.T.);
#7092 = EDGE_LOOP('',(#7093,#7094,#7115,#7116));
#7093 = ORIENTED_EDGE('',*,*,#652,.T.);
#7094 = ORIENTED_EDGE('',*,*,#7095,.T.);
#7095 = EDGE_CURVE('',#653,#3912,#7096,.T.);
#7096 = SEAM_CURVE('',#7097,(#7101,#7108),.PCURVE_S1.);
#7097 = LINE('',#7098,#7099);
#7098 = CARTESIAN_POINT('',(-2.95,-25.,-0.5));
#7099 = VECTOR('',#7100,1.);
#7100 = DIRECTION('',(0.,0.,1.));
#7101 = PCURVE('',#673,#7102);
#7102 = DEFINITIONAL_REPRESENTATION('',(#7103),#7107);
#7103 = LINE('',#7104,#7105);
#7104 = CARTESIAN_POINT('',(-6.28318530718,0.));
#7105 = VECTOR('',#7106,1.);
#7106 = DIRECTION('',(-0.,-1.));
#7107 = ( GEOMETRIC_REPRESENTATION_CONTEXT(2) 
PARAMETRIC_REPRESENTATION_CONTEXT() REPRESENTATION_CONTEXT('2D SPACE',''
  ) );
#7108 = PCURVE('',#673,#7109);
#7109 = DEFINITIONAL_REPRESENTATION('',(#7110),#7114);
#7110 = LINE('',#7111,#7112);
#7111 = CARTESIAN_POINT('',(-0.,0.));
#7112 = VECTOR('',#7113,1.);
#7113 = DIRECTION('',(-0.,-1.));
#7114 = ( GEOMETRIC_REPRESENTATION_CONTEXT(2) 
PARAMETRIC_REPRESENTATION_CONTEXT() REPRESENTATION_CONTEXT('2D SPACE',''
  ) );
#7115 = ORIENTED_EDGE('',*,*,#3911,.F.);
#7116 = ORIENTED_EDGE('',*,*,#7095,.F.);
#7117 = ADVANCED_FACE('',(#7118),#708,.F.);
#7118 = FACE_BOUND('',#7119,.T.);
#7119 = EDGE_LOOP('',(#7120,#7121,#7142,#7143));
#7120 = ORIENTED_EDGE('',*,*,#687,.T.);
#7121 = ORIENTED_EDGE('',*,*,#7122,.T.);
#7122 = EDGE_CURVE('',#688,#4002,#7123,.T.);
#7123 = SEAM_CURVE('',#7124,(#7128,#7135),.PCURVE_S1.);
#7124 = LINE('',#7125,#7126);
#7125 = CARTESIAN_POINT('',(2.05,-25.,-0.5));
#7126 = VECTOR('',#7127,1.);
#7127 = DIRECTION('',(0.,0.,1.));
#7128 = PCURVE('',#708,#7129);
#7129 = DEFINITIONAL_REPRESENTATION('',(#7130),#7134);
#7130 = LINE('',#7131,#7132);
#7131 = CARTESIAN_POINT('',(-6.28318530718,0.));
#7132 = VECTOR('',#7133,1.);
#7133 = DIRECTION('',(-0.,-1.));
#7134 = ( GEOMETRIC_REPRESENTATION_CONTEXT(2) 
PARAMETRIC_REPRESENTATION_CONTEXT() REPRESENTATION_CONTEXT('2D SPACE',''
  ) );
#7135 = PCURVE('',#708,#7136);
#7136 = DEFINITIONAL_REPRESENTATION('',(#7137),#7141);
#7137 = LINE('',#7138,#7139);
#7138 = CARTESIAN_POINT('',(-0.,0.));
#7139 = VECTOR('',#7140,1.);
#7140 = DIRECTION('',(-0.,-1.));
#7141 = ( GEOMETRIC_REPRESENTATION_CONTEXT(2) 
PARAMETRIC_REPRESENTATION_CONTEXT() REPRESENTATION_CONTEXT('2D SPACE',''
  ) );
#7142 = ORIENTED_EDGE('',*,*,#4001,.F.);
#7143 = ORIENTED_EDGE('',*,*,#7122,.F.);
#7144 = ADVANCED_FACE('',(#7145),#743,.F.);
#7145 = FACE_BOUND('',#7146,.T.);
#7146 = EDGE_LOOP('',(#7147,#7148,#7169,#7170));
#7147 = ORIENTED_EDGE('',*,*,#722,.T.);
#7148 = ORIENTED_EDGE('',*,*,#7149,.T.);
#7149 = EDGE_CURVE('',#723,#4032,#7150,.T.);
#7150 = SEAM_CURVE('',#7151,(#7155,#7162),.PCURVE_S1.);
#7151 = LINE('',#7152,#7153);
#7152 = CARTESIAN_POINT('',(7.05,-25.,-0.5));
#7153 = VECTOR('',#7154,1.);
#7154 = DIRECTION('',(0.,0.,1.));
#7155 = PCURVE('',#743,#7156);
#7156 = DEFINITIONAL_REPRESENTATION('',(#7157),#7161);
#7157 = LINE('',#7158,#7159);
#7158 = CARTESIAN_POINT('',(-6.28318530718,0.));
#7159 = VECTOR('',#7160,1.);
#7160 = DIRECTION('',(-0.,-1.));
#7161 = ( GEOMETRIC_REPRESENTATION_CONTEXT(2) 
PARAMETRIC_REPRESENTATION_CONTEXT() REPRESENTATION_CONTEXT('2D SPACE',''
  ) );
#7162 = PCURVE('',#743,#7163);
#7163 = DEFINITIONAL_REPRESENTATION('',(#7164),#7168);
#7164 = LINE('',#7165,#7166);
#7165 = CARTESIAN_POINT('',(-0.,0.));
#7166 = VECTOR('',#7167,1.);
#7167 = DIRECTION('',(-0.,-1.));
#7168 = ( GEOMETRIC_REPRESENTATION_CONTEXT(2) 
PARAMETRIC_REPRESENTATION_CONTEXT() REPRESENTATION_CONTEXT('2D SPACE',''
  ) );
#7169 = ORIENTED_EDGE('',*,*,#4031,.F.);
#7170 = ORIENTED_EDGE('',*,*,#7149,.F.);
#7171 = ADVANCED_FACE('',(#7172),#778,.F.);
#7172 = FACE_BOUND('',#7173,.T.);
#7173 = EDGE_LOOP('',(#7174,#7175,#7196,#7197));
#7174 = ORIENTED_EDGE('',*,*,#757,.T.);
#7175 = ORIENTED_EDGE('',*,*,#7176,.T.);
#7176 = EDGE_CURVE('',#758,#3942,#7177,.T.);
#7177 = SEAM_CURVE('',#7178,(#7182,#7189),.PCURVE_S1.);
#7178 = LINE('',#7179,#7180);
#7179 = CARTESIAN_POINT('',(-7.95,-20.,-0.5));
#7180 = VECTOR('',#7181,1.);
#7181 = DIRECTION('',(0.,0.,1.));
#7182 = PCURVE('',#778,#7183);
#7183 = DEFINITIONAL_REPRESENTATION('',(#7184),#7188);
#7184 = LINE('',#7185,#7186);
#7185 = CARTESIAN_POINT('',(-6.28318530718,0.));
#7186 = VECTOR('',#7187,1.);
#7187 = DIRECTION('',(-0.,-1.));
#7188 = ( GEOMETRIC_REPRESENTATION_CONTEXT(2) 
PARAMETRIC_REPRESENTATION_CONTEXT() REPRESENTATION_CONTEXT('2D SPACE',''
  ) );
#7189 = PCURVE('',#778,#7190);
#7190 = DEFINITIONAL_REPRESENTATION('',(#7191),#7195);
#7191 = LINE('',#7192,#7193);
#7192 = CARTESIAN_POINT('',(-0.,0.));
#7193 = VECTOR('',#7194,1.);
#7194 = DIRECTION('',(-0.,-1.));
#7195 = ( GEOMETRIC_REPRESENTATION_CONTEXT(2) 
PARAMETRIC_REPRESENTATION_CONTEXT() REPRESENTATION_CONTEXT('2D SPACE',''
  ) );
#7196 = ORIENTED_EDGE('',*,*,#3941,.F.);
#7197 = ORIENTED_EDGE('',*,*,#7176,.F.);
#7198 = ADVANCED_FACE('',(#7199),#813,.F.);
#7199 = FACE_BOUND('',#7200,.T.);
#7200 = EDGE_LOOP('',(#7201,#7202,#7223,#7224));
#7201 = ORIENTED_EDGE('',*,*,#792,.T.);
#7202 = ORIENTED_EDGE('',*,*,#7203,.T.);
#7203 = EDGE_CURVE('',#793,#3972,#7204,.T.);
#7204 = SEAM_CURVE('',#7205,(#7209,#7216),.PCURVE_S1.);
#7205 = LINE('',#7206,#7207);
#7206 = CARTESIAN_POINT('',(-2.95,-20.,-0.5));
#7207 = VECTOR('',#7208,1.);
#7208 = DIRECTION('',(0.,0.,1.));
#7209 = PCURVE('',#813,#7210);
#7210 = DEFINITIONAL_REPRESENTATION('',(#7211),#7215);
#7211 = LINE('',#7212,#7213);
#7212 = CARTESIAN_POINT('',(-6.28318530718,0.));
#7213 = VECTOR('',#7214,1.);
#7214 = DIRECTION('',(-0.,-1.));
#7215 = ( GEOMETRIC_REPRESENTATION_CONTEXT(2) 
PARAMETRIC_REPRESENTATION_CONTEXT() REPRESENTATION_CONTEXT('2D SPACE',''
  ) );
#7216 = PCURVE('',#813,#7217);
#7217 = DEFINITIONAL_REPRESENTATION('',(#7218),#7222);
#7218 = LINE('',#7219,#7220);
#7219 = CARTESIAN_POINT('',(-0.,0.));
#7220 = VECTOR('',#7221,1.);
#7221 = DIRECTION('',(-0.,-1.));
#7222 = ( GEOMETRIC_REPRESENTATION_CONTEXT(2) 
PARAMETRIC_REPRESENTATION_CONTEXT() REPRESENTATION_CONTEXT('2D SPACE',''
  ) );
#7223 = ORIENTED_EDGE('',*,*,#3971,.F.);
#7224 = ORIENTED_EDGE('',*,*,#7203,.F.);
#7225 = ADVANCED_FACE('',(#7226),#848,.F.);
#7226 = FACE_BOUND('',#7227,.T.);
#7227 = EDGE_LOOP('',(#7228,#7229,#7250,#7251));
#7228 = ORIENTED_EDGE('',*,*,#827,.T.);
#7229 = ORIENTED_EDGE('',*,*,#7230,.T.);
#7230 = EDGE_CURVE('',#828,#4062,#7231,.T.);
#7231 = SEAM_CURVE('',#7232,(#7236,#7243),.PCURVE_S1.);
#7232 = LINE('',#7233,#7234);
#7233 = CARTESIAN_POINT('',(2.05,-20.,-0.5));
#7234 = VECTOR('',#7235,1.);
#7235 = DIRECTION('',(0.,0.,1.));
#7236 = PCURVE('',#848,#7237);
#7237 = DEFINITIONAL_REPRESENTATION('',(#7238),#7242);
#7238 = LINE('',#7239,#7240);
#7239 = CARTESIAN_POINT('',(-6.28318530718,0.));
#7240 = VECTOR('',#7241,1.);
#7241 = DIRECTION('',(-0.,-1.));
#7242 = ( GEOMETRIC_REPRESENTATION_CONTEXT(2) 
PARAMETRIC_REPRESENTATION_CONTEXT() REPRESENTATION_CONTEXT('2D SPACE',''
  ) );
#7243 = PCURVE('',#848,#7244);
#7244 = DEFINITIONAL_REPRESENTATION('',(#7245),#7249);
#7245 = LINE('',#7246,#7247);
#7246 = CARTESIAN_POINT('',(-0.,0.));
#7247 = VECTOR('',#7248,1.);
#7248 = DIRECTION('',(-0.,-1.));
#7249 = ( GEOMETRIC_REPRESENTATION_CONTEXT(2) 
PARAMETRIC_REPRESENTATION_CONTEXT() REPRESENTATION_CONTEXT('2D SPACE',''
  ) );
#7250 = ORIENTED_EDGE('',*,*,#4061,.F.);
#7251 = ORIENTED_EDGE('',*,*,#7230,.F.);
#7252 = ADVANCED_FACE('',(#7253),#883,.F.);
#7253 = FACE_BOUND('',#7254,.T.);
#7254 = EDGE_LOOP('',(#7255,#7256,#7277,#7278));
#7255 = ORIENTED_EDGE('',*,*,#862,.T.);
#7256 = ORIENTED_EDGE('',*,*,#7257,.T.);
#7257 = EDGE_CURVE('',#863,#4092,#7258,.T.);
#7258 = SEAM_CURVE('',#7259,(#7263,#7270),.PCURVE_S1.);
#7259 = LINE('',#7260,#7261);
#7260 = CARTESIAN_POINT('',(7.05,-20.,-0.5));
#7261 = VECTOR('',#7262,1.);
#7262 = DIRECTION('',(0.,0.,1.));
#7263 = PCURVE('',#883,#7264);
#7264 = DEFINITIONAL_REPRESENTATION('',(#7265),#7269);
#7265 = LINE('',#7266,#7267);
#7266 = CARTESIAN_POINT('',(-6.28318530718,0.));
#7267 = VECTOR('',#7268,1.);
#7268 = DIRECTION('',(-0.,-1.));
#7269 = ( GEOMETRIC_REPRESENTATION_CONTEXT(2) 
PARAMETRIC_REPRESENTATION_CONTEXT() REPRESENTATION_CONTEXT('2D SPACE',''
  ) );
#7270 = PCURVE('',#883,#7271);
#7271 = DEFINITIONAL_REPRESENTATION('',(#7272),#7276);
#7272 = LINE('',#7273,#7274);
#7273 = CARTESIAN_POINT('',(-0.,0.));
#7274 = VECTOR('',#7275,1.);
#7275 = DIRECTION('',(-0.,-1.));
#7276 = ( GEOMETRIC_REPRESENTATION_CONTEXT(2) 
PARAMETRIC_REPRESENTATION_CONTEXT() REPRESENTATION_CONTEXT('2D SPACE',''
  ) );
#7277 = ORIENTED_EDGE('',*,*,#4091,.F.);
#7278 = ORIENTED_EDGE('',*,*,#7257,.F.);
#7279 = ADVANCED_FACE('',(#7280),#918,.F.);
#7280 = FACE_BOUND('',#7281,.T.);
#7281 = EDGE_LOOP('',(#7282,#7283,#7304,#7305));
#7282 = ORIENTED_EDGE('',*,*,#897,.T.);
#7283 = ORIENTED_EDGE('',*,*,#7284,.T.);
#7284 = EDGE_CURVE('',#898,#4122,#7285,.T.);
#7285 = SEAM_CURVE('',#7286,(#7290,#7297),.PCURVE_S1.);
#7286 = LINE('',#7287,#7288);
#7287 = CARTESIAN_POINT('',(2.05,-15.,-0.5));
#7288 = VECTOR('',#7289,1.);
#7289 = DIRECTION('',(0.,0.,1.));
#7290 = PCURVE('',#918,#7291);
#7291 = DEFINITIONAL_REPRESENTATION('',(#7292),#7296);
#7292 = LINE('',#7293,#7294);
#7293 = CARTESIAN_POINT('',(-6.28318530718,0.));
#7294 = VECTOR('',#7295,1.);
#7295 = DIRECTION('',(-0.,-1.));
#7296 = ( GEOMETRIC_REPRESENTATION_CONTEXT(2) 
PARAMETRIC_REPRESENTATION_CONTEXT() REPRESENTATION_CONTEXT('2D SPACE',''
  ) );
#7297 = PCURVE('',#918,#7298);
#7298 = DEFINITIONAL_REPRESENTATION('',(#7299),#7303);
#7299 = LINE('',#7300,#7301);
#7300 = CARTESIAN_POINT('',(-0.,0.));
#7301 = VECTOR('',#7302,1.);
#7302 = DIRECTION('',(-0.,-1.));
#7303 = ( GEOMETRIC_REPRESENTATION_CONTEXT(2) 
PARAMETRIC_REPRESENTATION_CONTEXT() REPRESENTATION_CONTEXT('2D SPACE',''
  ) );
#7304 = ORIENTED_EDGE('',*,*,#4121,.F.);
#7305 = ORIENTED_EDGE('',*,*,#7284,.F.);
#7306 = ADVANCED_FACE('',(#7307),#953,.F.);
#7307 = FACE_BOUND('',#7308,.T.);
#7308 = EDGE_LOOP('',(#7309,#7310,#7331,#7332));
#7309 = ORIENTED_EDGE('',*,*,#932,.T.);
#7310 = ORIENTED_EDGE('',*,*,#7311,.T.);
#7311 = EDGE_CURVE('',#933,#4448,#7312,.T.);
#7312 = SEAM_CURVE('',#7313,(#7317,#7324),.PCURVE_S1.);
#7313 = LINE('',#7314,#7315);
#7314 = CARTESIAN_POINT('',(2.05,-10.,-0.5));
#7315 = VECTOR('',#7316,1.);
#7316 = DIRECTION('',(0.,0.,1.));
#7317 = PCURVE('',#953,#7318);
#7318 = DEFINITIONAL_REPRESENTATION('',(#7319),#7323);
#7319 = LINE('',#7320,#7321);
#7320 = CARTESIAN_POINT('',(-6.28318530718,0.));
#7321 = VECTOR('',#7322,1.);
#7322 = DIRECTION('',(-0.,-1.));
#7323 = ( GEOMETRIC_REPRESENTATION_CONTEXT(2) 
PARAMETRIC_REPRESENTATION_CONTEXT() REPRESENTATION_CONTEXT('2D SPACE',''
  ) );
#7324 = PCURVE('',#953,#7325);
#7325 = DEFINITIONAL_REPRESENTATION('',(#7326),#7330);
#7326 = LINE('',#7327,#7328);
#7327 = CARTESIAN_POINT('',(-0.,0.));
#7328 = VECTOR('',#7329,1.);
#7329 = DIRECTION('',(-0.,-1.));
#7330 = ( GEOMETRIC_REPRESENTATION_CONTEXT(2) 
PARAMETRIC_REPRESENTATION_CONTEXT() REPRESENTATION_CONTEXT('2D SPACE',''
  ) );
#7331 = ORIENTED_EDGE('',*,*,#4447,.F.);
#7332 = ORIENTED_EDGE('',*,*,#7311,.F.);
#7333 = ADVANCED_FACE('',(#7334),#988,.F.);
#7334 = FACE_BOUND('',#7335,.T.);
#7335 = EDGE_LOOP('',(#7336,#7337,#7358,#7359));
#7336 = ORIENTED_EDGE('',*,*,#967,.T.);
#7337 = ORIENTED_EDGE('',*,*,#7338,.T.);
#7338 = EDGE_CURVE('',#968,#4478,#7339,.T.);
#7339 = SEAM_CURVE('',#7340,(#7344,#7351),.PCURVE_S1.);
#7340 = LINE('',#7341,#7342);
#7341 = CARTESIAN_POINT('',(2.05,-5.,-0.5));
#7342 = VECTOR('',#7343,1.);
#7343 = DIRECTION('',(0.,0.,1.));
#7344 = PCURVE('',#988,#7345);
#7345 = DEFINITIONAL_REPRESENTATION('',(#7346),#7350);
#7346 = LINE('',#7347,#7348);
#7347 = CARTESIAN_POINT('',(-6.28318530718,0.));
#7348 = VECTOR('',#7349,1.);
#7349 = DIRECTION('',(-0.,-1.));
#7350 = ( GEOMETRIC_REPRESENTATION_CONTEXT(2) 
PARAMETRIC_REPRESENTATION_CONTEXT() REPRESENTATION_CONTEXT('2D SPACE',''
  ) );
#7351 = PCURVE('',#988,#7352);
#7352 = DEFINITIONAL_REPRESENTATION('',(#7353),#7357);
#7353 = LINE('',#7354,#7355);
#7354 = CARTESIAN_POINT('',(-0.,0.));
#7355 = VECTOR('',#7356,1.);
#7356 = DIRECTION('',(-0.,-1.));
#7357 = ( GEOMETRIC_REPRESENTATION_CONTEXT(2) 
PARAMETRIC_REPRESENTATION_CONTEXT() REPRESENTATION_CONTEXT('2D SPACE',''
  ) );
#7358 = ORIENTED_EDGE('',*,*,#4477,.F.);
#7359 = ORIENTED_EDGE('',*,*,#7338,.F.);
#7360 = ADVANCED_FACE('',(#7361),#1023,.F.);
#7361 = FACE_BOUND('',#7362,.T.);
#7362 = EDGE_LOOP('',(#7363,#7364,#7385,#7386));
#7363 = ORIENTED_EDGE('',*,*,#1002,.T.);
#7364 = ORIENTED_EDGE('',*,*,#7365,.T.);
#7365 = EDGE_CURVE('',#1003,#4508,#7366,.T.);
#7366 = SEAM_CURVE('',#7367,(#7371,#7378),.PCURVE_S1.);
#7367 = LINE('',#7368,#7369);
#7368 = CARTESIAN_POINT('',(12.05,-25.,-0.5));
#7369 = VECTOR('',#7370,1.);
#7370 = DIRECTION('',(0.,0.,1.));
#7371 = PCURVE('',#1023,#7372);
#7372 = DEFINITIONAL_REPRESENTATION('',(#7373),#7377);
#7373 = LINE('',#7374,#7375);
#7374 = CARTESIAN_POINT('',(-6.28318530718,0.));
#7375 = VECTOR('',#7376,1.);
#7376 = DIRECTION('',(-0.,-1.));
#7377 = ( GEOMETRIC_REPRESENTATION_CONTEXT(2) 
PARAMETRIC_REPRESENTATION_CONTEXT() REPRESENTATION_CONTEXT('2D SPACE',''
  ) );
#7378 = PCURVE('',#1023,#7379);
#7379 = DEFINITIONAL_REPRESENTATION('',(#7380),#7384);
#7380 = LINE('',#7381,#7382);
#7381 = CARTESIAN_POINT('',(-0.,0.));
#7382 = VECTOR('',#7383,1.);
#7383 = DIRECTION('',(-0.,-1.));
#7384 = ( GEOMETRIC_REPRESENTATION_CONTEXT(2) 
PARAMETRIC_REPRESENTATION_CONTEXT() REPRESENTATION_CONTEXT('2D SPACE',''
  ) );
#7385 = ORIENTED_EDGE('',*,*,#4507,.F.);
#7386 = ORIENTED_EDGE('',*,*,#7365,.F.);
#7387 = ADVANCED_FACE('',(#7388),#1058,.F.);
#7388 = FACE_BOUND('',#7389,.T.);
#7389 = EDGE_LOOP('',(#7390,#7391,#7412,#7413));
#7390 = ORIENTED_EDGE('',*,*,#1037,.T.);
#7391 = ORIENTED_EDGE('',*,*,#7392,.T.);
#7392 = EDGE_CURVE('',#1038,#4538,#7393,.T.);
#7393 = SEAM_CURVE('',#7394,(#7398,#7405),.PCURVE_S1.);
#7394 = LINE('',#7395,#7396);
#7395 = CARTESIAN_POINT('',(17.05,-25.,-0.5));
#7396 = VECTOR('',#7397,1.);
#7397 = DIRECTION('',(0.,0.,1.));
#7398 = PCURVE('',#1058,#7399);
#7399 = DEFINITIONAL_REPRESENTATION('',(#7400),#7404);
#7400 = LINE('',#7401,#7402);
#7401 = CARTESIAN_POINT('',(-6.28318530718,0.));
#7402 = VECTOR('',#7403,1.);
#7403 = DIRECTION('',(-0.,-1.));
#7404 = ( GEOMETRIC_REPRESENTATION_CONTEXT(2) 
PARAMETRIC_REPRESENTATION_CONTEXT() REPRESENTATION_CONTEXT('2D SPACE',''
  ) );
#7405 = PCURVE('',#1058,#7406);
#7406 = DEFINITIONAL_REPRESENTATION('',(#7407),#7411);
#7407 = LINE('',#7408,#7409);
#7408 = CARTESIAN_POINT('',(-0.,0.));
#7409 = VECTOR('',#7410,1.);
#7410 = DIRECTION('',(-0.,-1.));
#7411 = ( GEOMETRIC_REPRESENTATION_CONTEXT(2) 
PARAMETRIC_REPRESENTATION_CONTEXT() REPRESENTATION_CONTEXT('2D SPACE',''
  ) );
#7412 = ORIENTED_EDGE('',*,*,#4537,.F.);
#7413 = ORIENTED_EDGE('',*,*,#7392,.F.);
#7414 = ADVANCED_FACE('',(#7415),#1093,.F.);
#7415 = FACE_BOUND('',#7416,.T.);
#7416 = EDGE_LOOP('',(#7417,#7418,#7439,#7440));
#7417 = ORIENTED_EDGE('',*,*,#1072,.T.);
#7418 = ORIENTED_EDGE('',*,*,#7419,.T.);
#7419 = EDGE_CURVE('',#1073,#4568,#7420,.T.);
#7420 = SEAM_CURVE('',#7421,(#7425,#7432),.PCURVE_S1.);
#7421 = LINE('',#7422,#7423);
#7422 = CARTESIAN_POINT('',(22.05,-25.,-0.5));
#7423 = VECTOR('',#7424,1.);
#7424 = DIRECTION('',(0.,0.,1.));
#7425 = PCURVE('',#1093,#7426);
#7426 = DEFINITIONAL_REPRESENTATION('',(#7427),#7431);
#7427 = LINE('',#7428,#7429);
#7428 = CARTESIAN_POINT('',(-6.28318530718,0.));
#7429 = VECTOR('',#7430,1.);
#7430 = DIRECTION('',(-0.,-1.));
#7431 = ( GEOMETRIC_REPRESENTATION_CONTEXT(2) 
PARAMETRIC_REPRESENTATION_CONTEXT() REPRESENTATION_CONTEXT('2D SPACE',''
  ) );
#7432 = PCURVE('',#1093,#7433);
#7433 = DEFINITIONAL_REPRESENTATION('',(#7434),#7438);
#7434 = LINE('',#7435,#7436);
#7435 = CARTESIAN_POINT('',(-0.,0.));
#7436 = VECTOR('',#7437,1.);
#7437 = DIRECTION('',(-0.,-1.));
#7438 = ( GEOMETRIC_REPRESENTATION_CONTEXT(2) 
PARAMETRIC_REPRESENTATION_CONTEXT() REPRESENTATION_CONTEXT('2D SPACE',''
  ) );
#7439 = ORIENTED_EDGE('',*,*,#4567,.F.);
#7440 = ORIENTED_EDGE('',*,*,#7419,.F.);
#7441 = ADVANCED_FACE('',(#7442),#1128,.F.);
#7442 = FACE_BOUND('',#7443,.T.);
#7443 = EDGE_LOOP('',(#7444,#7445,#7466,#7467));
#7444 = ORIENTED_EDGE('',*,*,#1107,.T.);
#7445 = ORIENTED_EDGE('',*,*,#7446,.T.);
#7446 = EDGE_CURVE('',#1108,#4688,#7447,.T.);
#7447 = SEAM_CURVE('',#7448,(#7452,#7459),.PCURVE_S1.);
#7448 = LINE('',#7449,#7450);
#7449 = CARTESIAN_POINT('',(27.05,-25.,-0.5));
#7450 = VECTOR('',#7451,1.);
#7451 = DIRECTION('',(0.,0.,1.));
#7452 = PCURVE('',#1128,#7453);
#7453 = DEFINITIONAL_REPRESENTATION('',(#7454),#7458);
#7454 = LINE('',#7455,#7456);
#7455 = CARTESIAN_POINT('',(-6.28318530718,0.));
#7456 = VECTOR('',#7457,1.);
#7457 = DIRECTION('',(-0.,-1.));
#7458 = ( GEOMETRIC_REPRESENTATION_CONTEXT(2) 
PARAMETRIC_REPRESENTATION_CONTEXT() REPRESENTATION_CONTEXT('2D SPACE',''
  ) );
#7459 = PCURVE('',#1128,#7460);
#7460 = DEFINITIONAL_REPRESENTATION('',(#7461),#7465);
#7461 = LINE('',#7462,#7463);
#7462 = CARTESIAN_POINT('',(-0.,0.));
#7463 = VECTOR('',#7464,1.);
#7464 = DIRECTION('',(-0.,-1.));
#7465 = ( GEOMETRIC_REPRESENTATION_CONTEXT(2) 
PARAMETRIC_REPRESENTATION_CONTEXT() REPRESENTATION_CONTEXT('2D SPACE',''
  ) );
#7466 = ORIENTED_EDGE('',*,*,#4687,.F.);
#7467 = ORIENTED_EDGE('',*,*,#7446,.F.);
#7468 = ADVANCED_FACE('',(#7469),#1163,.F.);
#7469 = FACE_BOUND('',#7470,.T.);
#7470 = EDGE_LOOP('',(#7471,#7472,#7493,#7494));
#7471 = ORIENTED_EDGE('',*,*,#1142,.T.);
#7472 = ORIENTED_EDGE('',*,*,#7473,.T.);
#7473 = EDGE_CURVE('',#1143,#4718,#7474,.T.);
#7474 = SEAM_CURVE('',#7475,(#7479,#7486),.PCURVE_S1.);
#7475 = LINE('',#7476,#7477);
#7476 = CARTESIAN_POINT('',(32.05,-25.,-0.5));
#7477 = VECTOR('',#7478,1.);
#7478 = DIRECTION('',(0.,0.,1.));
#7479 = PCURVE('',#1163,#7480);
#7480 = DEFINITIONAL_REPRESENTATION('',(#7481),#7485);
#7481 = LINE('',#7482,#7483);
#7482 = CARTESIAN_POINT('',(-6.28318530718,0.));
#7483 = VECTOR('',#7484,1.);
#7484 = DIRECTION('',(-0.,-1.));
#7485 = ( GEOMETRIC_REPRESENTATION_CONTEXT(2) 
PARAMETRIC_REPRESENTATION_CONTEXT() REPRESENTATION_CONTEXT('2D SPACE',''
  ) );
#7486 = PCURVE('',#1163,#7487);
#7487 = DEFINITIONAL_REPRESENTATION('',(#7488),#7492);
#7488 = LINE('',#7489,#7490);
#7489 = CARTESIAN_POINT('',(-0.,0.));
#7490 = VECTOR('',#7491,1.);
#7491 = DIRECTION('',(-0.,-1.));
#7492 = ( GEOMETRIC_REPRESENTATION_CONTEXT(2) 
PARAMETRIC_REPRESENTATION_CONTEXT() REPRESENTATION_CONTEXT('2D SPACE',''
  ) );
#7493 = ORIENTED_EDGE('',*,*,#4717,.F.);
#7494 = ORIENTED_EDGE('',*,*,#7473,.F.);
#7495 = ADVANCED_FACE('',(#7496),#1198,.F.);
#7496 = FACE_BOUND('',#7497,.T.);
#7497 = EDGE_LOOP('',(#7498,#7499,#7520,#7521));
#7498 = ORIENTED_EDGE('',*,*,#1177,.T.);
#7499 = ORIENTED_EDGE('',*,*,#7500,.T.);
#7500 = EDGE_CURVE('',#1178,#4598,#7501,.T.);
#7501 = SEAM_CURVE('',#7502,(#7506,#7513),.PCURVE_S1.);
#7502 = LINE('',#7503,#7504);
#7503 = CARTESIAN_POINT('',(12.05,-20.,-0.5));
#7504 = VECTOR('',#7505,1.);
#7505 = DIRECTION('',(0.,0.,1.));
#7506 = PCURVE('',#1198,#7507);
#7507 = DEFINITIONAL_REPRESENTATION('',(#7508),#7512);
#7508 = LINE('',#7509,#7510);
#7509 = CARTESIAN_POINT('',(-6.28318530718,0.));
#7510 = VECTOR('',#7511,1.);
#7511 = DIRECTION('',(-0.,-1.));
#7512 = ( GEOMETRIC_REPRESENTATION_CONTEXT(2) 
PARAMETRIC_REPRESENTATION_CONTEXT() REPRESENTATION_CONTEXT('2D SPACE',''
  ) );
#7513 = PCURVE('',#1198,#7514);
#7514 = DEFINITIONAL_REPRESENTATION('',(#7515),#7519);
#7515 = LINE('',#7516,#7517);
#7516 = CARTESIAN_POINT('',(-0.,0.));
#7517 = VECTOR('',#7518,1.);
#7518 = DIRECTION('',(-0.,-1.));
#7519 = ( GEOMETRIC_REPRESENTATION_CONTEXT(2) 
PARAMETRIC_REPRESENTATION_CONTEXT() REPRESENTATION_CONTEXT('2D SPACE',''
  ) );
#7520 = ORIENTED_EDGE('',*,*,#4597,.F.);
#7521 = ORIENTED_EDGE('',*,*,#7500,.F.);
#7522 = ADVANCED_FACE('',(#7523),#1233,.F.);
#7523 = FACE_BOUND('',#7524,.T.);
#7524 = EDGE_LOOP('',(#7525,#7526,#7547,#7548));
#7525 = ORIENTED_EDGE('',*,*,#1212,.T.);
#7526 = ORIENTED_EDGE('',*,*,#7527,.T.);
#7527 = EDGE_CURVE('',#1213,#4628,#7528,.T.);
#7528 = SEAM_CURVE('',#7529,(#7533,#7540),.PCURVE_S1.);
#7529 = LINE('',#7530,#7531);
#7530 = CARTESIAN_POINT('',(17.05,-20.,-0.5));
#7531 = VECTOR('',#7532,1.);
#7532 = DIRECTION('',(0.,0.,1.));
#7533 = PCURVE('',#1233,#7534);
#7534 = DEFINITIONAL_REPRESENTATION('',(#7535),#7539);
#7535 = LINE('',#7536,#7537);
#7536 = CARTESIAN_POINT('',(-6.28318530718,0.));
#7537 = VECTOR('',#7538,1.);
#7538 = DIRECTION('',(-0.,-1.));
#7539 = ( GEOMETRIC_REPRESENTATION_CONTEXT(2) 
PARAMETRIC_REPRESENTATION_CONTEXT() REPRESENTATION_CONTEXT('2D SPACE',''
  ) );
#7540 = PCURVE('',#1233,#7541);
#7541 = DEFINITIONAL_REPRESENTATION('',(#7542),#7546);
#7542 = LINE('',#7543,#7544);
#7543 = CARTESIAN_POINT('',(-0.,0.));
#7544 = VECTOR('',#7545,1.);
#7545 = DIRECTION('',(-0.,-1.));
#7546 = ( GEOMETRIC_REPRESENTATION_CONTEXT(2) 
PARAMETRIC_REPRESENTATION_CONTEXT() REPRESENTATION_CONTEXT('2D SPACE',''
  ) );
#7547 = ORIENTED_EDGE('',*,*,#4627,.F.);
#7548 = ORIENTED_EDGE('',*,*,#7527,.F.);
#7549 = ADVANCED_FACE('',(#7550),#1268,.F.);
#7550 = FACE_BOUND('',#7551,.T.);
#7551 = EDGE_LOOP('',(#7552,#7553,#7574,#7575));
#7552 = ORIENTED_EDGE('',*,*,#1247,.T.);
#7553 = ORIENTED_EDGE('',*,*,#7554,.T.);
#7554 = EDGE_CURVE('',#1248,#4658,#7555,.T.);
#7555 = SEAM_CURVE('',#7556,(#7560,#7567),.PCURVE_S1.);
#7556 = LINE('',#7557,#7558);
#7557 = CARTESIAN_POINT('',(22.05,-20.,-0.5));
#7558 = VECTOR('',#7559,1.);
#7559 = DIRECTION('',(0.,0.,1.));
#7560 = PCURVE('',#1268,#7561);
#7561 = DEFINITIONAL_REPRESENTATION('',(#7562),#7566);
#7562 = LINE('',#7563,#7564);
#7563 = CARTESIAN_POINT('',(-6.28318530718,0.));
#7564 = VECTOR('',#7565,1.);
#7565 = DIRECTION('',(-0.,-1.));
#7566 = ( GEOMETRIC_REPRESENTATION_CONTEXT(2) 
PARAMETRIC_REPRESENTATION_CONTEXT() REPRESENTATION_CONTEXT('2D SPACE',''
  ) );
#7567 = PCURVE('',#1268,#7568);
#7568 = DEFINITIONAL_REPRESENTATION('',(#7569),#7573);
#7569 = LINE('',#7570,#7571);
#7570 = CARTESIAN_POINT('',(-0.,0.));
#7571 = VECTOR('',#7572,1.);
#7572 = DIRECTION('',(-0.,-1.));
#7573 = ( GEOMETRIC_REPRESENTATION_CONTEXT(2) 
PARAMETRIC_REPRESENTATION_CONTEXT() REPRESENTATION_CONTEXT('2D SPACE',''
  ) );
#7574 = ORIENTED_EDGE('',*,*,#4657,.F.);
#7575 = ORIENTED_EDGE('',*,*,#7554,.F.);
#7576 = ADVANCED_FACE('',(#7577),#1303,.F.);
#7577 = FACE_BOUND('',#7578,.T.);
#7578 = EDGE_LOOP('',(#7579,#7580,#7601,#7602));
#7579 = ORIENTED_EDGE('',*,*,#1282,.T.);
#7580 = ORIENTED_EDGE('',*,*,#7581,.T.);
#7581 = EDGE_CURVE('',#1283,#4748,#7582,.T.);
#7582 = SEAM_CURVE('',#7583,(#7587,#7594),.PCURVE_S1.);
#7583 = LINE('',#7584,#7585);
#7584 = CARTESIAN_POINT('',(27.05,-20.,-0.5));
#7585 = VECTOR('',#7586,1.);
#7586 = DIRECTION('',(0.,0.,1.));
#7587 = PCURVE('',#1303,#7588);
#7588 = DEFINITIONAL_REPRESENTATION('',(#7589),#7593);
#7589 = LINE('',#7590,#7591);
#7590 = CARTESIAN_POINT('',(-6.28318530718,0.));
#7591 = VECTOR('',#7592,1.);
#7592 = DIRECTION('',(-0.,-1.));
#7593 = ( GEOMETRIC_REPRESENTATION_CONTEXT(2) 
PARAMETRIC_REPRESENTATION_CONTEXT() REPRESENTATION_CONTEXT('2D SPACE',''
  ) );
#7594 = PCURVE('',#1303,#7595);
#7595 = DEFINITIONAL_REPRESENTATION('',(#7596),#7600);
#7596 = LINE('',#7597,#7598);
#7597 = CARTESIAN_POINT('',(-0.,0.));
#7598 = VECTOR('',#7599,1.);
#7599 = DIRECTION('',(-0.,-1.));
#7600 = ( GEOMETRIC_REPRESENTATION_CONTEXT(2) 
PARAMETRIC_REPRESENTATION_CONTEXT() REPRESENTATION_CONTEXT('2D SPACE',''
  ) );
#7601 = ORIENTED_EDGE('',*,*,#4747,.F.);
#7602 = ORIENTED_EDGE('',*,*,#7581,.F.);
#7603 = ADVANCED_FACE('',(#7604),#1338,.F.);
#7604 = FACE_BOUND('',#7605,.T.);
#7605 = EDGE_LOOP('',(#7606,#7607,#7628,#7629));
#7606 = ORIENTED_EDGE('',*,*,#1317,.T.);
#7607 = ORIENTED_EDGE('',*,*,#7608,.T.);
#7608 = EDGE_CURVE('',#1318,#4778,#7609,.T.);
#7609 = SEAM_CURVE('',#7610,(#7614,#7621),.PCURVE_S1.);
#7610 = LINE('',#7611,#7612);
#7611 = CARTESIAN_POINT('',(32.05,-20.,-0.5));
#7612 = VECTOR('',#7613,1.);
#7613 = DIRECTION('',(0.,0.,1.));
#7614 = PCURVE('',#1338,#7615);
#7615 = DEFINITIONAL_REPRESENTATION('',(#7616),#7620);
#7616 = LINE('',#7617,#7618);
#7617 = CARTESIAN_POINT('',(-6.28318530718,0.));
#7618 = VECTOR('',#7619,1.);
#7619 = DIRECTION('',(-0.,-1.));
#7620 = ( GEOMETRIC_REPRESENTATION_CONTEXT(2) 
PARAMETRIC_REPRESENTATION_CONTEXT() REPRESENTATION_CONTEXT('2D SPACE',''
  ) );
#7621 = PCURVE('',#1338,#7622);
#7622 = DEFINITIONAL_REPRESENTATION('',(#7623),#7627);
#7623 = LINE('',#7624,#7625);
#7624 = CARTESIAN_POINT('',(-0.,0.));
#7625 = VECTOR('',#7626,1.);
#7626 = DIRECTION('',(-0.,-1.));
#7627 = ( GEOMETRIC_REPRESENTATION_CONTEXT(2) 
PARAMETRIC_REPRESENTATION_CONTEXT() REPRESENTATION_CONTEXT('2D SPACE',''
  ) );
#7628 = ORIENTED_EDGE('',*,*,#4777,.F.);
#7629 = ORIENTED_EDGE('',*,*,#7608,.F.);
#7630 = ADVANCED_FACE('',(#7631),#1373,.F.);
#7631 = FACE_BOUND('',#7632,.T.);
#7632 = EDGE_LOOP('',(#7633,#7634,#7655,#7656));
#7633 = ORIENTED_EDGE('',*,*,#1352,.T.);
#7634 = ORIENTED_EDGE('',*,*,#7635,.T.);
#7635 = EDGE_CURVE('',#1353,#4808,#7636,.T.);
#7636 = SEAM_CURVE('',#7637,(#7641,#7648),.PCURVE_S1.);
#7637 = LINE('',#7638,#7639);
#7638 = CARTESIAN_POINT('',(37.05,-25.,-0.5));
#7639 = VECTOR('',#7640,1.);
#7640 = DIRECTION('',(0.,0.,1.));
#7641 = PCURVE('',#1373,#7642);
#7642 = DEFINITIONAL_REPRESENTATION('',(#7643),#7647);
#7643 = LINE('',#7644,#7645);
#7644 = CARTESIAN_POINT('',(-6.28318530718,0.));
#7645 = VECTOR('',#7646,1.);
#7646 = DIRECTION('',(-0.,-1.));
#7647 = ( GEOMETRIC_REPRESENTATION_CONTEXT(2) 
PARAMETRIC_REPRESENTATION_CONTEXT() REPRESENTATION_CONTEXT('2D SPACE',''
  ) );
#7648 = PCURVE('',#1373,#7649);
#7649 = DEFINITIONAL_REPRESENTATION('',(#7650),#7654);
#7650 = LINE('',#7651,#7652);
#7651 = CARTESIAN_POINT('',(-0.,0.));
#7652 = VECTOR('',#7653,1.);
#7653 = DIRECTION('',(-0.,-1.));
#7654 = ( GEOMETRIC_REPRESENTATION_CONTEXT(2) 
PARAMETRIC_REPRESENTATION_CONTEXT() REPRESENTATION_CONTEXT('2D SPACE',''
  ) );
#7655 = ORIENTED_EDGE('',*,*,#4807,.F.);
#7656 = ORIENTED_EDGE('',*,*,#7635,.F.);
#7657 = ADVANCED_FACE('',(#7658),#1408,.F.);
#7658 = FACE_BOUND('',#7659,.T.);
#7659 = EDGE_LOOP('',(#7660,#7661,#7682,#7683));
#7660 = ORIENTED_EDGE('',*,*,#1387,.T.);
#7661 = ORIENTED_EDGE('',*,*,#7662,.T.);
#7662 = EDGE_CURVE('',#1388,#4838,#7663,.T.);
#7663 = SEAM_CURVE('',#7664,(#7668,#7675),.PCURVE_S1.);
#7664 = LINE('',#7665,#7666);
#7665 = CARTESIAN_POINT('',(42.05,-25.,-0.5));
#7666 = VECTOR('',#7667,1.);
#7667 = DIRECTION('',(0.,0.,1.));
#7668 = PCURVE('',#1408,#7669);
#7669 = DEFINITIONAL_REPRESENTATION('',(#7670),#7674);
#7670 = LINE('',#7671,#7672);
#7671 = CARTESIAN_POINT('',(-6.28318530718,0.));
#7672 = VECTOR('',#7673,1.);
#7673 = DIRECTION('',(-0.,-1.));
#7674 = ( GEOMETRIC_REPRESENTATION_CONTEXT(2) 
PARAMETRIC_REPRESENTATION_CONTEXT() REPRESENTATION_CONTEXT('2D SPACE',''
  ) );
#7675 = PCURVE('',#1408,#7676);
#7676 = DEFINITIONAL_REPRESENTATION('',(#7677),#7681);
#7677 = LINE('',#7678,#7679);
#7678 = CARTESIAN_POINT('',(-0.,0.));
#7679 = VECTOR('',#7680,1.);
#7680 = DIRECTION('',(-0.,-1.));
#7681 = ( GEOMETRIC_REPRESENTATION_CONTEXT(2) 
PARAMETRIC_REPRESENTATION_CONTEXT() REPRESENTATION_CONTEXT('2D SPACE',''
  ) );
#7682 = ORIENTED_EDGE('',*,*,#4837,.F.);
#7683 = ORIENTED_EDGE('',*,*,#7662,.F.);
#7684 = ADVANCED_FACE('',(#7685),#1443,.F.);
#7685 = FACE_BOUND('',#7686,.T.);
#7686 = EDGE_LOOP('',(#7687,#7688,#7709,#7710));
#7687 = ORIENTED_EDGE('',*,*,#1422,.T.);
#7688 = ORIENTED_EDGE('',*,*,#7689,.T.);
#7689 = EDGE_CURVE('',#1423,#4928,#7690,.T.);
#7690 = SEAM_CURVE('',#7691,(#7695,#7702),.PCURVE_S1.);
#7691 = LINE('',#7692,#7693);
#7692 = CARTESIAN_POINT('',(47.05,-25.,-0.5));
#7693 = VECTOR('',#7694,1.);
#7694 = DIRECTION('',(0.,0.,1.));
#7695 = PCURVE('',#1443,#7696);
#7696 = DEFINITIONAL_REPRESENTATION('',(#7697),#7701);
#7697 = LINE('',#7698,#7699);
#7698 = CARTESIAN_POINT('',(-6.28318530718,0.));
#7699 = VECTOR('',#7700,1.);
#7700 = DIRECTION('',(-0.,-1.));
#7701 = ( GEOMETRIC_REPRESENTATION_CONTEXT(2) 
PARAMETRIC_REPRESENTATION_CONTEXT() REPRESENTATION_CONTEXT('2D SPACE',''
  ) );
#7702 = PCURVE('',#1443,#7703);
#7703 = DEFINITIONAL_REPRESENTATION('',(#7704),#7708);
#7704 = LINE('',#7705,#7706);
#7705 = CARTESIAN_POINT('',(-0.,0.));
#7706 = VECTOR('',#7707,1.);
#7707 = DIRECTION('',(-0.,-1.));
#7708 = ( GEOMETRIC_REPRESENTATION_CONTEXT(2) 
PARAMETRIC_REPRESENTATION_CONTEXT() REPRESENTATION_CONTEXT('2D SPACE',''
  ) );
#7709 = ORIENTED_EDGE('',*,*,#4927,.F.);
#7710 = ORIENTED_EDGE('',*,*,#7689,.F.);
#7711 = ADVANCED_FACE('',(#7712),#1478,.F.);
#7712 = FACE_BOUND('',#7713,.T.);
#7713 = EDGE_LOOP('',(#7714,#7715,#7736,#7737));
#7714 = ORIENTED_EDGE('',*,*,#1457,.T.);
#7715 = ORIENTED_EDGE('',*,*,#7716,.T.);
#7716 = EDGE_CURVE('',#1458,#4958,#7717,.T.);
#7717 = SEAM_CURVE('',#7718,(#7722,#7729),.PCURVE_S1.);
#7718 = LINE('',#7719,#7720);
#7719 = CARTESIAN_POINT('',(52.05,-25.,-0.5));
#7720 = VECTOR('',#7721,1.);
#7721 = DIRECTION('',(0.,0.,1.));
#7722 = PCURVE('',#1478,#7723);
#7723 = DEFINITIONAL_REPRESENTATION('',(#7724),#7728);
#7724 = LINE('',#7725,#7726);
#7725 = CARTESIAN_POINT('',(-6.28318530718,0.));
#7726 = VECTOR('',#7727,1.);
#7727 = DIRECTION('',(-0.,-1.));
#7728 = ( GEOMETRIC_REPRESENTATION_CONTEXT(2) 
PARAMETRIC_REPRESENTATION_CONTEXT() REPRESENTATION_CONTEXT('2D SPACE',''
  ) );
#7729 = PCURVE('',#1478,#7730);
#7730 = DEFINITIONAL_REPRESENTATION('',(#7731),#7735);
#7731 = LINE('',#7732,#7733);
#7732 = CARTESIAN_POINT('',(-0.,0.));
#7733 = VECTOR('',#7734,1.);
#7734 = DIRECTION('',(-0.,-1.));
#7735 = ( GEOMETRIC_REPRESENTATION_CONTEXT(2) 
PARAMETRIC_REPRESENTATION_CONTEXT() REPRESENTATION_CONTEXT('2D SPACE',''
  ) );
#7736 = ORIENTED_EDGE('',*,*,#4957,.F.);
#7737 = ORIENTED_EDGE('',*,*,#7716,.F.);
#7738 = ADVANCED_FACE('',(#7739),#1513,.F.);
#7739 = FACE_BOUND('',#7740,.T.);
#7740 = EDGE_LOOP('',(#7741,#7742,#7763,#7764));
#7741 = ORIENTED_EDGE('',*,*,#1492,.T.);
#7742 = ORIENTED_EDGE('',*,*,#7743,.T.);
#7743 = EDGE_CURVE('',#1493,#4988,#7744,.T.);
#7744 = SEAM_CURVE('',#7745,(#7749,#7756),.PCURVE_S1.);
#7745 = LINE('',#7746,#7747);
#7746 = CARTESIAN_POINT('',(57.05,-25.,-0.5));
#7747 = VECTOR('',#7748,1.);
#7748 = DIRECTION('',(0.,0.,1.));
#7749 = PCURVE('',#1513,#7750);
#7750 = DEFINITIONAL_REPRESENTATION('',(#7751),#7755);
#7751 = LINE('',#7752,#7753);
#7752 = CARTESIAN_POINT('',(-6.28318530718,0.));
#7753 = VECTOR('',#7754,1.);
#7754 = DIRECTION('',(-0.,-1.));
#7755 = ( GEOMETRIC_REPRESENTATION_CONTEXT(2) 
PARAMETRIC_REPRESENTATION_CONTEXT() REPRESENTATION_CONTEXT('2D SPACE',''
  ) );
#7756 = PCURVE('',#1513,#7757);
#7757 = DEFINITIONAL_REPRESENTATION('',(#7758),#7762);
#7758 = LINE('',#7759,#7760);
#7759 = CARTESIAN_POINT('',(-0.,0.));
#7760 = VECTOR('',#7761,1.);
#7761 = DIRECTION('',(-0.,-1.));
#7762 = ( GEOMETRIC_REPRESENTATION_CONTEXT(2) 
PARAMETRIC_REPRESENTATION_CONTEXT() REPRESENTATION_CONTEXT('2D SPACE',''
  ) );
#7763 = ORIENTED_EDGE('',*,*,#4987,.F.);
#7764 = ORIENTED_EDGE('',*,*,#7743,.F.);
#7765 = ADVANCED_FACE('',(#7766),#1548,.F.);
#7766 = FACE_BOUND('',#7767,.T.);
#7767 = EDGE_LOOP('',(#7768,#7769,#7790,#7791));
#7768 = ORIENTED_EDGE('',*,*,#1527,.T.);
#7769 = ORIENTED_EDGE('',*,*,#7770,.T.);
#7770 = EDGE_CURVE('',#1528,#4868,#7771,.T.);
#7771 = SEAM_CURVE('',#7772,(#7776,#7783),.PCURVE_S1.);
#7772 = LINE('',#7773,#7774);
#7773 = CARTESIAN_POINT('',(37.05,-20.,-0.5));
#7774 = VECTOR('',#7775,1.);
#7775 = DIRECTION('',(0.,0.,1.));
#7776 = PCURVE('',#1548,#7777);
#7777 = DEFINITIONAL_REPRESENTATION('',(#7778),#7782);
#7778 = LINE('',#7779,#7780);
#7779 = CARTESIAN_POINT('',(-6.28318530718,0.));
#7780 = VECTOR('',#7781,1.);
#7781 = DIRECTION('',(-0.,-1.));
#7782 = ( GEOMETRIC_REPRESENTATION_CONTEXT(2) 
PARAMETRIC_REPRESENTATION_CONTEXT() REPRESENTATION_CONTEXT('2D SPACE',''
  ) );
#7783 = PCURVE('',#1548,#7784);
#7784 = DEFINITIONAL_REPRESENTATION('',(#7785),#7789);
#7785 = LINE('',#7786,#7787);
#7786 = CARTESIAN_POINT('',(-0.,0.));
#7787 = VECTOR('',#7788,1.);
#7788 = DIRECTION('',(-0.,-1.));
#7789 = ( GEOMETRIC_REPRESENTATION_CONTEXT(2) 
PARAMETRIC_REPRESENTATION_CONTEXT() REPRESENTATION_CONTEXT('2D SPACE',''
  ) );
#7790 = ORIENTED_EDGE('',*,*,#4867,.F.);
#7791 = ORIENTED_EDGE('',*,*,#7770,.F.);
#7792 = ADVANCED_FACE('',(#7793),#1583,.F.);
#7793 = FACE_BOUND('',#7794,.T.);
#7794 = EDGE_LOOP('',(#7795,#7796,#7817,#7818));
#7795 = ORIENTED_EDGE('',*,*,#1562,.T.);
#7796 = ORIENTED_EDGE('',*,*,#7797,.T.);
#7797 = EDGE_CURVE('',#1563,#4898,#7798,.T.);
#7798 = SEAM_CURVE('',#7799,(#7803,#7810),.PCURVE_S1.);
#7799 = LINE('',#7800,#7801);
#7800 = CARTESIAN_POINT('',(42.05,-20.,-0.5));
#7801 = VECTOR('',#7802,1.);
#7802 = DIRECTION('',(0.,0.,1.));
#7803 = PCURVE('',#1583,#7804);
#7804 = DEFINITIONAL_REPRESENTATION('',(#7805),#7809);
#7805 = LINE('',#7806,#7807);
#7806 = CARTESIAN_POINT('',(-6.28318530718,0.));
#7807 = VECTOR('',#7808,1.);
#7808 = DIRECTION('',(-0.,-1.));
#7809 = ( GEOMETRIC_REPRESENTATION_CONTEXT(2) 
PARAMETRIC_REPRESENTATION_CONTEXT() REPRESENTATION_CONTEXT('2D SPACE',''
  ) );
#7810 = PCURVE('',#1583,#7811);
#7811 = DEFINITIONAL_REPRESENTATION('',(#7812),#7816);
#7812 = LINE('',#7813,#7814);
#7813 = CARTESIAN_POINT('',(-0.,0.));
#7814 = VECTOR('',#7815,1.);
#7815 = DIRECTION('',(-0.,-1.));
#7816 = ( GEOMETRIC_REPRESENTATION_CONTEXT(2) 
PARAMETRIC_REPRESENTATION_CONTEXT() REPRESENTATION_CONTEXT('2D SPACE',''
  ) );
#7817 = ORIENTED_EDGE('',*,*,#4897,.F.);
#7818 = ORIENTED_EDGE('',*,*,#7797,.F.);
#7819 = ADVANCED_FACE('',(#7820),#1618,.F.);
#7820 = FACE_BOUND('',#7821,.T.);
#7821 = EDGE_LOOP('',(#7822,#7823,#7844,#7845));
#7822 = ORIENTED_EDGE('',*,*,#1597,.T.);
#7823 = ORIENTED_EDGE('',*,*,#7824,.T.);
#7824 = EDGE_CURVE('',#1598,#5108,#7825,.T.);
#7825 = SEAM_CURVE('',#7826,(#7830,#7837),.PCURVE_S1.);
#7826 = LINE('',#7827,#7828);
#7827 = CARTESIAN_POINT('',(42.05,-15.,-0.5));
#7828 = VECTOR('',#7829,1.);
#7829 = DIRECTION('',(0.,0.,1.));
#7830 = PCURVE('',#1618,#7831);
#7831 = DEFINITIONAL_REPRESENTATION('',(#7832),#7836);
#7832 = LINE('',#7833,#7834);
#7833 = CARTESIAN_POINT('',(-6.28318530718,0.));
#7834 = VECTOR('',#7835,1.);
#7835 = DIRECTION('',(-0.,-1.));
#7836 = ( GEOMETRIC_REPRESENTATION_CONTEXT(2) 
PARAMETRIC_REPRESENTATION_CONTEXT() REPRESENTATION_CONTEXT('2D SPACE',''
  ) );
#7837 = PCURVE('',#1618,#7838);
#7838 = DEFINITIONAL_REPRESENTATION('',(#7839),#7843);
#7839 = LINE('',#7840,#7841);
#7840 = CARTESIAN_POINT('',(-0.,0.));
#7841 = VECTOR('',#7842,1.);
#7842 = DIRECTION('',(-0.,-1.));
#7843 = ( GEOMETRIC_REPRESENTATION_CONTEXT(2) 
PARAMETRIC_REPRESENTATION_CONTEXT() REPRESENTATION_CONTEXT('2D SPACE',''
  ) );
#7844 = ORIENTED_EDGE('',*,*,#5107,.F.);
#7845 = ORIENTED_EDGE('',*,*,#7824,.F.);
#7846 = ADVANCED_FACE('',(#7847),#1653,.F.);
#7847 = FACE_BOUND('',#7848,.T.);
#7848 = EDGE_LOOP('',(#7849,#7850,#7871,#7872));
#7849 = ORIENTED_EDGE('',*,*,#1632,.T.);
#7850 = ORIENTED_EDGE('',*,*,#7851,.T.);
#7851 = EDGE_CURVE('',#1633,#5018,#7852,.T.);
#7852 = SEAM_CURVE('',#7853,(#7857,#7864),.PCURVE_S1.);
#7853 = LINE('',#7854,#7855);
#7854 = CARTESIAN_POINT('',(47.05,-20.,-0.5));
#7855 = VECTOR('',#7856,1.);
#7856 = DIRECTION('',(0.,0.,1.));
#7857 = PCURVE('',#1653,#7858);
#7858 = DEFINITIONAL_REPRESENTATION('',(#7859),#7863);
#7859 = LINE('',#7860,#7861);
#7860 = CARTESIAN_POINT('',(-6.28318530718,0.));
#7861 = VECTOR('',#7862,1.);
#7862 = DIRECTION('',(-0.,-1.));
#7863 = ( GEOMETRIC_REPRESENTATION_CONTEXT(2) 
PARAMETRIC_REPRESENTATION_CONTEXT() REPRESENTATION_CONTEXT('2D SPACE',''
  ) );
#7864 = PCURVE('',#1653,#7865);
#7865 = DEFINITIONAL_REPRESENTATION('',(#7866),#7870);
#7866 = LINE('',#7867,#7868);
#7867 = CARTESIAN_POINT('',(-0.,0.));
#7868 = VECTOR('',#7869,1.);
#7869 = DIRECTION('',(-0.,-1.));
#7870 = ( GEOMETRIC_REPRESENTATION_CONTEXT(2) 
PARAMETRIC_REPRESENTATION_CONTEXT() REPRESENTATION_CONTEXT('2D SPACE',''
  ) );
#7871 = ORIENTED_EDGE('',*,*,#5017,.F.);
#7872 = ORIENTED_EDGE('',*,*,#7851,.F.);
#7873 = ADVANCED_FACE('',(#7874),#1688,.F.);
#7874 = FACE_BOUND('',#7875,.T.);
#7875 = EDGE_LOOP('',(#7876,#7877,#7898,#7899));
#7876 = ORIENTED_EDGE('',*,*,#1667,.T.);
#7877 = ORIENTED_EDGE('',*,*,#7878,.T.);
#7878 = EDGE_CURVE('',#1668,#5048,#7879,.T.);
#7879 = SEAM_CURVE('',#7880,(#7884,#7891),.PCURVE_S1.);
#7880 = LINE('',#7881,#7882);
#7881 = CARTESIAN_POINT('',(52.05,-20.,-0.5));
#7882 = VECTOR('',#7883,1.);
#7883 = DIRECTION('',(0.,0.,1.));
#7884 = PCURVE('',#1688,#7885);
#7885 = DEFINITIONAL_REPRESENTATION('',(#7886),#7890);
#7886 = LINE('',#7887,#7888);
#7887 = CARTESIAN_POINT('',(-6.28318530718,0.));
#7888 = VECTOR('',#7889,1.);
#7889 = DIRECTION('',(-0.,-1.));
#7890 = ( GEOMETRIC_REPRESENTATION_CONTEXT(2) 
PARAMETRIC_REPRESENTATION_CONTEXT() REPRESENTATION_CONTEXT('2D SPACE',''
  ) );
#7891 = PCURVE('',#1688,#7892);
#7892 = DEFINITIONAL_REPRESENTATION('',(#7893),#7897);
#7893 = LINE('',#7894,#7895);
#7894 = CARTESIAN_POINT('',(-0.,0.));
#7895 = VECTOR('',#7896,1.);
#7896 = DIRECTION('',(-0.,-1.));
#7897 = ( GEOMETRIC_REPRESENTATION_CONTEXT(2) 
PARAMETRIC_REPRESENTATION_CONTEXT() REPRESENTATION_CONTEXT('2D SPACE',''
  ) );
#7898 = ORIENTED_EDGE('',*,*,#5047,.F.);
#7899 = ORIENTED_EDGE('',*,*,#7878,.F.);
#7900 = ADVANCED_FACE('',(#7901),#1723,.F.);
#7901 = FACE_BOUND('',#7902,.T.);
#7902 = EDGE_LOOP('',(#7903,#7904,#7925,#7926));
#7903 = ORIENTED_EDGE('',*,*,#1702,.T.);
#7904 = ORIENTED_EDGE('',*,*,#7905,.T.);
#7905 = EDGE_CURVE('',#1703,#5078,#7906,.T.);
#7906 = SEAM_CURVE('',#7907,(#7911,#7918),.PCURVE_S1.);
#7907 = LINE('',#7908,#7909);
#7908 = CARTESIAN_POINT('',(57.05,-20.,-0.5));
#7909 = VECTOR('',#7910,1.);
#7910 = DIRECTION('',(0.,0.,1.));
#7911 = PCURVE('',#1723,#7912);
#7912 = DEFINITIONAL_REPRESENTATION('',(#7913),#7917);
#7913 = LINE('',#7914,#7915);
#7914 = CARTESIAN_POINT('',(-6.28318530718,0.));
#7915 = VECTOR('',#7916,1.);
#7916 = DIRECTION('',(-0.,-1.));
#7917 = ( GEOMETRIC_REPRESENTATION_CONTEXT(2) 
PARAMETRIC_REPRESENTATION_CONTEXT() REPRESENTATION_CONTEXT('2D SPACE',''
  ) );
#7918 = PCURVE('',#1723,#7919);
#7919 = DEFINITIONAL_REPRESENTATION('',(#7920),#7924);
#7920 = LINE('',#7921,#7922);
#7921 = CARTESIAN_POINT('',(-0.,0.));
#7922 = VECTOR('',#7923,1.);
#7923 = DIRECTION('',(-0.,-1.));
#7924 = ( GEOMETRIC_REPRESENTATION_CONTEXT(2) 
PARAMETRIC_REPRESENTATION_CONTEXT() REPRESENTATION_CONTEXT('2D SPACE',''
  ) );
#7925 = ORIENTED_EDGE('',*,*,#5077,.F.);
#7926 = ORIENTED_EDGE('',*,*,#7905,.F.);
#7927 = ADVANCED_FACE('',(#7928),#1758,.F.);
#7928 = FACE_BOUND('',#7929,.T.);
#7929 = EDGE_LOOP('',(#7930,#7931,#7952,#7953));
#7930 = ORIENTED_EDGE('',*,*,#1737,.T.);
#7931 = ORIENTED_EDGE('',*,*,#7932,.T.);
#7932 = EDGE_CURVE('',#1738,#5138,#7933,.T.);
#7933 = SEAM_CURVE('',#7934,(#7938,#7945),.PCURVE_S1.);
#7934 = LINE('',#7935,#7936);
#7935 = CARTESIAN_POINT('',(47.05,-15.,-0.5));
#7936 = VECTOR('',#7937,1.);
#7937 = DIRECTION('',(0.,0.,1.));
#7938 = PCURVE('',#1758,#7939);
#7939 = DEFINITIONAL_REPRESENTATION('',(#7940),#7944);
#7940 = LINE('',#7941,#7942);
#7941 = CARTESIAN_POINT('',(-6.28318530718,0.));
#7942 = VECTOR('',#7943,1.);
#7943 = DIRECTION('',(-0.,-1.));
#7944 = ( GEOMETRIC_REPRESENTATION_CONTEXT(2) 
PARAMETRIC_REPRESENTATION_CONTEXT() REPRESENTATION_CONTEXT('2D SPACE',''
  ) );
#7945 = PCURVE('',#1758,#7946);
#7946 = DEFINITIONAL_REPRESENTATION('',(#7947),#7951);
#7947 = LINE('',#7948,#7949);
#7948 = CARTESIAN_POINT('',(-0.,0.));
#7949 = VECTOR('',#7950,1.);
#7950 = DIRECTION('',(-0.,-1.));
#7951 = ( GEOMETRIC_REPRESENTATION_CONTEXT(2) 
PARAMETRIC_REPRESENTATION_CONTEXT() REPRESENTATION_CONTEXT('2D SPACE',''
  ) );
#7952 = ORIENTED_EDGE('',*,*,#5137,.F.);
#7953 = ORIENTED_EDGE('',*,*,#7932,.F.);
#7954 = ADVANCED_FACE('',(#7955),#1793,.F.);
#7955 = FACE_BOUND('',#7956,.T.);
#7956 = EDGE_LOOP('',(#7957,#7958,#7979,#7980));
#7957 = ORIENTED_EDGE('',*,*,#1772,.T.);
#7958 = ORIENTED_EDGE('',*,*,#7959,.T.);
#7959 = EDGE_CURVE('',#1773,#5168,#7960,.T.);
#7960 = SEAM_CURVE('',#7961,(#7965,#7972),.PCURVE_S1.);
#7961 = LINE('',#7962,#7963);
#7962 = CARTESIAN_POINT('',(52.05,-15.,-0.5));
#7963 = VECTOR('',#7964,1.);
#7964 = DIRECTION('',(0.,0.,1.));
#7965 = PCURVE('',#1793,#7966);
#7966 = DEFINITIONAL_REPRESENTATION('',(#7967),#7971);
#7967 = LINE('',#7968,#7969);
#7968 = CARTESIAN_POINT('',(-6.28318530718,0.));
#7969 = VECTOR('',#7970,1.);
#7970 = DIRECTION('',(-0.,-1.));
#7971 = ( GEOMETRIC_REPRESENTATION_CONTEXT(2) 
PARAMETRIC_REPRESENTATION_CONTEXT() REPRESENTATION_CONTEXT('2D SPACE',''
  ) );
#7972 = PCURVE('',#1793,#7973);
#7973 = DEFINITIONAL_REPRESENTATION('',(#7974),#7978);
#7974 = LINE('',#7975,#7976);
#7975 = CARTESIAN_POINT('',(-0.,0.));
#7976 = VECTOR('',#7977,1.);
#7977 = DIRECTION('',(-0.,-1.));
#7978 = ( GEOMETRIC_REPRESENTATION_CONTEXT(2) 
PARAMETRIC_REPRESENTATION_CONTEXT() REPRESENTATION_CONTEXT('2D SPACE',''
  ) );
#7979 = ORIENTED_EDGE('',*,*,#5167,.F.);
#7980 = ORIENTED_EDGE('',*,*,#7959,.F.);
#7981 = ADVANCED_FACE('',(#7982),#1828,.F.);
#7982 = FACE_BOUND('',#7983,.T.);
#7983 = EDGE_LOOP('',(#7984,#7985,#8006,#8007));
#7984 = ORIENTED_EDGE('',*,*,#1807,.T.);
#7985 = ORIENTED_EDGE('',*,*,#7986,.T.);
#7986 = EDGE_CURVE('',#1808,#5198,#7987,.T.);
#7987 = SEAM_CURVE('',#7988,(#7992,#7999),.PCURVE_S1.);
#7988 = LINE('',#7989,#7990);
#7989 = CARTESIAN_POINT('',(57.05,-15.,-0.5));
#7990 = VECTOR('',#7991,1.);
#7991 = DIRECTION('',(0.,0.,1.));
#7992 = PCURVE('',#1828,#7993);
#7993 = DEFINITIONAL_REPRESENTATION('',(#7994),#7998);
#7994 = LINE('',#7995,#7996);
#7995 = CARTESIAN_POINT('',(-6.28318530718,0.));
#7996 = VECTOR('',#7997,1.);
#7997 = DIRECTION('',(-0.,-1.));
#7998 = ( GEOMETRIC_REPRESENTATION_CONTEXT(2) 
PARAMETRIC_REPRESENTATION_CONTEXT() REPRESENTATION_CONTEXT('2D SPACE',''
  ) );
#7999 = PCURVE('',#1828,#8000);
#8000 = DEFINITIONAL_REPRESENTATION('',(#8001),#8005);
#8001 = LINE('',#8002,#8003);
#8002 = CARTESIAN_POINT('',(-0.,0.));
#8003 = VECTOR('',#8004,1.);
#8004 = DIRECTION('',(-0.,-1.));
#8005 = ( GEOMETRIC_REPRESENTATION_CONTEXT(2) 
PARAMETRIC_REPRESENTATION_CONTEXT() REPRESENTATION_CONTEXT('2D SPACE',''
  ) );
#8006 = ORIENTED_EDGE('',*,*,#5197,.F.);
#8007 = ORIENTED_EDGE('',*,*,#7986,.F.);
#8008 = ADVANCED_FACE('',(#8009),#1863,.F.);
#8009 = FACE_BOUND('',#8010,.T.);
#8010 = EDGE_LOOP('',(#8011,#8012,#8033,#8034));
#8011 = ORIENTED_EDGE('',*,*,#1842,.T.);
#8012 = ORIENTED_EDGE('',*,*,#8013,.T.);
#8013 = EDGE_CURVE('',#1843,#5450,#8014,.T.);
#8014 = SEAM_CURVE('',#8015,(#8019,#8026),.PCURVE_S1.);
#8015 = LINE('',#8016,#8017);
#8016 = CARTESIAN_POINT('',(42.05,-10.,-0.5));
#8017 = VECTOR('',#8018,1.);
#8018 = DIRECTION('',(0.,0.,1.));
#8019 = PCURVE('',#1863,#8020);
#8020 = DEFINITIONAL_REPRESENTATION('',(#8021),#8025);
#8021 = LINE('',#8022,#8023);
#8022 = CARTESIAN_POINT('',(-6.28318530718,0.));
#8023 = VECTOR('',#8024,1.);
#8024 = DIRECTION('',(-0.,-1.));
#8025 = ( GEOMETRIC_REPRESENTATION_CONTEXT(2) 
PARAMETRIC_REPRESENTATION_CONTEXT() REPRESENTATION_CONTEXT('2D SPACE',''
  ) );
#8026 = PCURVE('',#1863,#8027);
#8027 = DEFINITIONAL_REPRESENTATION('',(#8028),#8032);
#8028 = LINE('',#8029,#8030);
#8029 = CARTESIAN_POINT('',(-0.,0.));
#8030 = VECTOR('',#8031,1.);
#8031 = DIRECTION('',(-0.,-1.));
#8032 = ( GEOMETRIC_REPRESENTATION_CONTEXT(2) 
PARAMETRIC_REPRESENTATION_CONTEXT() REPRESENTATION_CONTEXT('2D SPACE',''
  ) );
#8033 = ORIENTED_EDGE('',*,*,#5449,.F.);
#8034 = ORIENTED_EDGE('',*,*,#8013,.F.);
#8035 = ADVANCED_FACE('',(#8036),#1898,.F.);
#8036 = FACE_BOUND('',#8037,.T.);
#8037 = EDGE_LOOP('',(#8038,#8039,#8060,#8061));
#8038 = ORIENTED_EDGE('',*,*,#1877,.T.);
#8039 = ORIENTED_EDGE('',*,*,#8040,.T.);
#8040 = EDGE_CURVE('',#1878,#5480,#8041,.T.);
#8041 = SEAM_CURVE('',#8042,(#8046,#8053),.PCURVE_S1.);
#8042 = LINE('',#8043,#8044);
#8043 = CARTESIAN_POINT('',(47.05,-10.,-0.5));
#8044 = VECTOR('',#8045,1.);
#8045 = DIRECTION('',(0.,0.,1.));
#8046 = PCURVE('',#1898,#8047);
#8047 = DEFINITIONAL_REPRESENTATION('',(#8048),#8052);
#8048 = LINE('',#8049,#8050);
#8049 = CARTESIAN_POINT('',(-6.28318530718,0.));
#8050 = VECTOR('',#8051,1.);
#8051 = DIRECTION('',(-0.,-1.));
#8052 = ( GEOMETRIC_REPRESENTATION_CONTEXT(2) 
PARAMETRIC_REPRESENTATION_CONTEXT() REPRESENTATION_CONTEXT('2D SPACE',''
  ) );
#8053 = PCURVE('',#1898,#8054);
#8054 = DEFINITIONAL_REPRESENTATION('',(#8055),#8059);
#8055 = LINE('',#8056,#8057);
#8056 = CARTESIAN_POINT('',(-0.,0.));
#8057 = VECTOR('',#8058,1.);
#8058 = DIRECTION('',(-0.,-1.));
#8059 = ( GEOMETRIC_REPRESENTATION_CONTEXT(2) 
PARAMETRIC_REPRESENTATION_CONTEXT() REPRESENTATION_CONTEXT('2D SPACE',''
  ) );
#8060 = ORIENTED_EDGE('',*,*,#5479,.F.);
#8061 = ORIENTED_EDGE('',*,*,#8040,.F.);
#8062 = ADVANCED_FACE('',(#8063),#1933,.F.);
#8063 = FACE_BOUND('',#8064,.T.);
#8064 = EDGE_LOOP('',(#8065,#8066,#8087,#8088));
#8065 = ORIENTED_EDGE('',*,*,#1912,.T.);
#8066 = ORIENTED_EDGE('',*,*,#8067,.T.);
#8067 = EDGE_CURVE('',#1913,#5510,#8068,.T.);
#8068 = SEAM_CURVE('',#8069,(#8073,#8080),.PCURVE_S1.);
#8069 = LINE('',#8070,#8071);
#8070 = CARTESIAN_POINT('',(52.05,-10.,-0.5));
#8071 = VECTOR('',#8072,1.);
#8072 = DIRECTION('',(0.,0.,1.));
#8073 = PCURVE('',#1933,#8074);
#8074 = DEFINITIONAL_REPRESENTATION('',(#8075),#8079);
#8075 = LINE('',#8076,#8077);
#8076 = CARTESIAN_POINT('',(-6.28318530718,0.));
#8077 = VECTOR('',#8078,1.);
#8078 = DIRECTION('',(-0.,-1.));
#8079 = ( GEOMETRIC_REPRESENTATION_CONTEXT(2) 
PARAMETRIC_REPRESENTATION_CONTEXT() REPRESENTATION_CONTEXT('2D SPACE',''
  ) );
#8080 = PCURVE('',#1933,#8081);
#8081 = DEFINITIONAL_REPRESENTATION('',(#8082),#8086);
#8082 = LINE('',#8083,#8084);
#8083 = CARTESIAN_POINT('',(-0.,0.));
#8084 = VECTOR('',#8085,1.);
#8085 = DIRECTION('',(-0.,-1.));
#8086 = ( GEOMETRIC_REPRESENTATION_CONTEXT(2) 
PARAMETRIC_REPRESENTATION_CONTEXT() REPRESENTATION_CONTEXT('2D SPACE',''
  ) );
#8087 = ORIENTED_EDGE('',*,*,#5509,.F.);
#8088 = ORIENTED_EDGE('',*,*,#8067,.F.);
#8089 = ADVANCED_FACE('',(#8090),#1968,.F.);
#8090 = FACE_BOUND('',#8091,.T.);
#8091 = EDGE_LOOP('',(#8092,#8093,#8114,#8115));
#8092 = ORIENTED_EDGE('',*,*,#1947,.T.);
#8093 = ORIENTED_EDGE('',*,*,#8094,.T.);
#8094 = EDGE_CURVE('',#1948,#5540,#8095,.T.);
#8095 = SEAM_CURVE('',#8096,(#8100,#8107),.PCURVE_S1.);
#8096 = LINE('',#8097,#8098);
#8097 = CARTESIAN_POINT('',(57.05,-10.,-0.5));
#8098 = VECTOR('',#8099,1.);
#8099 = DIRECTION('',(0.,0.,1.));
#8100 = PCURVE('',#1968,#8101);
#8101 = DEFINITIONAL_REPRESENTATION('',(#8102),#8106);
#8102 = LINE('',#8103,#8104);
#8103 = CARTESIAN_POINT('',(-6.28318530718,0.));
#8104 = VECTOR('',#8105,1.);
#8105 = DIRECTION('',(-0.,-1.));
#8106 = ( GEOMETRIC_REPRESENTATION_CONTEXT(2) 
PARAMETRIC_REPRESENTATION_CONTEXT() REPRESENTATION_CONTEXT('2D SPACE',''
  ) );
#8107 = PCURVE('',#1968,#8108);
#8108 = DEFINITIONAL_REPRESENTATION('',(#8109),#8113);
#8109 = LINE('',#8110,#8111);
#8110 = CARTESIAN_POINT('',(-0.,0.));
#8111 = VECTOR('',#8112,1.);
#8112 = DIRECTION('',(-0.,-1.));
#8113 = ( GEOMETRIC_REPRESENTATION_CONTEXT(2) 
PARAMETRIC_REPRESENTATION_CONTEXT() REPRESENTATION_CONTEXT('2D SPACE',''
  ) );
#8114 = ORIENTED_EDGE('',*,*,#5539,.F.);
#8115 = ORIENTED_EDGE('',*,*,#8094,.F.);
#8116 = ADVANCED_FACE('',(#8117),#2003,.F.);
#8117 = FACE_BOUND('',#8118,.T.);
#8118 = EDGE_LOOP('',(#8119,#8120,#8141,#8142));
#8119 = ORIENTED_EDGE('',*,*,#1982,.T.);
#8120 = ORIENTED_EDGE('',*,*,#8121,.T.);
#8121 = EDGE_CURVE('',#1983,#5570,#8122,.T.);
#8122 = SEAM_CURVE('',#8123,(#8127,#8134),.PCURVE_S1.);
#8123 = LINE('',#8124,#8125);
#8124 = CARTESIAN_POINT('',(42.05,-5.,-0.5));
#8125 = VECTOR('',#8126,1.);
#8126 = DIRECTION('',(0.,0.,1.));
#8127 = PCURVE('',#2003,#8128);
#8128 = DEFINITIONAL_REPRESENTATION('',(#8129),#8133);
#8129 = LINE('',#8130,#8131);
#8130 = CARTESIAN_POINT('',(-6.28318530718,0.));
#8131 = VECTOR('',#8132,1.);
#8132 = DIRECTION('',(-0.,-1.));
#8133 = ( GEOMETRIC_REPRESENTATION_CONTEXT(2) 
PARAMETRIC_REPRESENTATION_CONTEXT() REPRESENTATION_CONTEXT('2D SPACE',''
  ) );
#8134 = PCURVE('',#2003,#8135);
#8135 = DEFINITIONAL_REPRESENTATION('',(#8136),#8140);
#8136 = LINE('',#8137,#8138);
#8137 = CARTESIAN_POINT('',(-0.,0.));
#8138 = VECTOR('',#8139,1.);
#8139 = DIRECTION('',(-0.,-1.));
#8140 = ( GEOMETRIC_REPRESENTATION_CONTEXT(2) 
PARAMETRIC_REPRESENTATION_CONTEXT() REPRESENTATION_CONTEXT('2D SPACE',''
  ) );
#8141 = ORIENTED_EDGE('',*,*,#5569,.F.);
#8142 = ORIENTED_EDGE('',*,*,#8121,.F.);
#8143 = ADVANCED_FACE('',(#8144),#2038,.F.);
#8144 = FACE_BOUND('',#8145,.T.);
#8145 = EDGE_LOOP('',(#8146,#8147,#8168,#8169));
#8146 = ORIENTED_EDGE('',*,*,#2017,.T.);
#8147 = ORIENTED_EDGE('',*,*,#8148,.T.);
#8148 = EDGE_CURVE('',#2018,#5630,#8149,.T.);
#8149 = SEAM_CURVE('',#8150,(#8154,#8161),.PCURVE_S1.);
#8150 = LINE('',#8151,#8152);
#8151 = CARTESIAN_POINT('',(47.05,-5.,-0.5));
#8152 = VECTOR('',#8153,1.);
#8153 = DIRECTION('',(0.,0.,1.));
#8154 = PCURVE('',#2038,#8155);
#8155 = DEFINITIONAL_REPRESENTATION('',(#8156),#8160);
#8156 = LINE('',#8157,#8158);
#8157 = CARTESIAN_POINT('',(-6.28318530718,0.));
#8158 = VECTOR('',#8159,1.);
#8159 = DIRECTION('',(-0.,-1.));
#8160 = ( GEOMETRIC_REPRESENTATION_CONTEXT(2) 
PARAMETRIC_REPRESENTATION_CONTEXT() REPRESENTATION_CONTEXT('2D SPACE',''
  ) );
#8161 = PCURVE('',#2038,#8162);
#8162 = DEFINITIONAL_REPRESENTATION('',(#8163),#8167);
#8163 = LINE('',#8164,#8165);
#8164 = CARTESIAN_POINT('',(-0.,0.));
#8165 = VECTOR('',#8166,1.);
#8166 = DIRECTION('',(-0.,-1.));
#8167 = ( GEOMETRIC_REPRESENTATION_CONTEXT(2) 
PARAMETRIC_REPRESENTATION_CONTEXT() REPRESENTATION_CONTEXT('2D SPACE',''
  ) );
#8168 = ORIENTED_EDGE('',*,*,#5629,.F.);
#8169 = ORIENTED_EDGE('',*,*,#8148,.F.);
#8170 = ADVANCED_FACE('',(#8171),#2073,.F.);
#8171 = FACE_BOUND('',#8172,.T.);
#8172 = EDGE_LOOP('',(#8173,#8174,#8195,#8196));
#8173 = ORIENTED_EDGE('',*,*,#2052,.T.);
#8174 = ORIENTED_EDGE('',*,*,#8175,.T.);
#8175 = EDGE_CURVE('',#2053,#5660,#8176,.T.);
#8176 = SEAM_CURVE('',#8177,(#8181,#8188),.PCURVE_S1.);
#8177 = LINE('',#8178,#8179);
#8178 = CARTESIAN_POINT('',(52.05,-5.,-0.5));
#8179 = VECTOR('',#8180,1.);
#8180 = DIRECTION('',(0.,0.,1.));
#8181 = PCURVE('',#2073,#8182);
#8182 = DEFINITIONAL_REPRESENTATION('',(#8183),#8187);
#8183 = LINE('',#8184,#8185);
#8184 = CARTESIAN_POINT('',(-6.28318530718,0.));
#8185 = VECTOR('',#8186,1.);
#8186 = DIRECTION('',(-0.,-1.));
#8187 = ( GEOMETRIC_REPRESENTATION_CONTEXT(2) 
PARAMETRIC_REPRESENTATION_CONTEXT() REPRESENTATION_CONTEXT('2D SPACE',''
  ) );
#8188 = PCURVE('',#2073,#8189);
#8189 = DEFINITIONAL_REPRESENTATION('',(#8190),#8194);
#8190 = LINE('',#8191,#8192);
#8191 = CARTESIAN_POINT('',(-0.,0.));
#8192 = VECTOR('',#8193,1.);
#8193 = DIRECTION('',(-0.,-1.));
#8194 = ( GEOMETRIC_REPRESENTATION_CONTEXT(2) 
PARAMETRIC_REPRESENTATION_CONTEXT() REPRESENTATION_CONTEXT('2D SPACE',''
  ) );
#8195 = ORIENTED_EDGE('',*,*,#5659,.F.);
#8196 = ORIENTED_EDGE('',*,*,#8175,.F.);
#8197 = ADVANCED_FACE('',(#8198),#2108,.F.);
#8198 = FACE_BOUND('',#8199,.T.);
#8199 = EDGE_LOOP('',(#8200,#8201,#8222,#8223));
#8200 = ORIENTED_EDGE('',*,*,#2087,.T.);
#8201 = ORIENTED_EDGE('',*,*,#8202,.T.);
#8202 = EDGE_CURVE('',#2088,#5690,#8203,.T.);
#8203 = SEAM_CURVE('',#8204,(#8208,#8215),.PCURVE_S1.);
#8204 = LINE('',#8205,#8206);
#8205 = CARTESIAN_POINT('',(57.05,-5.,-0.5));
#8206 = VECTOR('',#8207,1.);
#8207 = DIRECTION('',(0.,0.,1.));
#8208 = PCURVE('',#2108,#8209);
#8209 = DEFINITIONAL_REPRESENTATION('',(#8210),#8214);
#8210 = LINE('',#8211,#8212);
#8211 = CARTESIAN_POINT('',(-6.28318530718,0.));
#8212 = VECTOR('',#8213,1.);
#8213 = DIRECTION('',(-0.,-1.));
#8214 = ( GEOMETRIC_REPRESENTATION_CONTEXT(2) 
PARAMETRIC_REPRESENTATION_CONTEXT() REPRESENTATION_CONTEXT('2D SPACE',''
  ) );
#8215 = PCURVE('',#2108,#8216);
#8216 = DEFINITIONAL_REPRESENTATION('',(#8217),#8221);
#8217 = LINE('',#8218,#8219);
#8218 = CARTESIAN_POINT('',(-0.,0.));
#8219 = VECTOR('',#8220,1.);
#8220 = DIRECTION('',(-0.,-1.));
#8221 = ( GEOMETRIC_REPRESENTATION_CONTEXT(2) 
PARAMETRIC_REPRESENTATION_CONTEXT() REPRESENTATION_CONTEXT('2D SPACE',''
  ) );
#8222 = ORIENTED_EDGE('',*,*,#5689,.F.);
#8223 = ORIENTED_EDGE('',*,*,#8202,.F.);
#8224 = ADVANCED_FACE('',(#8225),#2139,.T.);
#8225 = FACE_BOUND('',#8226,.T.);
#8226 = EDGE_LOOP('',(#8227,#8228,#8251,#8279));
#8227 = ORIENTED_EDGE('',*,*,#2122,.T.);
#8228 = ORIENTED_EDGE('',*,*,#8229,.T.);
#8229 = EDGE_CURVE('',#2125,#8230,#8232,.T.);
#8230 = VERTEX_POINT('',#8231);
#8231 = CARTESIAN_POINT('',(-9.75,12.15,2.));
#8232 = SURFACE_CURVE('',#8233,(#8237,#8244),.PCURVE_S1.);
#8233 = LINE('',#8234,#8235);
#8234 = CARTESIAN_POINT('',(-9.75,12.15,-0.5));
#8235 = VECTOR('',#8236,1.);
#8236 = DIRECTION('',(0.,0.,1.));
#8237 = PCURVE('',#2139,#8238);
#8238 = DEFINITIONAL_REPRESENTATION('',(#8239),#8243);
#8239 = LINE('',#8240,#8241);
#8240 = CARTESIAN_POINT('',(0.,-0.));
#8241 = VECTOR('',#8242,1.);
#8242 = DIRECTION('',(0.,-1.));
#8243 = ( GEOMETRIC_REPRESENTATION_CONTEXT(2) 
PARAMETRIC_REPRESENTATION_CONTEXT() REPRESENTATION_CONTEXT('2D SPACE',''
  ) );
#8244 = PCURVE('',#2165,#8245);
#8245 = DEFINITIONAL_REPRESENTATION('',(#8246),#8250);
#8246 = LINE('',#8247,#8248);
#8247 = CARTESIAN_POINT('',(24.3,0.));
#8248 = VECTOR('',#8249,1.);
#8249 = DIRECTION('',(0.,-1.));
#8250 = ( GEOMETRIC_REPRESENTATION_CONTEXT(2) 
PARAMETRIC_REPRESENTATION_CONTEXT() REPRESENTATION_CONTEXT('2D SPACE',''
  ) );
#8251 = ORIENTED_EDGE('',*,*,#8252,.F.);
#8252 = EDGE_CURVE('',#8253,#8230,#8255,.T.);
#8253 = VERTEX_POINT('',#8254);
#8254 = CARTESIAN_POINT('',(-30.25,12.15,2.));
#8255 = SURFACE_CURVE('',#8256,(#8260,#8267),.PCURVE_S1.);
#8256 = LINE('',#8257,#8258);
#8257 = CARTESIAN_POINT('',(-14.875,12.15,2.));
#8258 = VECTOR('',#8259,1.);
#8259 = DIRECTION('',(1.,0.,-0.));
#8260 = PCURVE('',#2139,#8261);
#8261 = DEFINITIONAL_REPRESENTATION('',(#8262),#8266);
#8262 = LINE('',#8263,#8264);
#8263 = CARTESIAN_POINT('',(5.125,-2.5));
#8264 = VECTOR('',#8265,1.);
#8265 = DIRECTION('',(-1.,0.));
#8266 = ( GEOMETRIC_REPRESENTATION_CONTEXT(2) 
PARAMETRIC_REPRESENTATION_CONTEXT() REPRESENTATION_CONTEXT('2D SPACE',''
  ) );
#8267 = PCURVE('',#8268,#8273);
#8268 = PLANE('',#8269);
#8269 = AXIS2_PLACEMENT_3D('',#8270,#8271,#8272);
#8270 = CARTESIAN_POINT('',(-20.,0.,2.));
#8271 = DIRECTION('',(0.,0.,1.));
#8272 = DIRECTION('',(1.,0.,-0.));
#8273 = DEFINITIONAL_REPRESENTATION('',(#8274),#8278);
#8274 = LINE('',#8275,#8276);
#8275 = CARTESIAN_POINT('',(5.125,12.15));
#8276 = VECTOR('',#8277,1.);
#8277 = DIRECTION('',(1.,0.));
#8278 = ( GEOMETRIC_REPRESENTATION_CONTEXT(2) 
PARAMETRIC_REPRESENTATION_CONTEXT() REPRESENTATION_CONTEXT('2D SPACE',''
  ) );
#8279 = ORIENTED_EDGE('',*,*,#8280,.F.);
#8280 = EDGE_CURVE('',#2123,#8253,#8281,.T.);
#8281 = SURFACE_CURVE('',#8282,(#8286,#8293),.PCURVE_S1.);
#8282 = LINE('',#8283,#8284);
#8283 = CARTESIAN_POINT('',(-30.25,12.15,-0.5));
#8284 = VECTOR('',#8285,1.);
#8285 = DIRECTION('',(0.,0.,1.));
#8286 = PCURVE('',#2139,#8287);
#8287 = DEFINITIONAL_REPRESENTATION('',(#8288),#8292);
#8288 = LINE('',#8289,#8290);
#8289 = CARTESIAN_POINT('',(20.5,0.));
#8290 = VECTOR('',#8291,1.);
#8291 = DIRECTION('',(0.,-1.));
#8292 = ( GEOMETRIC_REPRESENTATION_CONTEXT(2) 
PARAMETRIC_REPRESENTATION_CONTEXT() REPRESENTATION_CONTEXT('2D SPACE',''
  ) );
#8293 = PCURVE('',#2215,#8294);
#8294 = DEFINITIONAL_REPRESENTATION('',(#8295),#8299);
#8295 = LINE('',#8296,#8297);
#8296 = CARTESIAN_POINT('',(0.,0.));
#8297 = VECTOR('',#8298,1.);
#8298 = DIRECTION('',(0.,-1.));
#8299 = ( GEOMETRIC_REPRESENTATION_CONTEXT(2) 
PARAMETRIC_REPRESENTATION_CONTEXT() REPRESENTATION_CONTEXT('2D SPACE',''
  ) );
#8300 = ADVANCED_FACE('',(#8301),#2215,.T.);
#8301 = FACE_BOUND('',#8302,.T.);
#8302 = EDGE_LOOP('',(#8303,#8304,#8305,#8328));
#8303 = ORIENTED_EDGE('',*,*,#2202,.T.);
#8304 = ORIENTED_EDGE('',*,*,#8280,.T.);
#8305 = ORIENTED_EDGE('',*,*,#8306,.F.);
#8306 = EDGE_CURVE('',#8307,#8253,#8309,.T.);
#8307 = VERTEX_POINT('',#8308);
#8308 = CARTESIAN_POINT('',(-30.25,-12.15,2.));
#8309 = SURFACE_CURVE('',#8310,(#8314,#8321),.PCURVE_S1.);
#8310 = LINE('',#8311,#8312);
#8311 = CARTESIAN_POINT('',(-30.25,6.075,2.));
#8312 = VECTOR('',#8313,1.);
#8313 = DIRECTION('',(-0.,1.,0.));
#8314 = PCURVE('',#2215,#8315);
#8315 = DEFINITIONAL_REPRESENTATION('',(#8316),#8320);
#8316 = LINE('',#8317,#8318);
#8317 = CARTESIAN_POINT('',(6.075,-2.5));
#8318 = VECTOR('',#8319,1.);
#8319 = DIRECTION('',(-1.,-0.));
#8320 = ( GEOMETRIC_REPRESENTATION_CONTEXT(2) 
PARAMETRIC_REPRESENTATION_CONTEXT() REPRESENTATION_CONTEXT('2D SPACE',''
  ) );
#8321 = PCURVE('',#8268,#8322);
#8322 = DEFINITIONAL_REPRESENTATION('',(#8323),#8327);
#8323 = LINE('',#8324,#8325);
#8324 = CARTESIAN_POINT('',(-10.25,6.075));
#8325 = VECTOR('',#8326,1.);
#8326 = DIRECTION('',(0.,1.));
#8327 = ( GEOMETRIC_REPRESENTATION_CONTEXT(2) 
PARAMETRIC_REPRESENTATION_CONTEXT() REPRESENTATION_CONTEXT('2D SPACE',''
  ) );
#8328 = ORIENTED_EDGE('',*,*,#8329,.F.);
#8329 = EDGE_CURVE('',#2177,#8307,#8330,.T.);
#8330 = SURFACE_CURVE('',#8331,(#8335,#8342),.PCURVE_S1.);
#8331 = LINE('',#8332,#8333);
#8332 = CARTESIAN_POINT('',(-30.25,-12.15,-0.5));
#8333 = VECTOR('',#8334,1.);
#8334 = DIRECTION('',(0.,0.,1.));
#8335 = PCURVE('',#2215,#8336);
#8336 = DEFINITIONAL_REPRESENTATION('',(#8337),#8341);
#8337 = LINE('',#8338,#8339);
#8338 = CARTESIAN_POINT('',(24.3,0.));
#8339 = VECTOR('',#8340,1.);
#8340 = DIRECTION('',(0.,-1.));
#8341 = ( GEOMETRIC_REPRESENTATION_CONTEXT(2) 
PARAMETRIC_REPRESENTATION_CONTEXT() REPRESENTATION_CONTEXT('2D SPACE',''
  ) );
#8342 = PCURVE('',#2191,#8343);
#8343 = DEFINITIONAL_REPRESENTATION('',(#8344),#8348);
#8344 = LINE('',#8345,#8346);
#8345 = CARTESIAN_POINT('',(0.,0.));
#8346 = VECTOR('',#8347,1.);
#8347 = DIRECTION('',(0.,-1.));
#8348 = ( GEOMETRIC_REPRESENTATION_CONTEXT(2) 
PARAMETRIC_REPRESENTATION_CONTEXT() REPRESENTATION_CONTEXT('2D SPACE',''
  ) );
#8349 = ADVANCED_FACE('',(#8350),#2165,.T.);
#8350 = FACE_BOUND('',#8351,.T.);
#8351 = EDGE_LOOP('',(#8352,#8353,#8376,#8397));
#8352 = ORIENTED_EDGE('',*,*,#2150,.T.);
#8353 = ORIENTED_EDGE('',*,*,#8354,.T.);
#8354 = EDGE_CURVE('',#2151,#8355,#8357,.T.);
#8355 = VERTEX_POINT('',#8356);
#8356 = CARTESIAN_POINT('',(-9.75,-12.15,2.));
#8357 = SURFACE_CURVE('',#8358,(#8362,#8369),.PCURVE_S1.);
#8358 = LINE('',#8359,#8360);
#8359 = CARTESIAN_POINT('',(-9.75,-12.15,-0.5));
#8360 = VECTOR('',#8361,1.);
#8361 = DIRECTION('',(0.,0.,1.));
#8362 = PCURVE('',#2165,#8363);
#8363 = DEFINITIONAL_REPRESENTATION('',(#8364),#8368);
#8364 = LINE('',#8365,#8366);
#8365 = CARTESIAN_POINT('',(0.,0.));
#8366 = VECTOR('',#8367,1.);
#8367 = DIRECTION('',(0.,-1.));
#8368 = ( GEOMETRIC_REPRESENTATION_CONTEXT(2) 
PARAMETRIC_REPRESENTATION_CONTEXT() REPRESENTATION_CONTEXT('2D SPACE',''
  ) );
#8369 = PCURVE('',#2191,#8370);
#8370 = DEFINITIONAL_REPRESENTATION('',(#8371),#8375);
#8371 = LINE('',#8372,#8373);
#8372 = CARTESIAN_POINT('',(20.5,0.));
#8373 = VECTOR('',#8374,1.);
#8374 = DIRECTION('',(0.,-1.));
#8375 = ( GEOMETRIC_REPRESENTATION_CONTEXT(2) 
PARAMETRIC_REPRESENTATION_CONTEXT() REPRESENTATION_CONTEXT('2D SPACE',''
  ) );
#8376 = ORIENTED_EDGE('',*,*,#8377,.F.);
#8377 = EDGE_CURVE('',#8230,#8355,#8378,.T.);
#8378 = SURFACE_CURVE('',#8379,(#8383,#8390),.PCURVE_S1.);
#8379 = LINE('',#8380,#8381);
#8380 = CARTESIAN_POINT('',(-9.75,-6.075,2.));
#8381 = VECTOR('',#8382,1.);
#8382 = DIRECTION('',(0.,-1.,0.));
#8383 = PCURVE('',#2165,#8384);
#8384 = DEFINITIONAL_REPRESENTATION('',(#8385),#8389);
#8385 = LINE('',#8386,#8387);
#8386 = CARTESIAN_POINT('',(6.075,-2.5));
#8387 = VECTOR('',#8388,1.);
#8388 = DIRECTION('',(-1.,0.));
#8389 = ( GEOMETRIC_REPRESENTATION_CONTEXT(2) 
PARAMETRIC_REPRESENTATION_CONTEXT() REPRESENTATION_CONTEXT('2D SPACE',''
  ) );
#8390 = PCURVE('',#8268,#8391);
#8391 = DEFINITIONAL_REPRESENTATION('',(#8392),#8396);
#8392 = LINE('',#8393,#8394);
#8393 = CARTESIAN_POINT('',(10.25,-6.075));
#8394 = VECTOR('',#8395,1.);
#8395 = DIRECTION('',(0.,-1.));
#8396 = ( GEOMETRIC_REPRESENTATION_CONTEXT(2) 
PARAMETRIC_REPRESENTATION_CONTEXT() REPRESENTATION_CONTEXT('2D SPACE',''
  ) );
#8397 = ORIENTED_EDGE('',*,*,#8229,.F.);
#8398 = ADVANCED_FACE('',(#8399),#2191,.T.);
#8399 = FACE_BOUND('',#8400,.T.);
#8400 = EDGE_LOOP('',(#8401,#8402,#8403,#8424));
#8401 = ORIENTED_EDGE('',*,*,#2176,.T.);
#8402 = ORIENTED_EDGE('',*,*,#8329,.T.);
#8403 = ORIENTED_EDGE('',*,*,#8404,.F.);
#8404 = EDGE_CURVE('',#8355,#8307,#8405,.T.);
#8405 = SURFACE_CURVE('',#8406,(#8410,#8417),.PCURVE_S1.);
#8406 = LINE('',#8407,#8408);
#8407 = CARTESIAN_POINT('',(-25.125,-12.15,2.));
#8408 = VECTOR('',#8409,1.);
#8409 = DIRECTION('',(-1.,0.,0.));
#8410 = PCURVE('',#2191,#8411);
#8411 = DEFINITIONAL_REPRESENTATION('',(#8412),#8416);
#8412 = LINE('',#8413,#8414);
#8413 = CARTESIAN_POINT('',(5.125,-2.5));
#8414 = VECTOR('',#8415,1.);
#8415 = DIRECTION('',(-1.,0.));
#8416 = ( GEOMETRIC_REPRESENTATION_CONTEXT(2) 
PARAMETRIC_REPRESENTATION_CONTEXT() REPRESENTATION_CONTEXT('2D SPACE',''
  ) );
#8417 = PCURVE('',#8268,#8418);
#8418 = DEFINITIONAL_REPRESENTATION('',(#8419),#8423);
#8419 = LINE('',#8420,#8421);
#8420 = CARTESIAN_POINT('',(-5.125,-12.15));
#8421 = VECTOR('',#8422,1.);
#8422 = DIRECTION('',(-1.,0.));
#8423 = ( GEOMETRIC_REPRESENTATION_CONTEXT(2) 
PARAMETRIC_REPRESENTATION_CONTEXT() REPRESENTATION_CONTEXT('2D SPACE',''
  ) );
#8424 = ORIENTED_EDGE('',*,*,#8354,.F.);
#8425 = ADVANCED_FACE('',(#8426),#2245,.T.);
#8426 = FACE_BOUND('',#8427,.T.);
#8427 = EDGE_LOOP('',(#8428,#8429,#8450,#8451));
#8428 = ORIENTED_EDGE('',*,*,#2228,.T.);
#8429 = ORIENTED_EDGE('',*,*,#8430,.T.);
#8430 = EDGE_CURVE('',#2231,#5782,#8431,.T.);
#8431 = SURFACE_CURVE('',#8432,(#8436,#8443),.PCURVE_S1.);
#8432 = LINE('',#8433,#8434);
#8433 = CARTESIAN_POINT('',(-12.,19.25,-1.));
#8434 = VECTOR('',#8435,1.);
#8435 = DIRECTION('',(0.,0.,1.));
#8436 = PCURVE('',#2245,#8437);
#8437 = DEFINITIONAL_REPRESENTATION('',(#8438),#8442);
#8438 = LINE('',#8439,#8440);
#8439 = CARTESIAN_POINT('',(0.,0.));
#8440 = VECTOR('',#8441,1.);
#8441 = DIRECTION('',(0.,-1.));
#8442 = ( GEOMETRIC_REPRESENTATION_CONTEXT(2) 
PARAMETRIC_REPRESENTATION_CONTEXT() REPRESENTATION_CONTEXT('2D SPACE',''
  ) );
#8443 = PCURVE('',#2271,#8444);
#8444 = DEFINITIONAL_REPRESENTATION('',(#8445),#8449);
#8445 = LINE('',#8446,#8447);
#8446 = CARTESIAN_POINT('',(26.,0.));
#8447 = VECTOR('',#8448,1.);
#8448 = DIRECTION('',(0.,-1.));
#8449 = ( GEOMETRIC_REPRESENTATION_CONTEXT(2) 
PARAMETRIC_REPRESENTATION_CONTEXT() REPRESENTATION_CONTEXT('2D SPACE',''
  ) );
#8450 = ORIENTED_EDGE('',*,*,#5779,.F.);
#8451 = ORIENTED_EDGE('',*,*,#8452,.F.);
#8452 = EDGE_CURVE('',#2229,#5780,#8453,.T.);
#8453 = SURFACE_CURVE('',#8454,(#8458,#8465),.PCURVE_S1.);
#8454 = LINE('',#8455,#8456);
#8455 = CARTESIAN_POINT('',(-12.,23.75,-1.));
#8456 = VECTOR('',#8457,1.);
#8457 = DIRECTION('',(0.,0.,1.));
#8458 = PCURVE('',#2245,#8459);
#8459 = DEFINITIONAL_REPRESENTATION('',(#8460),#8464);
#8460 = LINE('',#8461,#8462);
#8461 = CARTESIAN_POINT('',(4.5,0.));
#8462 = VECTOR('',#8463,1.);
#8463 = DIRECTION('',(0.,-1.));
#8464 = ( GEOMETRIC_REPRESENTATION_CONTEXT(2) 
PARAMETRIC_REPRESENTATION_CONTEXT() REPRESENTATION_CONTEXT('2D SPACE',''
  ) );
#8465 = PCURVE('',#2321,#8466);
#8466 = DEFINITIONAL_REPRESENTATION('',(#8467),#8471);
#8467 = LINE('',#8468,#8469);
#8468 = CARTESIAN_POINT('',(0.,-0.));
#8469 = VECTOR('',#8470,1.);
#8470 = DIRECTION('',(0.,-1.));
#8471 = ( GEOMETRIC_REPRESENTATION_CONTEXT(2) 
PARAMETRIC_REPRESENTATION_CONTEXT() REPRESENTATION_CONTEXT('2D SPACE',''
  ) );
#8472 = ADVANCED_FACE('',(#8473),#2321,.T.);
#8473 = FACE_BOUND('',#8474,.T.);
#8474 = EDGE_LOOP('',(#8475,#8476,#8477,#8478));
#8475 = ORIENTED_EDGE('',*,*,#2308,.T.);
#8476 = ORIENTED_EDGE('',*,*,#8452,.T.);
#8477 = ORIENTED_EDGE('',*,*,#5844,.F.);
#8478 = ORIENTED_EDGE('',*,*,#8479,.F.);
#8479 = EDGE_CURVE('',#2283,#5824,#8480,.T.);
#8480 = SURFACE_CURVE('',#8481,(#8485,#8492),.PCURVE_S1.);
#8481 = LINE('',#8482,#8483);
#8482 = CARTESIAN_POINT('',(-38.,23.75,-1.));
#8483 = VECTOR('',#8484,1.);
#8484 = DIRECTION('',(0.,0.,1.));
#8485 = PCURVE('',#2321,#8486);
#8486 = DEFINITIONAL_REPRESENTATION('',(#8487),#8491);
#8487 = LINE('',#8488,#8489);
#8488 = CARTESIAN_POINT('',(26.,0.));
#8489 = VECTOR('',#8490,1.);
#8490 = DIRECTION('',(0.,-1.));
#8491 = ( GEOMETRIC_REPRESENTATION_CONTEXT(2) 
PARAMETRIC_REPRESENTATION_CONTEXT() REPRESENTATION_CONTEXT('2D SPACE',''
  ) );
#8492 = PCURVE('',#2297,#8493);
#8493 = DEFINITIONAL_REPRESENTATION('',(#8494),#8498);
#8494 = LINE('',#8495,#8496);
#8495 = CARTESIAN_POINT('',(0.,0.));
#8496 = VECTOR('',#8497,1.);
#8497 = DIRECTION('',(0.,-1.));
#8498 = ( GEOMETRIC_REPRESENTATION_CONTEXT(2) 
PARAMETRIC_REPRESENTATION_CONTEXT() REPRESENTATION_CONTEXT('2D SPACE',''
  ) );
#8499 = ADVANCED_FACE('',(#8500),#2271,.T.);
#8500 = FACE_BOUND('',#8501,.T.);
#8501 = EDGE_LOOP('',(#8502,#8503,#8524,#8525));
#8502 = ORIENTED_EDGE('',*,*,#2256,.T.);
#8503 = ORIENTED_EDGE('',*,*,#8504,.T.);
#8504 = EDGE_CURVE('',#2257,#5803,#8505,.T.);
#8505 = SURFACE_CURVE('',#8506,(#8510,#8517),.PCURVE_S1.);
#8506 = LINE('',#8507,#8508);
#8507 = CARTESIAN_POINT('',(-38.,19.25,-1.));
#8508 = VECTOR('',#8509,1.);
#8509 = DIRECTION('',(0.,0.,1.));
#8510 = PCURVE('',#2271,#8511);
#8511 = DEFINITIONAL_REPRESENTATION('',(#8512),#8516);
#8512 = LINE('',#8513,#8514);
#8513 = CARTESIAN_POINT('',(0.,0.));
#8514 = VECTOR('',#8515,1.);
#8515 = DIRECTION('',(0.,-1.));
#8516 = ( GEOMETRIC_REPRESENTATION_CONTEXT(2) 
PARAMETRIC_REPRESENTATION_CONTEXT() REPRESENTATION_CONTEXT('2D SPACE',''
  ) );
#8517 = PCURVE('',#2297,#8518);
#8518 = DEFINITIONAL_REPRESENTATION('',(#8519),#8523);
#8519 = LINE('',#8520,#8521);
#8520 = CARTESIAN_POINT('',(4.5,0.));
#8521 = VECTOR('',#8522,1.);
#8522 = DIRECTION('',(0.,-1.));
#8523 = ( GEOMETRIC_REPRESENTATION_CONTEXT(2) 
PARAMETRIC_REPRESENTATION_CONTEXT() REPRESENTATION_CONTEXT('2D SPACE',''
  ) );
#8524 = ORIENTED_EDGE('',*,*,#5802,.F.);
#8525 = ORIENTED_EDGE('',*,*,#8430,.F.);
#8526 = ADVANCED_FACE('',(#8527),#2297,.T.);
#8527 = FACE_BOUND('',#8528,.T.);
#8528 = EDGE_LOOP('',(#8529,#8530,#8531,#8532));
#8529 = ORIENTED_EDGE('',*,*,#2282,.T.);
#8530 = ORIENTED_EDGE('',*,*,#8479,.T.);
#8531 = ORIENTED_EDGE('',*,*,#5823,.F.);
#8532 = ORIENTED_EDGE('',*,*,#8504,.F.);
#8533 = ADVANCED_FACE('',(#8534),#2355,.F.);
#8534 = FACE_BOUND('',#8535,.T.);
#8535 = EDGE_LOOP('',(#8536,#8537,#8558,#8559));
#8536 = ORIENTED_EDGE('',*,*,#2334,.T.);
#8537 = ORIENTED_EDGE('',*,*,#8538,.T.);
#8538 = EDGE_CURVE('',#2335,#5750,#8539,.T.);
#8539 = SEAM_CURVE('',#8540,(#8544,#8551),.PCURVE_S1.);
#8540 = LINE('',#8541,#8542);
#8541 = CARTESIAN_POINT('',(2.05,15.,-0.5));
#8542 = VECTOR('',#8543,1.);
#8543 = DIRECTION('',(0.,0.,1.));
#8544 = PCURVE('',#2355,#8545);
#8545 = DEFINITIONAL_REPRESENTATION('',(#8546),#8550);
#8546 = LINE('',#8547,#8548);
#8547 = CARTESIAN_POINT('',(-6.28318530718,0.));
#8548 = VECTOR('',#8549,1.);
#8549 = DIRECTION('',(-0.,-1.));
#8550 = ( GEOMETRIC_REPRESENTATION_CONTEXT(2) 
PARAMETRIC_REPRESENTATION_CONTEXT() REPRESENTATION_CONTEXT('2D SPACE',''
  ) );
#8551 = PCURVE('',#2355,#8552);
#8552 = DEFINITIONAL_REPRESENTATION('',(#8553),#8557);
#8553 = LINE('',#8554,#8555);
#8554 = CARTESIAN_POINT('',(-0.,0.));
#8555 = VECTOR('',#8556,1.);
#8556 = DIRECTION('',(-0.,-1.));
#8557 = ( GEOMETRIC_REPRESENTATION_CONTEXT(2) 
PARAMETRIC_REPRESENTATION_CONTEXT() REPRESENTATION_CONTEXT('2D SPACE',''
  ) );
#8558 = ORIENTED_EDGE('',*,*,#5749,.F.);
#8559 = ORIENTED_EDGE('',*,*,#8538,.F.);
#8560 = ADVANCED_FACE('',(#8561),#2390,.F.);
#8561 = FACE_BOUND('',#8562,.T.);
#8562 = EDGE_LOOP('',(#8563,#8564,#8585,#8586));
#8563 = ORIENTED_EDGE('',*,*,#2369,.T.);
#8564 = ORIENTED_EDGE('',*,*,#8565,.T.);
#8565 = EDGE_CURVE('',#2370,#5866,#8566,.T.);
#8566 = SEAM_CURVE('',#8567,(#8571,#8578),.PCURVE_S1.);
#8567 = LINE('',#8568,#8569);
#8568 = CARTESIAN_POINT('',(-7.95,20.,-0.5));
#8569 = VECTOR('',#8570,1.);
#8570 = DIRECTION('',(0.,0.,1.));
#8571 = PCURVE('',#2390,#8572);
#8572 = DEFINITIONAL_REPRESENTATION('',(#8573),#8577);
#8573 = LINE('',#8574,#8575);
#8574 = CARTESIAN_POINT('',(-6.28318530718,0.));
#8575 = VECTOR('',#8576,1.);
#8576 = DIRECTION('',(-0.,-1.));
#8577 = ( GEOMETRIC_REPRESENTATION_CONTEXT(2) 
PARAMETRIC_REPRESENTATION_CONTEXT() REPRESENTATION_CONTEXT('2D SPACE',''
  ) );
#8578 = PCURVE('',#2390,#8579);
#8579 = DEFINITIONAL_REPRESENTATION('',(#8580),#8584);
#8580 = LINE('',#8581,#8582);
#8581 = CARTESIAN_POINT('',(-0.,0.));
#8582 = VECTOR('',#8583,1.);
#8583 = DIRECTION('',(-0.,-1.));
#8584 = ( GEOMETRIC_REPRESENTATION_CONTEXT(2) 
PARAMETRIC_REPRESENTATION_CONTEXT() REPRESENTATION_CONTEXT('2D SPACE',''
  ) );
#8585 = ORIENTED_EDGE('',*,*,#5865,.F.);
#8586 = ORIENTED_EDGE('',*,*,#8565,.F.);
#8587 = ADVANCED_FACE('',(#8588),#2425,.F.);
#8588 = FACE_BOUND('',#8589,.T.);
#8589 = EDGE_LOOP('',(#8590,#8591,#8612,#8613));
#8590 = ORIENTED_EDGE('',*,*,#2404,.T.);
#8591 = ORIENTED_EDGE('',*,*,#8592,.T.);
#8592 = EDGE_CURVE('',#2405,#5896,#8593,.T.);
#8593 = SEAM_CURVE('',#8594,(#8598,#8605),.PCURVE_S1.);
#8594 = LINE('',#8595,#8596);
#8595 = CARTESIAN_POINT('',(7.05,20.,-0.5));
#8596 = VECTOR('',#8597,1.);
#8597 = DIRECTION('',(0.,0.,1.));
#8598 = PCURVE('',#2425,#8599);
#8599 = DEFINITIONAL_REPRESENTATION('',(#8600),#8604);
#8600 = LINE('',#8601,#8602);
#8601 = CARTESIAN_POINT('',(-6.28318530718,0.));
#8602 = VECTOR('',#8603,1.);
#8603 = DIRECTION('',(-0.,-1.));
#8604 = ( GEOMETRIC_REPRESENTATION_CONTEXT(2) 
PARAMETRIC_REPRESENTATION_CONTEXT() REPRESENTATION_CONTEXT('2D SPACE',''
  ) );
#8605 = PCURVE('',#2425,#8606);
#8606 = DEFINITIONAL_REPRESENTATION('',(#8607),#8611);
#8607 = LINE('',#8608,#8609);
#8608 = CARTESIAN_POINT('',(-0.,0.));
#8609 = VECTOR('',#8610,1.);
#8610 = DIRECTION('',(-0.,-1.));
#8611 = ( GEOMETRIC_REPRESENTATION_CONTEXT(2) 
PARAMETRIC_REPRESENTATION_CONTEXT() REPRESENTATION_CONTEXT('2D SPACE',''
  ) );
#8612 = ORIENTED_EDGE('',*,*,#5895,.F.);
#8613 = ORIENTED_EDGE('',*,*,#8592,.F.);
#8614 = ADVANCED_FACE('',(#8615),#2460,.F.);
#8615 = FACE_BOUND('',#8616,.T.);
#8616 = EDGE_LOOP('',(#8617,#8618,#8639,#8640));
#8617 = ORIENTED_EDGE('',*,*,#2439,.T.);
#8618 = ORIENTED_EDGE('',*,*,#8619,.T.);
#8619 = EDGE_CURVE('',#2440,#5957,#8620,.T.);
#8620 = SEAM_CURVE('',#8621,(#8625,#8632),.PCURVE_S1.);
#8621 = LINE('',#8622,#8623);
#8622 = CARTESIAN_POINT('',(7.05,25.,-0.5));
#8623 = VECTOR('',#8624,1.);
#8624 = DIRECTION('',(0.,0.,1.));
#8625 = PCURVE('',#2460,#8626);
#8626 = DEFINITIONAL_REPRESENTATION('',(#8627),#8631);
#8627 = LINE('',#8628,#8629);
#8628 = CARTESIAN_POINT('',(-6.28318530718,0.));
#8629 = VECTOR('',#8630,1.);
#8630 = DIRECTION('',(-0.,-1.));
#8631 = ( GEOMETRIC_REPRESENTATION_CONTEXT(2) 
PARAMETRIC_REPRESENTATION_CONTEXT() REPRESENTATION_CONTEXT('2D SPACE',''
  ) );
#8632 = PCURVE('',#2460,#8633);
#8633 = DEFINITIONAL_REPRESENTATION('',(#8634),#8638);
#8634 = LINE('',#8635,#8636);
#8635 = CARTESIAN_POINT('',(-0.,0.));
#8636 = VECTOR('',#8637,1.);
#8637 = DIRECTION('',(-0.,-1.));
#8638 = ( GEOMETRIC_REPRESENTATION_CONTEXT(2) 
PARAMETRIC_REPRESENTATION_CONTEXT() REPRESENTATION_CONTEXT('2D SPACE',''
  ) );
#8639 = ORIENTED_EDGE('',*,*,#5956,.F.);
#8640 = ORIENTED_EDGE('',*,*,#8619,.F.);
#8641 = ADVANCED_FACE('',(#8642),#2491,.T.);
#8642 = FACE_BOUND('',#8643,.T.);
#8643 = EDGE_LOOP('',(#8644,#8645,#8668,#8696));
#8644 = ORIENTED_EDGE('',*,*,#2474,.T.);
#8645 = ORIENTED_EDGE('',*,*,#8646,.T.);
#8646 = EDGE_CURVE('',#2477,#8647,#8649,.T.);
#8647 = VERTEX_POINT('',#8648);
#8648 = CARTESIAN_POINT('',(30.25,12.15,2.));
#8649 = SURFACE_CURVE('',#8650,(#8654,#8661),.PCURVE_S1.);
#8650 = LINE('',#8651,#8652);
#8651 = CARTESIAN_POINT('',(30.25,12.15,-0.5));
#8652 = VECTOR('',#8653,1.);
#8653 = DIRECTION('',(0.,0.,1.));
#8654 = PCURVE('',#2491,#8655);
#8655 = DEFINITIONAL_REPRESENTATION('',(#8656),#8660);
#8656 = LINE('',#8657,#8658);
#8657 = CARTESIAN_POINT('',(0.,-0.));
#8658 = VECTOR('',#8659,1.);
#8659 = DIRECTION('',(0.,-1.));
#8660 = ( GEOMETRIC_REPRESENTATION_CONTEXT(2) 
PARAMETRIC_REPRESENTATION_CONTEXT() REPRESENTATION_CONTEXT('2D SPACE',''
  ) );
#8661 = PCURVE('',#2517,#8662);
#8662 = DEFINITIONAL_REPRESENTATION('',(#8663),#8667);
#8663 = LINE('',#8664,#8665);
#8664 = CARTESIAN_POINT('',(24.3,0.));
#8665 = VECTOR('',#8666,1.);
#8666 = DIRECTION('',(0.,-1.));
#8667 = ( GEOMETRIC_REPRESENTATION_CONTEXT(2) 
PARAMETRIC_REPRESENTATION_CONTEXT() REPRESENTATION_CONTEXT('2D SPACE',''
  ) );
#8668 = ORIENTED_EDGE('',*,*,#8669,.F.);
#8669 = EDGE_CURVE('',#8670,#8647,#8672,.T.);
#8670 = VERTEX_POINT('',#8671);
#8671 = CARTESIAN_POINT('',(9.75,12.15,2.));
#8672 = SURFACE_CURVE('',#8673,(#8677,#8684),.PCURVE_S1.);
#8673 = LINE('',#8674,#8675);
#8674 = CARTESIAN_POINT('',(25.125,12.15,2.));
#8675 = VECTOR('',#8676,1.);
#8676 = DIRECTION('',(1.,0.,-0.));
#8677 = PCURVE('',#2491,#8678);
#8678 = DEFINITIONAL_REPRESENTATION('',(#8679),#8683);
#8679 = LINE('',#8680,#8681);
#8680 = CARTESIAN_POINT('',(5.125,-2.5));
#8681 = VECTOR('',#8682,1.);
#8682 = DIRECTION('',(-1.,0.));
#8683 = ( GEOMETRIC_REPRESENTATION_CONTEXT(2) 
PARAMETRIC_REPRESENTATION_CONTEXT() REPRESENTATION_CONTEXT('2D SPACE',''
  ) );
#8684 = PCURVE('',#8685,#8690);
#8685 = PLANE('',#8686);
#8686 = AXIS2_PLACEMENT_3D('',#8687,#8688,#8689);
#8687 = CARTESIAN_POINT('',(20.,0.,2.));
#8688 = DIRECTION('',(0.,0.,1.));
#8689 = DIRECTION('',(1.,0.,-0.));
#8690 = DEFINITIONAL_REPRESENTATION('',(#8691),#8695);
#8691 = LINE('',#8692,#8693);
#8692 = CARTESIAN_POINT('',(5.125,12.15));
#8693 = VECTOR('',#8694,1.);
#8694 = DIRECTION('',(1.,0.));
#8695 = ( GEOMETRIC_REPRESENTATION_CONTEXT(2) 
PARAMETRIC_REPRESENTATION_CONTEXT() REPRESENTATION_CONTEXT('2D SPACE',''
  ) );
#8696 = ORIENTED_EDGE('',*,*,#8697,.F.);
#8697 = EDGE_CURVE('',#2475,#8670,#8698,.T.);
#8698 = SURFACE_CURVE('',#8699,(#8703,#8710),.PCURVE_S1.);
#8699 = LINE('',#8700,#8701);
#8700 = CARTESIAN_POINT('',(9.75,12.15,-0.5));
#8701 = VECTOR('',#8702,1.);
#8702 = DIRECTION('',(0.,0.,1.));
#8703 = PCURVE('',#2491,#8704);
#8704 = DEFINITIONAL_REPRESENTATION('',(#8705),#8709);
#8705 = LINE('',#8706,#8707);
#8706 = CARTESIAN_POINT('',(20.5,0.));
#8707 = VECTOR('',#8708,1.);
#8708 = DIRECTION('',(0.,-1.));
#8709 = ( GEOMETRIC_REPRESENTATION_CONTEXT(2) 
PARAMETRIC_REPRESENTATION_CONTEXT() REPRESENTATION_CONTEXT('2D SPACE',''
  ) );
#8710 = PCURVE('',#2567,#8711);
#8711 = DEFINITIONAL_REPRESENTATION('',(#8712),#8716);
#8712 = LINE('',#8713,#8714);
#8713 = CARTESIAN_POINT('',(0.,0.));
#8714 = VECTOR('',#8715,1.);
#8715 = DIRECTION('',(0.,-1.));
#8716 = ( GEOMETRIC_REPRESENTATION_CONTEXT(2) 
PARAMETRIC_REPRESENTATION_CONTEXT() REPRESENTATION_CONTEXT('2D SPACE',''
  ) );
#8717 = ADVANCED_FACE('',(#8718),#2567,.T.);
#8718 = FACE_BOUND('',#8719,.T.);
#8719 = EDGE_LOOP('',(#8720,#8721,#8722,#8745));
#8720 = ORIENTED_EDGE('',*,*,#2554,.T.);
#8721 = ORIENTED_EDGE('',*,*,#8697,.T.);
#8722 = ORIENTED_EDGE('',*,*,#8723,.F.);
#8723 = EDGE_CURVE('',#8724,#8670,#8726,.T.);
#8724 = VERTEX_POINT('',#8725);
#8725 = CARTESIAN_POINT('',(9.75,-12.15,2.));
#8726 = SURFACE_CURVE('',#8727,(#8731,#8738),.PCURVE_S1.);
#8727 = LINE('',#8728,#8729);
#8728 = CARTESIAN_POINT('',(9.75,6.075,2.));
#8729 = VECTOR('',#8730,1.);
#8730 = DIRECTION('',(-0.,1.,0.));
#8731 = PCURVE('',#2567,#8732);
#8732 = DEFINITIONAL_REPRESENTATION('',(#8733),#8737);
#8733 = LINE('',#8734,#8735);
#8734 = CARTESIAN_POINT('',(6.075,-2.5));
#8735 = VECTOR('',#8736,1.);
#8736 = DIRECTION('',(-1.,-0.));
#8737 = ( GEOMETRIC_REPRESENTATION_CONTEXT(2) 
PARAMETRIC_REPRESENTATION_CONTEXT() REPRESENTATION_CONTEXT('2D SPACE',''
  ) );
#8738 = PCURVE('',#8685,#8739);
#8739 = DEFINITIONAL_REPRESENTATION('',(#8740),#8744);
#8740 = LINE('',#8741,#8742);
#8741 = CARTESIAN_POINT('',(-10.25,6.075));
#8742 = VECTOR('',#8743,1.);
#8743 = DIRECTION('',(0.,1.));
#8744 = ( GEOMETRIC_REPRESENTATION_CONTEXT(2) 
PARAMETRIC_REPRESENTATION_CONTEXT() REPRESENTATION_CONTEXT('2D SPACE',''
  ) );
#8745 = ORIENTED_EDGE('',*,*,#8746,.F.);
#8746 = EDGE_CURVE('',#2529,#8724,#8747,.T.);
#8747 = SURFACE_CURVE('',#8748,(#8752,#8759),.PCURVE_S1.);
#8748 = LINE('',#8749,#8750);
#8749 = CARTESIAN_POINT('',(9.75,-12.15,-0.5));
#8750 = VECTOR('',#8751,1.);
#8751 = DIRECTION('',(0.,0.,1.));
#8752 = PCURVE('',#2567,#8753);
#8753 = DEFINITIONAL_REPRESENTATION('',(#8754),#8758);
#8754 = LINE('',#8755,#8756);
#8755 = CARTESIAN_POINT('',(24.3,0.));
#8756 = VECTOR('',#8757,1.);
#8757 = DIRECTION('',(0.,-1.));
#8758 = ( GEOMETRIC_REPRESENTATION_CONTEXT(2) 
PARAMETRIC_REPRESENTATION_CONTEXT() REPRESENTATION_CONTEXT('2D SPACE',''
  ) );
#8759 = PCURVE('',#2543,#8760);
#8760 = DEFINITIONAL_REPRESENTATION('',(#8761),#8765);
#8761 = LINE('',#8762,#8763);
#8762 = CARTESIAN_POINT('',(0.,0.));
#8763 = VECTOR('',#8764,1.);
#8764 = DIRECTION('',(0.,-1.));
#8765 = ( GEOMETRIC_REPRESENTATION_CONTEXT(2) 
PARAMETRIC_REPRESENTATION_CONTEXT() REPRESENTATION_CONTEXT('2D SPACE',''
  ) );
#8766 = ADVANCED_FACE('',(#8767),#2543,.T.);
#8767 = FACE_BOUND('',#8768,.T.);
#8768 = EDGE_LOOP('',(#8769,#8770,#8771,#8794));
#8769 = ORIENTED_EDGE('',*,*,#2528,.T.);
#8770 = ORIENTED_EDGE('',*,*,#8746,.T.);
#8771 = ORIENTED_EDGE('',*,*,#8772,.F.);
#8772 = EDGE_CURVE('',#8773,#8724,#8775,.T.);
#8773 = VERTEX_POINT('',#8774);
#8774 = CARTESIAN_POINT('',(30.25,-12.15,2.));
#8775 = SURFACE_CURVE('',#8776,(#8780,#8787),.PCURVE_S1.);
#8776 = LINE('',#8777,#8778);
#8777 = CARTESIAN_POINT('',(14.875,-12.15,2.));
#8778 = VECTOR('',#8779,1.);
#8779 = DIRECTION('',(-1.,0.,0.));
#8780 = PCURVE('',#2543,#8781);
#8781 = DEFINITIONAL_REPRESENTATION('',(#8782),#8786);
#8782 = LINE('',#8783,#8784);
#8783 = CARTESIAN_POINT('',(5.125,-2.5));
#8784 = VECTOR('',#8785,1.);
#8785 = DIRECTION('',(-1.,0.));
#8786 = ( GEOMETRIC_REPRESENTATION_CONTEXT(2) 
PARAMETRIC_REPRESENTATION_CONTEXT() REPRESENTATION_CONTEXT('2D SPACE',''
  ) );
#8787 = PCURVE('',#8685,#8788);
#8788 = DEFINITIONAL_REPRESENTATION('',(#8789),#8793);
#8789 = LINE('',#8790,#8791);
#8790 = CARTESIAN_POINT('',(-5.125,-12.15));
#8791 = VECTOR('',#8792,1.);
#8792 = DIRECTION('',(-1.,0.));
#8793 = ( GEOMETRIC_REPRESENTATION_CONTEXT(2) 
PARAMETRIC_REPRESENTATION_CONTEXT() REPRESENTATION_CONTEXT('2D SPACE',''
  ) );
#8794 = ORIENTED_EDGE('',*,*,#8795,.F.);
#8795 = EDGE_CURVE('',#2503,#8773,#8796,.T.);
#8796 = SURFACE_CURVE('',#8797,(#8801,#8808),.PCURVE_S1.);
#8797 = LINE('',#8798,#8799);
#8798 = CARTESIAN_POINT('',(30.25,-12.15,-0.5));
#8799 = VECTOR('',#8800,1.);
#8800 = DIRECTION('',(0.,0.,1.));
#8801 = PCURVE('',#2543,#8802);
#8802 = DEFINITIONAL_REPRESENTATION('',(#8803),#8807);
#8803 = LINE('',#8804,#8805);
#8804 = CARTESIAN_POINT('',(20.5,0.));
#8805 = VECTOR('',#8806,1.);
#8806 = DIRECTION('',(0.,-1.));
#8807 = ( GEOMETRIC_REPRESENTATION_CONTEXT(2) 
PARAMETRIC_REPRESENTATION_CONTEXT() REPRESENTATION_CONTEXT('2D SPACE',''
  ) );
#8808 = PCURVE('',#2517,#8809);
#8809 = DEFINITIONAL_REPRESENTATION('',(#8810),#8814);
#8810 = LINE('',#8811,#8812);
#8811 = CARTESIAN_POINT('',(0.,0.));
#8812 = VECTOR('',#8813,1.);
#8813 = DIRECTION('',(0.,-1.));
#8814 = ( GEOMETRIC_REPRESENTATION_CONTEXT(2) 
PARAMETRIC_REPRESENTATION_CONTEXT() REPRESENTATION_CONTEXT('2D SPACE',''
  ) );
#8815 = ADVANCED_FACE('',(#8816),#2517,.T.);
#8816 = FACE_BOUND('',#8817,.T.);
#8817 = EDGE_LOOP('',(#8818,#8819,#8820,#8841));
#8818 = ORIENTED_EDGE('',*,*,#2502,.T.);
#8819 = ORIENTED_EDGE('',*,*,#8795,.T.);
#8820 = ORIENTED_EDGE('',*,*,#8821,.F.);
#8821 = EDGE_CURVE('',#8647,#8773,#8822,.T.);
#8822 = SURFACE_CURVE('',#8823,(#8827,#8834),.PCURVE_S1.);
#8823 = LINE('',#8824,#8825);
#8824 = CARTESIAN_POINT('',(30.25,-6.075,2.));
#8825 = VECTOR('',#8826,1.);
#8826 = DIRECTION('',(0.,-1.,0.));
#8827 = PCURVE('',#2517,#8828);
#8828 = DEFINITIONAL_REPRESENTATION('',(#8829),#8833);
#8829 = LINE('',#8830,#8831);
#8830 = CARTESIAN_POINT('',(6.075,-2.5));
#8831 = VECTOR('',#8832,1.);
#8832 = DIRECTION('',(-1.,0.));
#8833 = ( GEOMETRIC_REPRESENTATION_CONTEXT(2) 
PARAMETRIC_REPRESENTATION_CONTEXT() REPRESENTATION_CONTEXT('2D SPACE',''
  ) );
#8834 = PCURVE('',#8685,#8835);
#8835 = DEFINITIONAL_REPRESENTATION('',(#8836),#8840);
#8836 = LINE('',#8837,#8838);
#8837 = CARTESIAN_POINT('',(10.25,-6.075));
#8838 = VECTOR('',#8839,1.);
#8839 = DIRECTION('',(0.,-1.));
#8840 = ( GEOMETRIC_REPRESENTATION_CONTEXT(2) 
PARAMETRIC_REPRESENTATION_CONTEXT() REPRESENTATION_CONTEXT('2D SPACE',''
  ) );
#8841 = ORIENTED_EDGE('',*,*,#8646,.F.);
#8842 = ADVANCED_FACE('',(#8843),#2601,.F.);
#8843 = FACE_BOUND('',#8844,.T.);
#8844 = EDGE_LOOP('',(#8845,#8846,#8867,#8868));
#8845 = ORIENTED_EDGE('',*,*,#2580,.T.);
#8846 = ORIENTED_EDGE('',*,*,#8847,.T.);
#8847 = EDGE_CURVE('',#2581,#5600,#8848,.T.);
#8848 = SEAM_CURVE('',#8849,(#8853,#8860),.PCURVE_S1.);
#8849 = LINE('',#8850,#8851);
#8850 = CARTESIAN_POINT('',(42.05,0.,-0.5));
#8851 = VECTOR('',#8852,1.);
#8852 = DIRECTION('',(0.,0.,1.));
#8853 = PCURVE('',#2601,#8854);
#8854 = DEFINITIONAL_REPRESENTATION('',(#8855),#8859);
#8855 = LINE('',#8856,#8857);
#8856 = CARTESIAN_POINT('',(-6.28318530718,0.));
#8857 = VECTOR('',#8858,1.);
#8858 = DIRECTION('',(-0.,-1.));
#8859 = ( GEOMETRIC_REPRESENTATION_CONTEXT(2) 
PARAMETRIC_REPRESENTATION_CONTEXT() REPRESENTATION_CONTEXT('2D SPACE',''
  ) );
#8860 = PCURVE('',#2601,#8861);
#8861 = DEFINITIONAL_REPRESENTATION('',(#8862),#8866);
#8862 = LINE('',#8863,#8864);
#8863 = CARTESIAN_POINT('',(-0.,0.));
#8864 = VECTOR('',#8865,1.);
#8865 = DIRECTION('',(-0.,-1.));
#8866 = ( GEOMETRIC_REPRESENTATION_CONTEXT(2) 
PARAMETRIC_REPRESENTATION_CONTEXT() REPRESENTATION_CONTEXT('2D SPACE',''
  ) );
#8867 = ORIENTED_EDGE('',*,*,#5599,.F.);
#8868 = ORIENTED_EDGE('',*,*,#8847,.F.);
#8869 = ADVANCED_FACE('',(#8870),#2636,.F.);
#8870 = FACE_BOUND('',#8871,.T.);
#8871 = EDGE_LOOP('',(#8872,#8873,#8894,#8895));
#8872 = ORIENTED_EDGE('',*,*,#2615,.T.);
#8873 = ORIENTED_EDGE('',*,*,#8874,.T.);
#8874 = EDGE_CURVE('',#2616,#5987,#8875,.T.);
#8875 = SEAM_CURVE('',#8876,(#8880,#8887),.PCURVE_S1.);
#8876 = LINE('',#8877,#8878);
#8877 = CARTESIAN_POINT('',(42.05,5.,-0.5));
#8878 = VECTOR('',#8879,1.);
#8879 = DIRECTION('',(0.,0.,1.));
#8880 = PCURVE('',#2636,#8881);
#8881 = DEFINITIONAL_REPRESENTATION('',(#8882),#8886);
#8882 = LINE('',#8883,#8884);
#8883 = CARTESIAN_POINT('',(-6.28318530718,0.));
#8884 = VECTOR('',#8885,1.);
#8885 = DIRECTION('',(-0.,-1.));
#8886 = ( GEOMETRIC_REPRESENTATION_CONTEXT(2) 
PARAMETRIC_REPRESENTATION_CONTEXT() REPRESENTATION_CONTEXT('2D SPACE',''
  ) );
#8887 = PCURVE('',#2636,#8888);
#8888 = DEFINITIONAL_REPRESENTATION('',(#8889),#8893);
#8889 = LINE('',#8890,#8891);
#8890 = CARTESIAN_POINT('',(-0.,0.));
#8891 = VECTOR('',#8892,1.);
#8892 = DIRECTION('',(-0.,-1.));
#8893 = ( GEOMETRIC_REPRESENTATION_CONTEXT(2) 
PARAMETRIC_REPRESENTATION_CONTEXT() REPRESENTATION_CONTEXT('2D SPACE',''
  ) );
#8894 = ORIENTED_EDGE('',*,*,#5986,.F.);
#8895 = ORIENTED_EDGE('',*,*,#8874,.F.);
#8896 = ADVANCED_FACE('',(#8897),#2671,.F.);
#8897 = FACE_BOUND('',#8898,.T.);
#8898 = EDGE_LOOP('',(#8899,#8900,#8921,#8922));
#8899 = ORIENTED_EDGE('',*,*,#2650,.T.);
#8900 = ORIENTED_EDGE('',*,*,#8901,.T.);
#8901 = EDGE_CURVE('',#2651,#5720,#8902,.T.);
#8902 = SEAM_CURVE('',#8903,(#8907,#8914),.PCURVE_S1.);
#8903 = LINE('',#8904,#8905);
#8904 = CARTESIAN_POINT('',(47.05,0.,-0.5));
#8905 = VECTOR('',#8906,1.);
#8906 = DIRECTION('',(0.,0.,1.));
#8907 = PCURVE('',#2671,#8908);
#8908 = DEFINITIONAL_REPRESENTATION('',(#8909),#8913);
#8909 = LINE('',#8910,#8911);
#8910 = CARTESIAN_POINT('',(-6.28318530718,0.));
#8911 = VECTOR('',#8912,1.);
#8912 = DIRECTION('',(-0.,-1.));
#8913 = ( GEOMETRIC_REPRESENTATION_CONTEXT(2) 
PARAMETRIC_REPRESENTATION_CONTEXT() REPRESENTATION_CONTEXT('2D SPACE',''
  ) );
#8914 = PCURVE('',#2671,#8915);
#8915 = DEFINITIONAL_REPRESENTATION('',(#8916),#8920);
#8916 = LINE('',#8917,#8918);
#8917 = CARTESIAN_POINT('',(-0.,0.));
#8918 = VECTOR('',#8919,1.);
#8919 = DIRECTION('',(-0.,-1.));
#8920 = ( GEOMETRIC_REPRESENTATION_CONTEXT(2) 
PARAMETRIC_REPRESENTATION_CONTEXT() REPRESENTATION_CONTEXT('2D SPACE',''
  ) );
#8921 = ORIENTED_EDGE('',*,*,#5719,.F.);
#8922 = ORIENTED_EDGE('',*,*,#8901,.F.);
#8923 = ADVANCED_FACE('',(#8924),#2706,.F.);
#8924 = FACE_BOUND('',#8925,.T.);
#8925 = EDGE_LOOP('',(#8926,#8927,#8948,#8949));
#8926 = ORIENTED_EDGE('',*,*,#2685,.T.);
#8927 = ORIENTED_EDGE('',*,*,#8928,.T.);
#8928 = EDGE_CURVE('',#2686,#6048,#8929,.T.);
#8929 = SEAM_CURVE('',#8930,(#8934,#8941),.PCURVE_S1.);
#8930 = LINE('',#8931,#8932);
#8931 = CARTESIAN_POINT('',(42.05,10.,-0.5));
#8932 = VECTOR('',#8933,1.);
#8933 = DIRECTION('',(0.,0.,1.));
#8934 = PCURVE('',#2706,#8935);
#8935 = DEFINITIONAL_REPRESENTATION('',(#8936),#8940);
#8936 = LINE('',#8937,#8938);
#8937 = CARTESIAN_POINT('',(-6.28318530718,0.));
#8938 = VECTOR('',#8939,1.);
#8939 = DIRECTION('',(-0.,-1.));
#8940 = ( GEOMETRIC_REPRESENTATION_CONTEXT(2) 
PARAMETRIC_REPRESENTATION_CONTEXT() REPRESENTATION_CONTEXT('2D SPACE',''
  ) );
#8941 = PCURVE('',#2706,#8942);
#8942 = DEFINITIONAL_REPRESENTATION('',(#8943),#8947);
#8943 = LINE('',#8944,#8945);
#8944 = CARTESIAN_POINT('',(-0.,0.));
#8945 = VECTOR('',#8946,1.);
#8946 = DIRECTION('',(-0.,-1.));
#8947 = ( GEOMETRIC_REPRESENTATION_CONTEXT(2) 
PARAMETRIC_REPRESENTATION_CONTEXT() REPRESENTATION_CONTEXT('2D SPACE',''
  ) );
#8948 = ORIENTED_EDGE('',*,*,#6047,.F.);
#8949 = ORIENTED_EDGE('',*,*,#8928,.F.);
#8950 = ADVANCED_FACE('',(#8951),#2741,.F.);
#8951 = FACE_BOUND('',#8952,.T.);
#8952 = EDGE_LOOP('',(#8953,#8954,#8975,#8976));
#8953 = ORIENTED_EDGE('',*,*,#2720,.T.);
#8954 = ORIENTED_EDGE('',*,*,#8955,.T.);
#8955 = EDGE_CURVE('',#2721,#6108,#8956,.T.);
#8956 = SEAM_CURVE('',#8957,(#8961,#8968),.PCURVE_S1.);
#8957 = LINE('',#8958,#8959);
#8958 = CARTESIAN_POINT('',(47.05,10.,-0.5));
#8959 = VECTOR('',#8960,1.);
#8960 = DIRECTION('',(0.,0.,1.));
#8961 = PCURVE('',#2741,#8962);
#8962 = DEFINITIONAL_REPRESENTATION('',(#8963),#8967);
#8963 = LINE('',#8964,#8965);
#8964 = CARTESIAN_POINT('',(-6.28318530718,0.));
#8965 = VECTOR('',#8966,1.);
#8966 = DIRECTION('',(-0.,-1.));
#8967 = ( GEOMETRIC_REPRESENTATION_CONTEXT(2) 
PARAMETRIC_REPRESENTATION_CONTEXT() REPRESENTATION_CONTEXT('2D SPACE',''
  ) );
#8968 = PCURVE('',#2741,#8969);
#8969 = DEFINITIONAL_REPRESENTATION('',(#8970),#8974);
#8970 = LINE('',#8971,#8972);
#8971 = CARTESIAN_POINT('',(-0.,0.));
#8972 = VECTOR('',#8973,1.);
#8973 = DIRECTION('',(-0.,-1.));
#8974 = ( GEOMETRIC_REPRESENTATION_CONTEXT(2) 
PARAMETRIC_REPRESENTATION_CONTEXT() REPRESENTATION_CONTEXT('2D SPACE',''
  ) );
#8975 = ORIENTED_EDGE('',*,*,#6107,.F.);
#8976 = ORIENTED_EDGE('',*,*,#8955,.F.);
#8977 = ADVANCED_FACE('',(#8978),#2776,.F.);
#8978 = FACE_BOUND('',#8979,.T.);
#8979 = EDGE_LOOP('',(#8980,#8981,#9002,#9003));
#8980 = ORIENTED_EDGE('',*,*,#2755,.T.);
#8981 = ORIENTED_EDGE('',*,*,#8982,.T.);
#8982 = EDGE_CURVE('',#2756,#6228,#8983,.T.);
#8983 = SEAM_CURVE('',#8984,(#8988,#8995),.PCURVE_S1.);
#8984 = LINE('',#8985,#8986);
#8985 = CARTESIAN_POINT('',(12.05,20.,-0.5));
#8986 = VECTOR('',#8987,1.);
#8987 = DIRECTION('',(0.,0.,1.));
#8988 = PCURVE('',#2776,#8989);
#8989 = DEFINITIONAL_REPRESENTATION('',(#8990),#8994);
#8990 = LINE('',#8991,#8992);
#8991 = CARTESIAN_POINT('',(-6.28318530718,0.));
#8992 = VECTOR('',#8993,1.);
#8993 = DIRECTION('',(-0.,-1.));
#8994 = ( GEOMETRIC_REPRESENTATION_CONTEXT(2) 
PARAMETRIC_REPRESENTATION_CONTEXT() REPRESENTATION_CONTEXT('2D SPACE',''
  ) );
#8995 = PCURVE('',#2776,#8996);
#8996 = DEFINITIONAL_REPRESENTATION('',(#8997),#9001);
#8997 = LINE('',#8998,#8999);
#8998 = CARTESIAN_POINT('',(-0.,0.));
#8999 = VECTOR('',#9000,1.);
#9000 = DIRECTION('',(-0.,-1.));
#9001 = ( GEOMETRIC_REPRESENTATION_CONTEXT(2) 
PARAMETRIC_REPRESENTATION_CONTEXT() REPRESENTATION_CONTEXT('2D SPACE',''
  ) );
#9002 = ORIENTED_EDGE('',*,*,#6227,.F.);
#9003 = ORIENTED_EDGE('',*,*,#8982,.F.);
#9004 = ADVANCED_FACE('',(#9005),#2811,.F.);
#9005 = FACE_BOUND('',#9006,.T.);
#9006 = EDGE_LOOP('',(#9007,#9008,#9029,#9030));
#9007 = ORIENTED_EDGE('',*,*,#2790,.T.);
#9008 = ORIENTED_EDGE('',*,*,#9009,.T.);
#9009 = EDGE_CURVE('',#2791,#6258,#9010,.T.);
#9010 = SEAM_CURVE('',#9011,(#9015,#9022),.PCURVE_S1.);
#9011 = LINE('',#9012,#9013);
#9012 = CARTESIAN_POINT('',(17.05,20.,-0.5));
#9013 = VECTOR('',#9014,1.);
#9014 = DIRECTION('',(0.,0.,1.));
#9015 = PCURVE('',#2811,#9016);
#9016 = DEFINITIONAL_REPRESENTATION('',(#9017),#9021);
#9017 = LINE('',#9018,#9019);
#9018 = CARTESIAN_POINT('',(-6.28318530718,0.));
#9019 = VECTOR('',#9020,1.);
#9020 = DIRECTION('',(-0.,-1.));
#9021 = ( GEOMETRIC_REPRESENTATION_CONTEXT(2) 
PARAMETRIC_REPRESENTATION_CONTEXT() REPRESENTATION_CONTEXT('2D SPACE',''
  ) );
#9022 = PCURVE('',#2811,#9023);
#9023 = DEFINITIONAL_REPRESENTATION('',(#9024),#9028);
#9024 = LINE('',#9025,#9026);
#9025 = CARTESIAN_POINT('',(-0.,0.));
#9026 = VECTOR('',#9027,1.);
#9027 = DIRECTION('',(-0.,-1.));
#9028 = ( GEOMETRIC_REPRESENTATION_CONTEXT(2) 
PARAMETRIC_REPRESENTATION_CONTEXT() REPRESENTATION_CONTEXT('2D SPACE',''
  ) );
#9029 = ORIENTED_EDGE('',*,*,#6257,.F.);
#9030 = ORIENTED_EDGE('',*,*,#9009,.F.);
#9031 = ADVANCED_FACE('',(#9032),#2846,.F.);
#9032 = FACE_BOUND('',#9033,.T.);
#9033 = EDGE_LOOP('',(#9034,#9035,#9056,#9057));
#9034 = ORIENTED_EDGE('',*,*,#2825,.T.);
#9035 = ORIENTED_EDGE('',*,*,#9036,.T.);
#9036 = EDGE_CURVE('',#2826,#6288,#9037,.T.);
#9037 = SEAM_CURVE('',#9038,(#9042,#9049),.PCURVE_S1.);
#9038 = LINE('',#9039,#9040);
#9039 = CARTESIAN_POINT('',(22.05,20.,-0.5));
#9040 = VECTOR('',#9041,1.);
#9041 = DIRECTION('',(0.,0.,1.));
#9042 = PCURVE('',#2846,#9043);
#9043 = DEFINITIONAL_REPRESENTATION('',(#9044),#9048);
#9044 = LINE('',#9045,#9046);
#9045 = CARTESIAN_POINT('',(-6.28318530718,0.));
#9046 = VECTOR('',#9047,1.);
#9047 = DIRECTION('',(-0.,-1.));
#9048 = ( GEOMETRIC_REPRESENTATION_CONTEXT(2) 
PARAMETRIC_REPRESENTATION_CONTEXT() REPRESENTATION_CONTEXT('2D SPACE',''
  ) );
#9049 = PCURVE('',#2846,#9050);
#9050 = DEFINITIONAL_REPRESENTATION('',(#9051),#9055);
#9051 = LINE('',#9052,#9053);
#9052 = CARTESIAN_POINT('',(-0.,0.));
#9053 = VECTOR('',#9054,1.);
#9054 = DIRECTION('',(-0.,-1.));
#9055 = ( GEOMETRIC_REPRESENTATION_CONTEXT(2) 
PARAMETRIC_REPRESENTATION_CONTEXT() REPRESENTATION_CONTEXT('2D SPACE',''
  ) );
#9056 = ORIENTED_EDGE('',*,*,#6287,.F.);
#9057 = ORIENTED_EDGE('',*,*,#9036,.F.);
#9058 = ADVANCED_FACE('',(#9059),#2881,.F.);
#9059 = FACE_BOUND('',#9060,.T.);
#9060 = EDGE_LOOP('',(#9061,#9062,#9083,#9084));
#9061 = ORIENTED_EDGE('',*,*,#2860,.T.);
#9062 = ORIENTED_EDGE('',*,*,#9063,.T.);
#9063 = EDGE_CURVE('',#2861,#6378,#9064,.T.);
#9064 = SEAM_CURVE('',#9065,(#9069,#9076),.PCURVE_S1.);
#9065 = LINE('',#9066,#9067);
#9066 = CARTESIAN_POINT('',(12.05,25.,-0.5));
#9067 = VECTOR('',#9068,1.);
#9068 = DIRECTION('',(0.,0.,1.));
#9069 = PCURVE('',#2881,#9070);
#9070 = DEFINITIONAL_REPRESENTATION('',(#9071),#9075);
#9071 = LINE('',#9072,#9073);
#9072 = CARTESIAN_POINT('',(-6.28318530718,0.));
#9073 = VECTOR('',#9074,1.);
#9074 = DIRECTION('',(-0.,-1.));
#9075 = ( GEOMETRIC_REPRESENTATION_CONTEXT(2) 
PARAMETRIC_REPRESENTATION_CONTEXT() REPRESENTATION_CONTEXT('2D SPACE',''
  ) );
#9076 = PCURVE('',#2881,#9077);
#9077 = DEFINITIONAL_REPRESENTATION('',(#9078),#9082);
#9078 = LINE('',#9079,#9080);
#9079 = CARTESIAN_POINT('',(-0.,0.));
#9080 = VECTOR('',#9081,1.);
#9081 = DIRECTION('',(-0.,-1.));
#9082 = ( GEOMETRIC_REPRESENTATION_CONTEXT(2) 
PARAMETRIC_REPRESENTATION_CONTEXT() REPRESENTATION_CONTEXT('2D SPACE',''
  ) );
#9083 = ORIENTED_EDGE('',*,*,#6377,.F.);
#9084 = ORIENTED_EDGE('',*,*,#9063,.F.);
#9085 = ADVANCED_FACE('',(#9086),#2916,.F.);
#9086 = FACE_BOUND('',#9087,.T.);
#9087 = EDGE_LOOP('',(#9088,#9089,#9110,#9111));
#9088 = ORIENTED_EDGE('',*,*,#2895,.T.);
#9089 = ORIENTED_EDGE('',*,*,#9090,.T.);
#9090 = EDGE_CURVE('',#2896,#6408,#9091,.T.);
#9091 = SEAM_CURVE('',#9092,(#9096,#9103),.PCURVE_S1.);
#9092 = LINE('',#9093,#9094);
#9093 = CARTESIAN_POINT('',(17.05,25.,-0.5));
#9094 = VECTOR('',#9095,1.);
#9095 = DIRECTION('',(0.,0.,1.));
#9096 = PCURVE('',#2916,#9097);
#9097 = DEFINITIONAL_REPRESENTATION('',(#9098),#9102);
#9098 = LINE('',#9099,#9100);
#9099 = CARTESIAN_POINT('',(-6.28318530718,0.));
#9100 = VECTOR('',#9101,1.);
#9101 = DIRECTION('',(-0.,-1.));
#9102 = ( GEOMETRIC_REPRESENTATION_CONTEXT(2) 
PARAMETRIC_REPRESENTATION_CONTEXT() REPRESENTATION_CONTEXT('2D SPACE',''
  ) );
#9103 = PCURVE('',#2916,#9104);
#9104 = DEFINITIONAL_REPRESENTATION('',(#9105),#9109);
#9105 = LINE('',#9106,#9107);
#9106 = CARTESIAN_POINT('',(-0.,0.));
#9107 = VECTOR('',#9108,1.);
#9108 = DIRECTION('',(-0.,-1.));
#9109 = ( GEOMETRIC_REPRESENTATION_CONTEXT(2) 
PARAMETRIC_REPRESENTATION_CONTEXT() REPRESENTATION_CONTEXT('2D SPACE',''
  ) );
#9110 = ORIENTED_EDGE('',*,*,#6407,.F.);
#9111 = ORIENTED_EDGE('',*,*,#9090,.F.);
#9112 = ADVANCED_FACE('',(#9113),#2951,.F.);
#9113 = FACE_BOUND('',#9114,.T.);
#9114 = EDGE_LOOP('',(#9115,#9116,#9137,#9138));
#9115 = ORIENTED_EDGE('',*,*,#2930,.T.);
#9116 = ORIENTED_EDGE('',*,*,#9117,.T.);
#9117 = EDGE_CURVE('',#2931,#6438,#9118,.T.);
#9118 = SEAM_CURVE('',#9119,(#9123,#9130),.PCURVE_S1.);
#9119 = LINE('',#9120,#9121);
#9120 = CARTESIAN_POINT('',(22.05,25.,-0.5));
#9121 = VECTOR('',#9122,1.);
#9122 = DIRECTION('',(0.,0.,1.));
#9123 = PCURVE('',#2951,#9124);
#9124 = DEFINITIONAL_REPRESENTATION('',(#9125),#9129);
#9125 = LINE('',#9126,#9127);
#9126 = CARTESIAN_POINT('',(-6.28318530718,0.));
#9127 = VECTOR('',#9128,1.);
#9128 = DIRECTION('',(-0.,-1.));
#9129 = ( GEOMETRIC_REPRESENTATION_CONTEXT(2) 
PARAMETRIC_REPRESENTATION_CONTEXT() REPRESENTATION_CONTEXT('2D SPACE',''
  ) );
#9130 = PCURVE('',#2951,#9131);
#9131 = DEFINITIONAL_REPRESENTATION('',(#9132),#9136);
#9132 = LINE('',#9133,#9134);
#9133 = CARTESIAN_POINT('',(-0.,0.));
#9134 = VECTOR('',#9135,1.);
#9135 = DIRECTION('',(-0.,-1.));
#9136 = ( GEOMETRIC_REPRESENTATION_CONTEXT(2) 
PARAMETRIC_REPRESENTATION_CONTEXT() REPRESENTATION_CONTEXT('2D SPACE',''
  ) );
#9137 = ORIENTED_EDGE('',*,*,#6437,.F.);
#9138 = ORIENTED_EDGE('',*,*,#9117,.F.);
#9139 = ADVANCED_FACE('',(#9140),#2986,.F.);
#9140 = FACE_BOUND('',#9141,.T.);
#9141 = EDGE_LOOP('',(#9142,#9143,#9164,#9165));
#9142 = ORIENTED_EDGE('',*,*,#2965,.T.);
#9143 = ORIENTED_EDGE('',*,*,#9144,.T.);
#9144 = EDGE_CURVE('',#2966,#6318,#9145,.T.);
#9145 = SEAM_CURVE('',#9146,(#9150,#9157),.PCURVE_S1.);
#9146 = LINE('',#9147,#9148);
#9147 = CARTESIAN_POINT('',(27.05,20.,-0.5));
#9148 = VECTOR('',#9149,1.);
#9149 = DIRECTION('',(0.,0.,1.));
#9150 = PCURVE('',#2986,#9151);
#9151 = DEFINITIONAL_REPRESENTATION('',(#9152),#9156);
#9152 = LINE('',#9153,#9154);
#9153 = CARTESIAN_POINT('',(-6.28318530718,0.));
#9154 = VECTOR('',#9155,1.);
#9155 = DIRECTION('',(-0.,-1.));
#9156 = ( GEOMETRIC_REPRESENTATION_CONTEXT(2) 
PARAMETRIC_REPRESENTATION_CONTEXT() REPRESENTATION_CONTEXT('2D SPACE',''
  ) );
#9157 = PCURVE('',#2986,#9158);
#9158 = DEFINITIONAL_REPRESENTATION('',(#9159),#9163);
#9159 = LINE('',#9160,#9161);
#9160 = CARTESIAN_POINT('',(-0.,0.));
#9161 = VECTOR('',#9162,1.);
#9162 = DIRECTION('',(-0.,-1.));
#9163 = ( GEOMETRIC_REPRESENTATION_CONTEXT(2) 
PARAMETRIC_REPRESENTATION_CONTEXT() REPRESENTATION_CONTEXT('2D SPACE',''
  ) );
#9164 = ORIENTED_EDGE('',*,*,#6317,.F.);
#9165 = ORIENTED_EDGE('',*,*,#9144,.F.);
#9166 = ADVANCED_FACE('',(#9167),#3021,.F.);
#9167 = FACE_BOUND('',#9168,.T.);
#9168 = EDGE_LOOP('',(#9169,#9170,#9191,#9192));
#9169 = ORIENTED_EDGE('',*,*,#3000,.T.);
#9170 = ORIENTED_EDGE('',*,*,#9171,.T.);
#9171 = EDGE_CURVE('',#3001,#6348,#9172,.T.);
#9172 = SEAM_CURVE('',#9173,(#9177,#9184),.PCURVE_S1.);
#9173 = LINE('',#9174,#9175);
#9174 = CARTESIAN_POINT('',(32.05,20.,-0.5));
#9175 = VECTOR('',#9176,1.);
#9176 = DIRECTION('',(0.,0.,1.));
#9177 = PCURVE('',#3021,#9178);
#9178 = DEFINITIONAL_REPRESENTATION('',(#9179),#9183);
#9179 = LINE('',#9180,#9181);
#9180 = CARTESIAN_POINT('',(-6.28318530718,0.));
#9181 = VECTOR('',#9182,1.);
#9182 = DIRECTION('',(-0.,-1.));
#9183 = ( GEOMETRIC_REPRESENTATION_CONTEXT(2) 
PARAMETRIC_REPRESENTATION_CONTEXT() REPRESENTATION_CONTEXT('2D SPACE',''
  ) );
#9184 = PCURVE('',#3021,#9185);
#9185 = DEFINITIONAL_REPRESENTATION('',(#9186),#9190);
#9186 = LINE('',#9187,#9188);
#9187 = CARTESIAN_POINT('',(-0.,0.));
#9188 = VECTOR('',#9189,1.);
#9189 = DIRECTION('',(-0.,-1.));
#9190 = ( GEOMETRIC_REPRESENTATION_CONTEXT(2) 
PARAMETRIC_REPRESENTATION_CONTEXT() REPRESENTATION_CONTEXT('2D SPACE',''
  ) );
#9191 = ORIENTED_EDGE('',*,*,#6347,.F.);
#9192 = ORIENTED_EDGE('',*,*,#9171,.F.);
#9193 = ADVANCED_FACE('',(#9194),#3056,.F.);
#9194 = FACE_BOUND('',#9195,.T.);
#9195 = EDGE_LOOP('',(#9196,#9197,#9218,#9219));
#9196 = ORIENTED_EDGE('',*,*,#3035,.T.);
#9197 = ORIENTED_EDGE('',*,*,#9198,.T.);
#9198 = EDGE_CURVE('',#3036,#6468,#9199,.T.);
#9199 = SEAM_CURVE('',#9200,(#9204,#9211),.PCURVE_S1.);
#9200 = LINE('',#9201,#9202);
#9201 = CARTESIAN_POINT('',(27.05,25.,-0.5));
#9202 = VECTOR('',#9203,1.);
#9203 = DIRECTION('',(0.,0.,1.));
#9204 = PCURVE('',#3056,#9205);
#9205 = DEFINITIONAL_REPRESENTATION('',(#9206),#9210);
#9206 = LINE('',#9207,#9208);
#9207 = CARTESIAN_POINT('',(-6.28318530718,0.));
#9208 = VECTOR('',#9209,1.);
#9209 = DIRECTION('',(-0.,-1.));
#9210 = ( GEOMETRIC_REPRESENTATION_CONTEXT(2) 
PARAMETRIC_REPRESENTATION_CONTEXT() REPRESENTATION_CONTEXT('2D SPACE',''
  ) );
#9211 = PCURVE('',#3056,#9212);
#9212 = DEFINITIONAL_REPRESENTATION('',(#9213),#9217);
#9213 = LINE('',#9214,#9215);
#9214 = CARTESIAN_POINT('',(-0.,0.));
#9215 = VECTOR('',#9216,1.);
#9216 = DIRECTION('',(-0.,-1.));
#9217 = ( GEOMETRIC_REPRESENTATION_CONTEXT(2) 
PARAMETRIC_REPRESENTATION_CONTEXT() REPRESENTATION_CONTEXT('2D SPACE',''
  ) );
#9218 = ORIENTED_EDGE('',*,*,#6467,.F.);
#9219 = ORIENTED_EDGE('',*,*,#9198,.F.);
#9220 = ADVANCED_FACE('',(#9221),#3091,.F.);
#9221 = FACE_BOUND('',#9222,.T.);
#9222 = EDGE_LOOP('',(#9223,#9224,#9245,#9246));
#9223 = ORIENTED_EDGE('',*,*,#3070,.T.);
#9224 = ORIENTED_EDGE('',*,*,#9225,.T.);
#9225 = EDGE_CURVE('',#3071,#6498,#9226,.T.);
#9226 = SEAM_CURVE('',#9227,(#9231,#9238),.PCURVE_S1.);
#9227 = LINE('',#9228,#9229);
#9228 = CARTESIAN_POINT('',(32.05,25.,-0.5));
#9229 = VECTOR('',#9230,1.);
#9230 = DIRECTION('',(0.,0.,1.));
#9231 = PCURVE('',#3091,#9232);
#9232 = DEFINITIONAL_REPRESENTATION('',(#9233),#9237);
#9233 = LINE('',#9234,#9235);
#9234 = CARTESIAN_POINT('',(-6.28318530718,0.));
#9235 = VECTOR('',#9236,1.);
#9236 = DIRECTION('',(-0.,-1.));
#9237 = ( GEOMETRIC_REPRESENTATION_CONTEXT(2) 
PARAMETRIC_REPRESENTATION_CONTEXT() REPRESENTATION_CONTEXT('2D SPACE',''
  ) );
#9238 = PCURVE('',#3091,#9239);
#9239 = DEFINITIONAL_REPRESENTATION('',(#9240),#9244);
#9240 = LINE('',#9241,#9242);
#9241 = CARTESIAN_POINT('',(-0.,0.));
#9242 = VECTOR('',#9243,1.);
#9243 = DIRECTION('',(-0.,-1.));
#9244 = ( GEOMETRIC_REPRESENTATION_CONTEXT(2) 
PARAMETRIC_REPRESENTATION_CONTEXT() REPRESENTATION_CONTEXT('2D SPACE',''
  ) );
#9245 = ORIENTED_EDGE('',*,*,#6497,.F.);
#9246 = ORIENTED_EDGE('',*,*,#9225,.F.);
#9247 = ADVANCED_FACE('',(#9248),#3126,.F.);
#9248 = FACE_BOUND('',#9249,.T.);
#9249 = EDGE_LOOP('',(#9250,#9251,#9272,#9273));
#9250 = ORIENTED_EDGE('',*,*,#3105,.T.);
#9251 = ORIENTED_EDGE('',*,*,#9252,.T.);
#9252 = EDGE_CURVE('',#3106,#6078,#9253,.T.);
#9253 = SEAM_CURVE('',#9254,(#9258,#9265),.PCURVE_S1.);
#9254 = LINE('',#9255,#9256);
#9255 = CARTESIAN_POINT('',(42.05,15.,-0.5));
#9256 = VECTOR('',#9257,1.);
#9257 = DIRECTION('',(0.,0.,1.));
#9258 = PCURVE('',#3126,#9259);
#9259 = DEFINITIONAL_REPRESENTATION('',(#9260),#9264);
#9260 = LINE('',#9261,#9262);
#9261 = CARTESIAN_POINT('',(-6.28318530718,0.));
#9262 = VECTOR('',#9263,1.);
#9263 = DIRECTION('',(-0.,-1.));
#9264 = ( GEOMETRIC_REPRESENTATION_CONTEXT(2) 
PARAMETRIC_REPRESENTATION_CONTEXT() REPRESENTATION_CONTEXT('2D SPACE',''
  ) );
#9265 = PCURVE('',#3126,#9266);
#9266 = DEFINITIONAL_REPRESENTATION('',(#9267),#9271);
#9267 = LINE('',#9268,#9269);
#9268 = CARTESIAN_POINT('',(-0.,0.));
#9269 = VECTOR('',#9270,1.);
#9270 = DIRECTION('',(-0.,-1.));
#9271 = ( GEOMETRIC_REPRESENTATION_CONTEXT(2) 
PARAMETRIC_REPRESENTATION_CONTEXT() REPRESENTATION_CONTEXT('2D SPACE',''
  ) );
#9272 = ORIENTED_EDGE('',*,*,#6077,.F.);
#9273 = ORIENTED_EDGE('',*,*,#9252,.F.);
#9274 = ADVANCED_FACE('',(#9275),#3161,.F.);
#9275 = FACE_BOUND('',#9276,.T.);
#9276 = EDGE_LOOP('',(#9277,#9278,#9299,#9300));
#9277 = ORIENTED_EDGE('',*,*,#3140,.T.);
#9278 = ORIENTED_EDGE('',*,*,#9279,.T.);
#9279 = EDGE_CURVE('',#3141,#6138,#9280,.T.);
#9280 = SEAM_CURVE('',#9281,(#9285,#9292),.PCURVE_S1.);
#9281 = LINE('',#9282,#9283);
#9282 = CARTESIAN_POINT('',(47.05,15.,-0.5));
#9283 = VECTOR('',#9284,1.);
#9284 = DIRECTION('',(0.,0.,1.));
#9285 = PCURVE('',#3161,#9286);
#9286 = DEFINITIONAL_REPRESENTATION('',(#9287),#9291);
#9287 = LINE('',#9288,#9289);
#9288 = CARTESIAN_POINT('',(-6.28318530718,0.));
#9289 = VECTOR('',#9290,1.);
#9290 = DIRECTION('',(-0.,-1.));
#9291 = ( GEOMETRIC_REPRESENTATION_CONTEXT(2) 
PARAMETRIC_REPRESENTATION_CONTEXT() REPRESENTATION_CONTEXT('2D SPACE',''
  ) );
#9292 = PCURVE('',#3161,#9293);
#9293 = DEFINITIONAL_REPRESENTATION('',(#9294),#9298);
#9294 = LINE('',#9295,#9296);
#9295 = CARTESIAN_POINT('',(-0.,0.));
#9296 = VECTOR('',#9297,1.);
#9297 = DIRECTION('',(-0.,-1.));
#9298 = ( GEOMETRIC_REPRESENTATION_CONTEXT(2) 
PARAMETRIC_REPRESENTATION_CONTEXT() REPRESENTATION_CONTEXT('2D SPACE',''
  ) );
#9299 = ORIENTED_EDGE('',*,*,#6137,.F.);
#9300 = ORIENTED_EDGE('',*,*,#9279,.F.);
#9301 = ADVANCED_FACE('',(#9302),#3196,.F.);
#9302 = FACE_BOUND('',#9303,.T.);
#9303 = EDGE_LOOP('',(#9304,#9305,#9326,#9327));
#9304 = ORIENTED_EDGE('',*,*,#3175,.T.);
#9305 = ORIENTED_EDGE('',*,*,#9306,.T.);
#9306 = EDGE_CURVE('',#3176,#6168,#9307,.T.);
#9307 = SEAM_CURVE('',#9308,(#9312,#9319),.PCURVE_S1.);
#9308 = LINE('',#9309,#9310);
#9309 = CARTESIAN_POINT('',(52.05,15.,-0.5));
#9310 = VECTOR('',#9311,1.);
#9311 = DIRECTION('',(0.,0.,1.));
#9312 = PCURVE('',#3196,#9313);
#9313 = DEFINITIONAL_REPRESENTATION('',(#9314),#9318);
#9314 = LINE('',#9315,#9316);
#9315 = CARTESIAN_POINT('',(-6.28318530718,0.));
#9316 = VECTOR('',#9317,1.);
#9317 = DIRECTION('',(-0.,-1.));
#9318 = ( GEOMETRIC_REPRESENTATION_CONTEXT(2) 
PARAMETRIC_REPRESENTATION_CONTEXT() REPRESENTATION_CONTEXT('2D SPACE',''
  ) );
#9319 = PCURVE('',#3196,#9320);
#9320 = DEFINITIONAL_REPRESENTATION('',(#9321),#9325);
#9321 = LINE('',#9322,#9323);
#9322 = CARTESIAN_POINT('',(-0.,0.));
#9323 = VECTOR('',#9324,1.);
#9324 = DIRECTION('',(-0.,-1.));
#9325 = ( GEOMETRIC_REPRESENTATION_CONTEXT(2) 
PARAMETRIC_REPRESENTATION_CONTEXT() REPRESENTATION_CONTEXT('2D SPACE',''
  ) );
#9326 = ORIENTED_EDGE('',*,*,#6167,.F.);
#9327 = ORIENTED_EDGE('',*,*,#9306,.F.);
#9328 = ADVANCED_FACE('',(#9329),#3231,.F.);
#9329 = FACE_BOUND('',#9330,.T.);
#9330 = EDGE_LOOP('',(#9331,#9332,#9353,#9354));
#9331 = ORIENTED_EDGE('',*,*,#3210,.T.);
#9332 = ORIENTED_EDGE('',*,*,#9333,.T.);
#9333 = EDGE_CURVE('',#3211,#6198,#9334,.T.);
#9334 = SEAM_CURVE('',#9335,(#9339,#9346),.PCURVE_S1.);
#9335 = LINE('',#9336,#9337);
#9336 = CARTESIAN_POINT('',(57.05,15.,-0.5));
#9337 = VECTOR('',#9338,1.);
#9338 = DIRECTION('',(0.,0.,1.));
#9339 = PCURVE('',#3231,#9340);
#9340 = DEFINITIONAL_REPRESENTATION('',(#9341),#9345);
#9341 = LINE('',#9342,#9343);
#9342 = CARTESIAN_POINT('',(-6.28318530718,0.));
#9343 = VECTOR('',#9344,1.);
#9344 = DIRECTION('',(-0.,-1.));
#9345 = ( GEOMETRIC_REPRESENTATION_CONTEXT(2) 
PARAMETRIC_REPRESENTATION_CONTEXT() REPRESENTATION_CONTEXT('2D SPACE',''
  ) );
#9346 = PCURVE('',#3231,#9347);
#9347 = DEFINITIONAL_REPRESENTATION('',(#9348),#9352);
#9348 = LINE('',#9349,#9350);
#9349 = CARTESIAN_POINT('',(-0.,0.));
#9350 = VECTOR('',#9351,1.);
#9351 = DIRECTION('',(-0.,-1.));
#9352 = ( GEOMETRIC_REPRESENTATION_CONTEXT(2) 
PARAMETRIC_REPRESENTATION_CONTEXT() REPRESENTATION_CONTEXT('2D SPACE',''
  ) );
#9353 = ORIENTED_EDGE('',*,*,#6197,.F.);
#9354 = ORIENTED_EDGE('',*,*,#9333,.F.);
#9355 = ADVANCED_FACE('',(#9356),#3266,.F.);
#9356 = FACE_BOUND('',#9357,.T.);
#9357 = EDGE_LOOP('',(#9358,#9359,#9380,#9381));
#9358 = ORIENTED_EDGE('',*,*,#3245,.T.);
#9359 = ORIENTED_EDGE('',*,*,#9360,.T.);
#9360 = EDGE_CURVE('',#3246,#6528,#9361,.T.);
#9361 = SEAM_CURVE('',#9362,(#9366,#9373),.PCURVE_S1.);
#9362 = LINE('',#9363,#9364);
#9363 = CARTESIAN_POINT('',(37.05,20.,-0.5));
#9364 = VECTOR('',#9365,1.);
#9365 = DIRECTION('',(0.,0.,1.));
#9366 = PCURVE('',#3266,#9367);
#9367 = DEFINITIONAL_REPRESENTATION('',(#9368),#9372);
#9368 = LINE('',#9369,#9370);
#9369 = CARTESIAN_POINT('',(-6.28318530718,0.));
#9370 = VECTOR('',#9371,1.);
#9371 = DIRECTION('',(-0.,-1.));
#9372 = ( GEOMETRIC_REPRESENTATION_CONTEXT(2) 
PARAMETRIC_REPRESENTATION_CONTEXT() REPRESENTATION_CONTEXT('2D SPACE',''
  ) );
#9373 = PCURVE('',#3266,#9374);
#9374 = DEFINITIONAL_REPRESENTATION('',(#9375),#9379);
#9375 = LINE('',#9376,#9377);
#9376 = CARTESIAN_POINT('',(-0.,0.));
#9377 = VECTOR('',#9378,1.);
#9378 = DIRECTION('',(-0.,-1.));
#9379 = ( GEOMETRIC_REPRESENTATION_CONTEXT(2) 
PARAMETRIC_REPRESENTATION_CONTEXT() REPRESENTATION_CONTEXT('2D SPACE',''
  ) );
#9380 = ORIENTED_EDGE('',*,*,#6527,.F.);
#9381 = ORIENTED_EDGE('',*,*,#9360,.F.);
#9382 = ADVANCED_FACE('',(#9383),#3301,.F.);
#9383 = FACE_BOUND('',#9384,.T.);
#9384 = EDGE_LOOP('',(#9385,#9386,#9407,#9408));
#9385 = ORIENTED_EDGE('',*,*,#3280,.T.);
#9386 = ORIENTED_EDGE('',*,*,#9387,.T.);
#9387 = EDGE_CURVE('',#3281,#6558,#9388,.T.);
#9388 = SEAM_CURVE('',#9389,(#9393,#9400),.PCURVE_S1.);
#9389 = LINE('',#9390,#9391);
#9390 = CARTESIAN_POINT('',(42.05,20.,-0.5));
#9391 = VECTOR('',#9392,1.);
#9392 = DIRECTION('',(0.,0.,1.));
#9393 = PCURVE('',#3301,#9394);
#9394 = DEFINITIONAL_REPRESENTATION('',(#9395),#9399);
#9395 = LINE('',#9396,#9397);
#9396 = CARTESIAN_POINT('',(-6.28318530718,0.));
#9397 = VECTOR('',#9398,1.);
#9398 = DIRECTION('',(-0.,-1.));
#9399 = ( GEOMETRIC_REPRESENTATION_CONTEXT(2) 
PARAMETRIC_REPRESENTATION_CONTEXT() REPRESENTATION_CONTEXT('2D SPACE',''
  ) );
#9400 = PCURVE('',#3301,#9401);
#9401 = DEFINITIONAL_REPRESENTATION('',(#9402),#9406);
#9402 = LINE('',#9403,#9404);
#9403 = CARTESIAN_POINT('',(-0.,0.));
#9404 = VECTOR('',#9405,1.);
#9405 = DIRECTION('',(-0.,-1.));
#9406 = ( GEOMETRIC_REPRESENTATION_CONTEXT(2) 
PARAMETRIC_REPRESENTATION_CONTEXT() REPRESENTATION_CONTEXT('2D SPACE',''
  ) );
#9407 = ORIENTED_EDGE('',*,*,#6557,.F.);
#9408 = ORIENTED_EDGE('',*,*,#9387,.F.);
#9409 = ADVANCED_FACE('',(#9410),#3336,.F.);
#9410 = FACE_BOUND('',#9411,.T.);
#9411 = EDGE_LOOP('',(#9412,#9413,#9434,#9435));
#9412 = ORIENTED_EDGE('',*,*,#3315,.T.);
#9413 = ORIENTED_EDGE('',*,*,#9414,.T.);
#9414 = EDGE_CURVE('',#3316,#6618,#9415,.T.);
#9415 = SEAM_CURVE('',#9416,(#9420,#9427),.PCURVE_S1.);
#9416 = LINE('',#9417,#9418);
#9417 = CARTESIAN_POINT('',(37.05,25.,-0.5));
#9418 = VECTOR('',#9419,1.);
#9419 = DIRECTION('',(0.,0.,1.));
#9420 = PCURVE('',#3336,#9421);
#9421 = DEFINITIONAL_REPRESENTATION('',(#9422),#9426);
#9422 = LINE('',#9423,#9424);
#9423 = CARTESIAN_POINT('',(-6.28318530718,0.));
#9424 = VECTOR('',#9425,1.);
#9425 = DIRECTION('',(-0.,-1.));
#9426 = ( GEOMETRIC_REPRESENTATION_CONTEXT(2) 
PARAMETRIC_REPRESENTATION_CONTEXT() REPRESENTATION_CONTEXT('2D SPACE',''
  ) );
#9427 = PCURVE('',#3336,#9428);
#9428 = DEFINITIONAL_REPRESENTATION('',(#9429),#9433);
#9429 = LINE('',#9430,#9431);
#9430 = CARTESIAN_POINT('',(-0.,0.));
#9431 = VECTOR('',#9432,1.);
#9432 = DIRECTION('',(-0.,-1.));
#9433 = ( GEOMETRIC_REPRESENTATION_CONTEXT(2) 
PARAMETRIC_REPRESENTATION_CONTEXT() REPRESENTATION_CONTEXT('2D SPACE',''
  ) );
#9434 = ORIENTED_EDGE('',*,*,#6617,.F.);
#9435 = ORIENTED_EDGE('',*,*,#9414,.F.);
#9436 = ADVANCED_FACE('',(#9437),#3371,.F.);
#9437 = FACE_BOUND('',#9438,.T.);
#9438 = EDGE_LOOP('',(#9439,#9440,#9461,#9462));
#9439 = ORIENTED_EDGE('',*,*,#3350,.T.);
#9440 = ORIENTED_EDGE('',*,*,#9441,.T.);
#9441 = EDGE_CURVE('',#3351,#6648,#9442,.T.);
#9442 = SEAM_CURVE('',#9443,(#9447,#9454),.PCURVE_S1.);
#9443 = LINE('',#9444,#9445);
#9444 = CARTESIAN_POINT('',(42.05,25.,-0.5));
#9445 = VECTOR('',#9446,1.);
#9446 = DIRECTION('',(0.,0.,1.));
#9447 = PCURVE('',#3371,#9448);
#9448 = DEFINITIONAL_REPRESENTATION('',(#9449),#9453);
#9449 = LINE('',#9450,#9451);
#9450 = CARTESIAN_POINT('',(-6.28318530718,0.));
#9451 = VECTOR('',#9452,1.);
#9452 = DIRECTION('',(-0.,-1.));
#9453 = ( GEOMETRIC_REPRESENTATION_CONTEXT(2) 
PARAMETRIC_REPRESENTATION_CONTEXT() REPRESENTATION_CONTEXT('2D SPACE',''
  ) );
#9454 = PCURVE('',#3371,#9455);
#9455 = DEFINITIONAL_REPRESENTATION('',(#9456),#9460);
#9456 = LINE('',#9457,#9458);
#9457 = CARTESIAN_POINT('',(-0.,0.));
#9458 = VECTOR('',#9459,1.);
#9459 = DIRECTION('',(-0.,-1.));
#9460 = ( GEOMETRIC_REPRESENTATION_CONTEXT(2) 
PARAMETRIC_REPRESENTATION_CONTEXT() REPRESENTATION_CONTEXT('2D SPACE',''
  ) );
#9461 = ORIENTED_EDGE('',*,*,#6647,.F.);
#9462 = ORIENTED_EDGE('',*,*,#9441,.F.);
#9463 = ADVANCED_FACE('',(#9464),#3406,.F.);
#9464 = FACE_BOUND('',#9465,.T.);
#9465 = EDGE_LOOP('',(#9466,#9467,#9488,#9489));
#9466 = ORIENTED_EDGE('',*,*,#3385,.T.);
#9467 = ORIENTED_EDGE('',*,*,#9468,.T.);
#9468 = EDGE_CURVE('',#3386,#6588,#9469,.T.);
#9469 = SEAM_CURVE('',#9470,(#9474,#9481),.PCURVE_S1.);
#9470 = LINE('',#9471,#9472);
#9471 = CARTESIAN_POINT('',(47.05,20.,-0.5));
#9472 = VECTOR('',#9473,1.);
#9473 = DIRECTION('',(0.,0.,1.));
#9474 = PCURVE('',#3406,#9475);
#9475 = DEFINITIONAL_REPRESENTATION('',(#9476),#9480);
#9476 = LINE('',#9477,#9478);
#9477 = CARTESIAN_POINT('',(-6.28318530718,0.));
#9478 = VECTOR('',#9479,1.);
#9479 = DIRECTION('',(-0.,-1.));
#9480 = ( GEOMETRIC_REPRESENTATION_CONTEXT(2) 
PARAMETRIC_REPRESENTATION_CONTEXT() REPRESENTATION_CONTEXT('2D SPACE',''
  ) );
#9481 = PCURVE('',#3406,#9482);
#9482 = DEFINITIONAL_REPRESENTATION('',(#9483),#9487);
#9483 = LINE('',#9484,#9485);
#9484 = CARTESIAN_POINT('',(-0.,0.));
#9485 = VECTOR('',#9486,1.);
#9486 = DIRECTION('',(-0.,-1.));
#9487 = ( GEOMETRIC_REPRESENTATION_CONTEXT(2) 
PARAMETRIC_REPRESENTATION_CONTEXT() REPRESENTATION_CONTEXT('2D SPACE',''
  ) );
#9488 = ORIENTED_EDGE('',*,*,#6587,.F.);
#9489 = ORIENTED_EDGE('',*,*,#9468,.F.);
#9490 = ADVANCED_FACE('',(#9491),#4170,.T.);
#9491 = FACE_BOUND('',#9492,.F.);
#9492 = EDGE_LOOP('',(#9493,#9494,#9517,#9544,#9545,#9546,#9567,#9600));
#9493 = ORIENTED_EDGE('',*,*,#4151,.F.);
#9494 = ORIENTED_EDGE('',*,*,#9495,.T.);
#9495 = EDGE_CURVE('',#4152,#9496,#9498,.T.);
#9496 = VERTEX_POINT('',#9497);
#9497 = CARTESIAN_POINT('',(1.45,5.575,10.));
#9498 = SEAM_CURVE('',#9499,(#9503,#9510),.PCURVE_S1.);
#9499 = LINE('',#9500,#9501);
#9500 = CARTESIAN_POINT('',(1.45,5.575,4.));
#9501 = VECTOR('',#9502,1.);
#9502 = DIRECTION('',(0.,0.,1.));
#9503 = PCURVE('',#4170,#9504);
#9504 = DEFINITIONAL_REPRESENTATION('',(#9505),#9509);
#9505 = LINE('',#9506,#9507);
#9506 = CARTESIAN_POINT('',(-6.28318530718,0.));
#9507 = VECTOR('',#9508,1.);
#9508 = DIRECTION('',(-0.,-1.));
#9509 = ( GEOMETRIC_REPRESENTATION_CONTEXT(2) 
PARAMETRIC_REPRESENTATION_CONTEXT() REPRESENTATION_CONTEXT('2D SPACE',''
  ) );
#9510 = PCURVE('',#4170,#9511);
#9511 = DEFINITIONAL_REPRESENTATION('',(#9512),#9516);
#9512 = LINE('',#9513,#9514);
#9513 = CARTESIAN_POINT('',(-0.,0.));
#9514 = VECTOR('',#9515,1.);
#9515 = DIRECTION('',(-0.,-1.));
#9516 = ( GEOMETRIC_REPRESENTATION_CONTEXT(2) 
PARAMETRIC_REPRESENTATION_CONTEXT() REPRESENTATION_CONTEXT('2D SPACE',''
  ) );
#9517 = ORIENTED_EDGE('',*,*,#9518,.T.);
#9518 = EDGE_CURVE('',#9496,#9496,#9519,.T.);
#9519 = SURFACE_CURVE('',#9520,(#9525,#9532),.PCURVE_S1.);
#9520 = CIRCLE('',#9521,4.75);
#9521 = AXIS2_PLACEMENT_3D('',#9522,#9523,#9524);
#9522 = CARTESIAN_POINT('',(-3.3,5.575,10.));
#9523 = DIRECTION('',(0.,0.,1.));
#9524 = DIRECTION('',(1.,0.,0.));
#9525 = PCURVE('',#4170,#9526);
#9526 = DEFINITIONAL_REPRESENTATION('',(#9527),#9531);
#9527 = LINE('',#9528,#9529);
#9528 = CARTESIAN_POINT('',(-0.,-6.));
#9529 = VECTOR('',#9530,1.);
#9530 = DIRECTION('',(-1.,0.));
#9531 = ( GEOMETRIC_REPRESENTATION_CONTEXT(2) 
PARAMETRIC_REPRESENTATION_CONTEXT() REPRESENTATION_CONTEXT('2D SPACE',''
  ) );
#9532 = PCURVE('',#9533,#9538);
#9533 = PLANE('',#9534);
#9534 = AXIS2_PLACEMENT_3D('',#9535,#9536,#9537);
#9535 = CARTESIAN_POINT('',(-3.3,5.575,10.));
#9536 = DIRECTION('',(0.,0.,1.));
#9537 = DIRECTION('',(1.,0.,-0.));
#9538 = DEFINITIONAL_REPRESENTATION('',(#9539),#9543);
#9539 = CIRCLE('',#9540,4.75);
#9540 = AXIS2_PLACEMENT_2D('',#9541,#9542);
#9541 = CARTESIAN_POINT('',(0.,0.));
#9542 = DIRECTION('',(1.,0.));
#9543 = ( GEOMETRIC_REPRESENTATION_CONTEXT(2) 
PARAMETRIC_REPRESENTATION_CONTEXT() REPRESENTATION_CONTEXT('2D SPACE',''
  ) );
#9544 = ORIENTED_EDGE('',*,*,#9495,.F.);
#9545 = ORIENTED_EDGE('',*,*,#4182,.F.);
#9546 = ORIENTED_EDGE('',*,*,#9547,.F.);
#9547 = EDGE_CURVE('',#9548,#4183,#9550,.T.);
#9548 = VERTEX_POINT('',#9549);
#9549 = CARTESIAN_POINT('',(-4.75,1.051726848841,5.));
#9550 = SURFACE_CURVE('',#9551,(#9555,#9561),.PCURVE_S1.);
#9551 = LINE('',#9552,#9553);
#9552 = CARTESIAN_POINT('',(-4.75,1.051726848841,4.));
#9553 = VECTOR('',#9554,1.);
#9554 = DIRECTION('',(-0.,-0.,-1.));
#9555 = PCURVE('',#4170,#9556);
#9556 = DEFINITIONAL_REPRESENTATION('',(#9557),#9560);
#9557 = B_SPLINE_CURVE_WITH_KNOTS('',1,(#9558,#9559),.UNSPECIFIED.,.F.,
  .F.,(2,2),(-1.3,5.999999999062E-07),.PIECEWISE_BEZIER_KNOTS.);
#9558 = CARTESIAN_POINT('',(-4.402174214787,-1.3));
#9559 = CARTESIAN_POINT('',(-4.402174214787,5.999999999062E-07));
#9560 = ( GEOMETRIC_REPRESENTATION_CONTEXT(2) 
PARAMETRIC_REPRESENTATION_CONTEXT() REPRESENTATION_CONTEXT('2D SPACE',''
  ) );
#9561 = PCURVE('',#4221,#9562);
#9562 = DEFINITIONAL_REPRESENTATION('',(#9563),#9566);
#9563 = B_SPLINE_CURVE_WITH_KNOTS('',1,(#9564,#9565),.UNSPECIFIED.,.F.,
  .F.,(2,2),(-1.3,5.999999999062E-07),.PIECEWISE_BEZIER_KNOTS.);
#9564 = CARTESIAN_POINT('',(18.301726848841,-3.3));
#9565 = CARTESIAN_POINT('',(18.301726848841,-1.9999994));
#9566 = ( GEOMETRIC_REPRESENTATION_CONTEXT(2) 
PARAMETRIC_REPRESENTATION_CONTEXT() REPRESENTATION_CONTEXT('2D SPACE',''
  ) );
#9567 = ORIENTED_EDGE('',*,*,#9568,.T.);
#9568 = EDGE_CURVE('',#9548,#9569,#9571,.T.);
#9569 = VERTEX_POINT('',#9570);
#9570 = CARTESIAN_POINT('',(-4.75,10.098273151159,5.));
#9571 = SURFACE_CURVE('',#9572,(#9577,#9584),.PCURVE_S1.);
#9572 = CIRCLE('',#9573,4.75);
#9573 = AXIS2_PLACEMENT_3D('',#9574,#9575,#9576);
#9574 = CARTESIAN_POINT('',(-3.3,5.575,5.));
#9575 = DIRECTION('',(0.,0.,-1.));
#9576 = DIRECTION('',(1.,0.,0.));
#9577 = PCURVE('',#4170,#9578);
#9578 = DEFINITIONAL_REPRESENTATION('',(#9579),#9583);
#9579 = LINE('',#9580,#9581);
#9580 = CARTESIAN_POINT('',(-6.28318530718,-1.));
#9581 = VECTOR('',#9582,1.);
#9582 = DIRECTION('',(1.,-0.));
#9583 = ( GEOMETRIC_REPRESENTATION_CONTEXT(2) 
PARAMETRIC_REPRESENTATION_CONTEXT() REPRESENTATION_CONTEXT('2D SPACE',''
  ) );
#9584 = PCURVE('',#9585,#9590);
#9585 = PLANE('',#9586);
#9586 = AXIS2_PLACEMENT_3D('',#9587,#9588,#9589);
#9587 = CARTESIAN_POINT('',(-20.,0.,5.));
#9588 = DIRECTION('',(0.,0.,1.));
#9589 = DIRECTION('',(1.,0.,-0.));
#9590 = DEFINITIONAL_REPRESENTATION('',(#9591),#9599);
#9591 = ( BOUNDED_CURVE() B_SPLINE_CURVE(2,(#9592,#9593,#9594,#9595,
#9596,#9597,#9598),.UNSPECIFIED.,.T.,.F.) B_SPLINE_CURVE_WITH_KNOTS((1,2
    ,2,2,2,1),(-2.094395102393,0.,2.094395102393,4.188790204786,
6.28318530718,8.377580409573),.UNSPECIFIED.) CURVE() 
GEOMETRIC_REPRESENTATION_ITEM() RATIONAL_B_SPLINE_CURVE((1.,0.5,1.,0.5,
1.,0.5,1.)) REPRESENTATION_ITEM('') );
#9592 = CARTESIAN_POINT('',(21.45,5.575));
#9593 = CARTESIAN_POINT('',(21.45,-2.652241335952));
#9594 = CARTESIAN_POINT('',(14.325,1.461379332024));
#9595 = CARTESIAN_POINT('',(7.2,5.575));
#9596 = CARTESIAN_POINT('',(14.325,9.688620667976));
#9597 = CARTESIAN_POINT('',(21.45,13.802241335952));
#9598 = CARTESIAN_POINT('',(21.45,5.575));
#9599 = ( GEOMETRIC_REPRESENTATION_CONTEXT(2) 
PARAMETRIC_REPRESENTATION_CONTEXT() REPRESENTATION_CONTEXT('2D SPACE',''
  ) );
#9600 = ORIENTED_EDGE('',*,*,#9601,.T.);
#9601 = EDGE_CURVE('',#9569,#4154,#9602,.T.);
#9602 = SURFACE_CURVE('',#9603,(#9607,#9613),.PCURVE_S1.);
#9603 = LINE('',#9604,#9605);
#9604 = CARTESIAN_POINT('',(-4.75,10.098273151159,4.));
#9605 = VECTOR('',#9606,1.);
#9606 = DIRECTION('',(-0.,-0.,-1.));
#9607 = PCURVE('',#4170,#9608);
#9608 = DEFINITIONAL_REPRESENTATION('',(#9609),#9612);
#9609 = B_SPLINE_CURVE_WITH_KNOTS('',1,(#9610,#9611),.UNSPECIFIED.,.F.,
  .F.,(2,2),(-1.3,5.999999999062E-07),.PIECEWISE_BEZIER_KNOTS.);
#9610 = CARTESIAN_POINT('',(-1.881011092392,-1.3));
#9611 = CARTESIAN_POINT('',(-1.881011092392,5.999999999062E-07));
#9612 = ( GEOMETRIC_REPRESENTATION_CONTEXT(2) 
PARAMETRIC_REPRESENTATION_CONTEXT() REPRESENTATION_CONTEXT('2D SPACE',''
  ) );
#9613 = PCURVE('',#4221,#9614);
#9614 = DEFINITIONAL_REPRESENTATION('',(#9615),#9618);
#9615 = B_SPLINE_CURVE_WITH_KNOTS('',1,(#9616,#9617),.UNSPECIFIED.,.F.,
  .F.,(2,2),(-1.3,5.999999999062E-07),.PIECEWISE_BEZIER_KNOTS.);
#9616 = CARTESIAN_POINT('',(27.348273151159,-3.3));
#9617 = CARTESIAN_POINT('',(27.348273151159,-1.9999994));
#9618 = ( GEOMETRIC_REPRESENTATION_CONTEXT(2) 
PARAMETRIC_REPRESENTATION_CONTEXT() REPRESENTATION_CONTEXT('2D SPACE',''
  ) );
#9619 = ADVANCED_FACE('',(#9620),#4221,.T.);
#9620 = FACE_BOUND('',#9621,.T.);
#9621 = EDGE_LOOP('',(#9622,#9647,#9668,#9669,#9670,#9693,#9721,#9742,
    #9743,#9744));
#9622 = ORIENTED_EDGE('',*,*,#9623,.F.);
#9623 = EDGE_CURVE('',#9624,#9626,#9628,.T.);
#9624 = VERTEX_POINT('',#9625);
#9625 = CARTESIAN_POINT('',(-4.75,-15.,2.));
#9626 = VERTEX_POINT('',#9627);
#9627 = CARTESIAN_POINT('',(-4.75,15.,2.));
#9628 = SURFACE_CURVE('',#9629,(#9633,#9640),.PCURVE_S1.);
#9629 = LINE('',#9630,#9631);
#9630 = CARTESIAN_POINT('',(-4.75,-17.25,2.));
#9631 = VECTOR('',#9632,1.);
#9632 = DIRECTION('',(0.,1.,0.));
#9633 = PCURVE('',#4221,#9634);
#9634 = DEFINITIONAL_REPRESENTATION('',(#9635),#9639);
#9635 = LINE('',#9636,#9637);
#9636 = CARTESIAN_POINT('',(0.,0.));
#9637 = VECTOR('',#9638,1.);
#9638 = DIRECTION('',(1.,0.));
#9639 = ( GEOMETRIC_REPRESENTATION_CONTEXT(2) 
PARAMETRIC_REPRESENTATION_CONTEXT() REPRESENTATION_CONTEXT('2D SPACE',''
  ) );
#9640 = PCURVE('',#8268,#9641);
#9641 = DEFINITIONAL_REPRESENTATION('',(#9642),#9646);
#9642 = LINE('',#9643,#9644);
#9643 = CARTESIAN_POINT('',(15.25,-17.25));
#9644 = VECTOR('',#9645,1.);
#9645 = DIRECTION('',(0.,1.));
#9646 = ( GEOMETRIC_REPRESENTATION_CONTEXT(2) 
PARAMETRIC_REPRESENTATION_CONTEXT() REPRESENTATION_CONTEXT('2D SPACE',''
  ) );
#9647 = ORIENTED_EDGE('',*,*,#9648,.T.);
#9648 = EDGE_CURVE('',#9624,#4207,#9649,.T.);
#9649 = SURFACE_CURVE('',#9650,(#9654,#9661),.PCURVE_S1.);
#9650 = LINE('',#9651,#9652);
#9651 = CARTESIAN_POINT('',(-4.75,-15.,2.));
#9652 = VECTOR('',#9653,1.);
#9653 = DIRECTION('',(0.,0.,1.));
#9654 = PCURVE('',#4221,#9655);
#9655 = DEFINITIONAL_REPRESENTATION('',(#9656),#9660);
#9656 = LINE('',#9657,#9658);
#9657 = CARTESIAN_POINT('',(2.25,0.));
#9658 = VECTOR('',#9659,1.);
#9659 = DIRECTION('',(0.,-1.));
#9660 = ( GEOMETRIC_REPRESENTATION_CONTEXT(2) 
PARAMETRIC_REPRESENTATION_CONTEXT() REPRESENTATION_CONTEXT('2D SPACE',''
  ) );
#9661 = PCURVE('',#4249,#9662);
#9662 = DEFINITIONAL_REPRESENTATION('',(#9663),#9667);
#9663 = LINE('',#9664,#9665);
#9664 = CARTESIAN_POINT('',(1.570796326795,0.));
#9665 = VECTOR('',#9666,1.);
#9666 = DIRECTION('',(0.,1.));
#9667 = ( GEOMETRIC_REPRESENTATION_CONTEXT(2) 
PARAMETRIC_REPRESENTATION_CONTEXT() REPRESENTATION_CONTEXT('2D SPACE',''
  ) );
#9668 = ORIENTED_EDGE('',*,*,#4206,.F.);
#9669 = ORIENTED_EDGE('',*,*,#9547,.F.);
#9670 = ORIENTED_EDGE('',*,*,#9671,.T.);
#9671 = EDGE_CURVE('',#9548,#9672,#9674,.T.);
#9672 = VERTEX_POINT('',#9673);
#9673 = CARTESIAN_POINT('',(-4.75,4.595204102887,5.));
#9674 = SURFACE_CURVE('',#9675,(#9679,#9686),.PCURVE_S1.);
#9675 = LINE('',#9676,#9677);
#9676 = CARTESIAN_POINT('',(-4.75,-17.25,5.));
#9677 = VECTOR('',#9678,1.);
#9678 = DIRECTION('',(0.,1.,0.));
#9679 = PCURVE('',#4221,#9680);
#9680 = DEFINITIONAL_REPRESENTATION('',(#9681),#9685);
#9681 = LINE('',#9682,#9683);
#9682 = CARTESIAN_POINT('',(0.,-3.));
#9683 = VECTOR('',#9684,1.);
#9684 = DIRECTION('',(1.,0.));
#9685 = ( GEOMETRIC_REPRESENTATION_CONTEXT(2) 
PARAMETRIC_REPRESENTATION_CONTEXT() REPRESENTATION_CONTEXT('2D SPACE',''
  ) );
#9686 = PCURVE('',#9585,#9687);
#9687 = DEFINITIONAL_REPRESENTATION('',(#9688),#9692);
#9688 = LINE('',#9689,#9690);
#9689 = CARTESIAN_POINT('',(15.25,-17.25));
#9690 = VECTOR('',#9691,1.);
#9691 = DIRECTION('',(0.,1.));
#9692 = ( GEOMETRIC_REPRESENTATION_CONTEXT(2) 
PARAMETRIC_REPRESENTATION_CONTEXT() REPRESENTATION_CONTEXT('2D SPACE',''
  ) );
#9693 = ORIENTED_EDGE('',*,*,#9694,.T.);
#9694 = EDGE_CURVE('',#9672,#9695,#9697,.T.);
#9695 = VERTEX_POINT('',#9696);
#9696 = CARTESIAN_POINT('',(-4.75,6.554795897113,5.));
#9697 = SURFACE_CURVE('',#9698,(#9702,#9709),.PCURVE_S1.);
#9698 = LINE('',#9699,#9700);
#9699 = CARTESIAN_POINT('',(-4.75,-17.25,5.));
#9700 = VECTOR('',#9701,1.);
#9701 = DIRECTION('',(0.,1.,0.));
#9702 = PCURVE('',#4221,#9703);
#9703 = DEFINITIONAL_REPRESENTATION('',(#9704),#9708);
#9704 = LINE('',#9705,#9706);
#9705 = CARTESIAN_POINT('',(0.,-3.));
#9706 = VECTOR('',#9707,1.);
#9707 = DIRECTION('',(1.,0.));
#9708 = ( GEOMETRIC_REPRESENTATION_CONTEXT(2) 
PARAMETRIC_REPRESENTATION_CONTEXT() REPRESENTATION_CONTEXT('2D SPACE',''
  ) );
#9709 = PCURVE('',#9710,#9715);
#9710 = PLANE('',#9711);
#9711 = AXIS2_PLACEMENT_3D('',#9712,#9713,#9714);
#9712 = CARTESIAN_POINT('',(-3.3,5.575,5.));
#9713 = DIRECTION('',(0.,0.,1.));
#9714 = DIRECTION('',(1.,0.,-0.));
#9715 = DEFINITIONAL_REPRESENTATION('',(#9716),#9720);
#9716 = LINE('',#9717,#9718);
#9717 = CARTESIAN_POINT('',(-1.45,-22.825));
#9718 = VECTOR('',#9719,1.);
#9719 = DIRECTION('',(0.,1.));
#9720 = ( GEOMETRIC_REPRESENTATION_CONTEXT(2) 
PARAMETRIC_REPRESENTATION_CONTEXT() REPRESENTATION_CONTEXT('2D SPACE',''
  ) );
#9721 = ORIENTED_EDGE('',*,*,#9722,.T.);
#9722 = EDGE_CURVE('',#9695,#9569,#9723,.T.);
#9723 = SURFACE_CURVE('',#9724,(#9728,#9735),.PCURVE_S1.);
#9724 = LINE('',#9725,#9726);
#9725 = CARTESIAN_POINT('',(-4.75,-17.25,5.));
#9726 = VECTOR('',#9727,1.);
#9727 = DIRECTION('',(0.,1.,0.));
#9728 = PCURVE('',#4221,#9729);
#9729 = DEFINITIONAL_REPRESENTATION('',(#9730),#9734);
#9730 = LINE('',#9731,#9732);
#9731 = CARTESIAN_POINT('',(0.,-3.));
#9732 = VECTOR('',#9733,1.);
#9733 = DIRECTION('',(1.,0.));
#9734 = ( GEOMETRIC_REPRESENTATION_CONTEXT(2) 
PARAMETRIC_REPRESENTATION_CONTEXT() REPRESENTATION_CONTEXT('2D SPACE',''
  ) );
#9735 = PCURVE('',#9585,#9736);
#9736 = DEFINITIONAL_REPRESENTATION('',(#9737),#9741);
#9737 = LINE('',#9738,#9739);
#9738 = CARTESIAN_POINT('',(15.25,-17.25));
#9739 = VECTOR('',#9740,1.);
#9740 = DIRECTION('',(0.,1.));
#9741 = ( GEOMETRIC_REPRESENTATION_CONTEXT(2) 
PARAMETRIC_REPRESENTATION_CONTEXT() REPRESENTATION_CONTEXT('2D SPACE',''
  ) );
#9742 = ORIENTED_EDGE('',*,*,#9601,.T.);
#9743 = ORIENTED_EDGE('',*,*,#4426,.F.);
#9744 = ORIENTED_EDGE('',*,*,#9745,.F.);
#9745 = EDGE_CURVE('',#9626,#4398,#9746,.T.);
#9746 = SURFACE_CURVE('',#9747,(#9751,#9758),.PCURVE_S1.);
#9747 = LINE('',#9748,#9749);
#9748 = CARTESIAN_POINT('',(-4.75,15.,2.));
#9749 = VECTOR('',#9750,1.);
#9750 = DIRECTION('',(0.,0.,1.));
#9751 = PCURVE('',#4221,#9752);
#9752 = DEFINITIONAL_REPRESENTATION('',(#9753),#9757);
#9753 = LINE('',#9754,#9755);
#9754 = CARTESIAN_POINT('',(32.25,0.));
#9755 = VECTOR('',#9756,1.);
#9756 = DIRECTION('',(0.,-1.));
#9757 = ( GEOMETRIC_REPRESENTATION_CONTEXT(2) 
PARAMETRIC_REPRESENTATION_CONTEXT() REPRESENTATION_CONTEXT('2D SPACE',''
  ) );
#9758 = PCURVE('',#4414,#9759);
#9759 = DEFINITIONAL_REPRESENTATION('',(#9760),#9764);
#9760 = LINE('',#9761,#9762);
#9761 = CARTESIAN_POINT('',(0.,0.));
#9762 = VECTOR('',#9763,1.);
#9763 = DIRECTION('',(0.,1.));
#9764 = ( GEOMETRIC_REPRESENTATION_CONTEXT(2) 
PARAMETRIC_REPRESENTATION_CONTEXT() REPRESENTATION_CONTEXT('2D SPACE',''
  ) );
#9765 = ADVANCED_FACE('',(#9766),#4414,.F.);
#9766 = FACE_BOUND('',#9767,.F.);
#9767 = EDGE_LOOP('',(#9768,#9769,#9793,#9814));
#9768 = ORIENTED_EDGE('',*,*,#9745,.F.);
#9769 = ORIENTED_EDGE('',*,*,#9770,.T.);
#9770 = EDGE_CURVE('',#9626,#9771,#9773,.T.);
#9771 = VERTEX_POINT('',#9772);
#9772 = CARTESIAN_POINT('',(-7.,17.25,2.));
#9773 = SURFACE_CURVE('',#9774,(#9779,#9786),.PCURVE_S1.);
#9774 = CIRCLE('',#9775,2.25);
#9775 = AXIS2_PLACEMENT_3D('',#9776,#9777,#9778);
#9776 = CARTESIAN_POINT('',(-7.,15.,2.));
#9777 = DIRECTION('',(0.,0.,1.));
#9778 = DIRECTION('',(0.,-1.,0.));
#9779 = PCURVE('',#4414,#9780);
#9780 = DEFINITIONAL_REPRESENTATION('',(#9781),#9785);
#9781 = LINE('',#9782,#9783);
#9782 = CARTESIAN_POINT('',(-1.570796326795,0.));
#9783 = VECTOR('',#9784,1.);
#9784 = DIRECTION('',(1.,0.));
#9785 = ( GEOMETRIC_REPRESENTATION_CONTEXT(2) 
PARAMETRIC_REPRESENTATION_CONTEXT() REPRESENTATION_CONTEXT('2D SPACE',''
  ) );
#9786 = PCURVE('',#8268,#9787);
#9787 = DEFINITIONAL_REPRESENTATION('',(#9788),#9792);
#9788 = CIRCLE('',#9789,2.25);
#9789 = AXIS2_PLACEMENT_2D('',#9790,#9791);
#9790 = CARTESIAN_POINT('',(13.,15.));
#9791 = DIRECTION('',(0.,-1.));
#9792 = ( GEOMETRIC_REPRESENTATION_CONTEXT(2) 
PARAMETRIC_REPRESENTATION_CONTEXT() REPRESENTATION_CONTEXT('2D SPACE',''
  ) );
#9793 = ORIENTED_EDGE('',*,*,#9794,.T.);
#9794 = EDGE_CURVE('',#9771,#4372,#9795,.T.);
#9795 = SURFACE_CURVE('',#9796,(#9800,#9807),.PCURVE_S1.);
#9796 = LINE('',#9797,#9798);
#9797 = CARTESIAN_POINT('',(-7.,17.25,2.));
#9798 = VECTOR('',#9799,1.);
#9799 = DIRECTION('',(0.,0.,1.));
#9800 = PCURVE('',#4414,#9801);
#9801 = DEFINITIONAL_REPRESENTATION('',(#9802),#9806);
#9802 = LINE('',#9803,#9804);
#9803 = CARTESIAN_POINT('',(1.570796326795,0.));
#9804 = VECTOR('',#9805,1.);
#9805 = DIRECTION('',(0.,1.));
#9806 = ( GEOMETRIC_REPRESENTATION_CONTEXT(2) 
PARAMETRIC_REPRESENTATION_CONTEXT() REPRESENTATION_CONTEXT('2D SPACE',''
  ) );
#9807 = PCURVE('',#4386,#9808);
#9808 = DEFINITIONAL_REPRESENTATION('',(#9809),#9813);
#9809 = LINE('',#9810,#9811);
#9810 = CARTESIAN_POINT('',(2.25,0.));
#9811 = VECTOR('',#9812,1.);
#9812 = DIRECTION('',(0.,-1.));
#9813 = ( GEOMETRIC_REPRESENTATION_CONTEXT(2) 
PARAMETRIC_REPRESENTATION_CONTEXT() REPRESENTATION_CONTEXT('2D SPACE',''
  ) );
#9814 = ORIENTED_EDGE('',*,*,#4397,.F.);
#9815 = ADVANCED_FACE('',(#9816),#4249,.F.);
#9816 = FACE_BOUND('',#9817,.F.);
#9817 = EDGE_LOOP('',(#9818,#9841,#9863,#9864));
#9818 = ORIENTED_EDGE('',*,*,#9819,.F.);
#9819 = EDGE_CURVE('',#9820,#4233,#9822,.T.);
#9820 = VERTEX_POINT('',#9821);
#9821 = CARTESIAN_POINT('',(-7.,-17.25,2.));
#9822 = SURFACE_CURVE('',#9823,(#9827,#9834),.PCURVE_S1.);
#9823 = LINE('',#9824,#9825);
#9824 = CARTESIAN_POINT('',(-7.,-17.25,2.));
#9825 = VECTOR('',#9826,1.);
#9826 = DIRECTION('',(0.,0.,1.));
#9827 = PCURVE('',#4249,#9828);
#9828 = DEFINITIONAL_REPRESENTATION('',(#9829),#9833);
#9829 = LINE('',#9830,#9831);
#9830 = CARTESIAN_POINT('',(0.,0.));
#9831 = VECTOR('',#9832,1.);
#9832 = DIRECTION('',(0.,1.));
#9833 = ( GEOMETRIC_REPRESENTATION_CONTEXT(2) 
PARAMETRIC_REPRESENTATION_CONTEXT() REPRESENTATION_CONTEXT('2D SPACE',''
  ) );
#9834 = PCURVE('',#4276,#9835);
#9835 = DEFINITIONAL_REPRESENTATION('',(#9836),#9840);
#9836 = LINE('',#9837,#9838);
#9837 = CARTESIAN_POINT('',(28.25,0.));
#9838 = VECTOR('',#9839,1.);
#9839 = DIRECTION('',(0.,-1.));
#9840 = ( GEOMETRIC_REPRESENTATION_CONTEXT(2) 
PARAMETRIC_REPRESENTATION_CONTEXT() REPRESENTATION_CONTEXT('2D SPACE',''
  ) );
#9841 = ORIENTED_EDGE('',*,*,#9842,.T.);
#9842 = EDGE_CURVE('',#9820,#9624,#9843,.T.);
#9843 = SURFACE_CURVE('',#9844,(#9849,#9856),.PCURVE_S1.);
#9844 = CIRCLE('',#9845,2.25);
#9845 = AXIS2_PLACEMENT_3D('',#9846,#9847,#9848);
#9846 = CARTESIAN_POINT('',(-7.,-15.,2.));
#9847 = DIRECTION('',(0.,0.,1.));
#9848 = DIRECTION('',(0.,-1.,0.));
#9849 = PCURVE('',#4249,#9850);
#9850 = DEFINITIONAL_REPRESENTATION('',(#9851),#9855);
#9851 = LINE('',#9852,#9853);
#9852 = CARTESIAN_POINT('',(0.,0.));
#9853 = VECTOR('',#9854,1.);
#9854 = DIRECTION('',(1.,0.));
#9855 = ( GEOMETRIC_REPRESENTATION_CONTEXT(2) 
PARAMETRIC_REPRESENTATION_CONTEXT() REPRESENTATION_CONTEXT('2D SPACE',''
  ) );
#9856 = PCURVE('',#8268,#9857);
#9857 = DEFINITIONAL_REPRESENTATION('',(#9858),#9862);
#9858 = CIRCLE('',#9859,2.25);
#9859 = AXIS2_PLACEMENT_2D('',#9860,#9861);
#9860 = CARTESIAN_POINT('',(13.,-15.));
#9861 = DIRECTION('',(0.,-1.));
#9862 = ( GEOMETRIC_REPRESENTATION_CONTEXT(2) 
PARAMETRIC_REPRESENTATION_CONTEXT() REPRESENTATION_CONTEXT('2D SPACE',''
  ) );
#9863 = ORIENTED_EDGE('',*,*,#9648,.T.);
#9864 = ORIENTED_EDGE('',*,*,#4232,.F.);
#9865 = ADVANCED_FACE('',(#9866),#4386,.T.);
#9866 = FACE_BOUND('',#9867,.T.);
#9867 = EDGE_LOOP('',(#9868,#9891,#9892,#9893));
#9868 = ORIENTED_EDGE('',*,*,#9869,.F.);
#9869 = EDGE_CURVE('',#9771,#9870,#9872,.T.);
#9870 = VERTEX_POINT('',#9871);
#9871 = CARTESIAN_POINT('',(-33.,17.25,2.));
#9872 = SURFACE_CURVE('',#9873,(#9877,#9884),.PCURVE_S1.);
#9873 = LINE('',#9874,#9875);
#9874 = CARTESIAN_POINT('',(-4.75,17.25,2.));
#9875 = VECTOR('',#9876,1.);
#9876 = DIRECTION('',(-1.,0.,0.));
#9877 = PCURVE('',#4386,#9878);
#9878 = DEFINITIONAL_REPRESENTATION('',(#9879),#9883);
#9879 = LINE('',#9880,#9881);
#9880 = CARTESIAN_POINT('',(0.,-0.));
#9881 = VECTOR('',#9882,1.);
#9882 = DIRECTION('',(1.,0.));
#9883 = ( GEOMETRIC_REPRESENTATION_CONTEXT(2) 
PARAMETRIC_REPRESENTATION_CONTEXT() REPRESENTATION_CONTEXT('2D SPACE',''
  ) );
#9884 = PCURVE('',#8268,#9885);
#9885 = DEFINITIONAL_REPRESENTATION('',(#9886),#9890);
#9886 = LINE('',#9887,#9888);
#9887 = CARTESIAN_POINT('',(15.25,17.25));
#9888 = VECTOR('',#9889,1.);
#9889 = DIRECTION('',(-1.,0.));
#9890 = ( GEOMETRIC_REPRESENTATION_CONTEXT(2) 
PARAMETRIC_REPRESENTATION_CONTEXT() REPRESENTATION_CONTEXT('2D SPACE',''
  ) );
#9891 = ORIENTED_EDGE('',*,*,#9794,.T.);
#9892 = ORIENTED_EDGE('',*,*,#4371,.F.);
#9893 = ORIENTED_EDGE('',*,*,#9894,.F.);
#9894 = EDGE_CURVE('',#9870,#4343,#9895,.T.);
#9895 = SURFACE_CURVE('',#9896,(#9900,#9907),.PCURVE_S1.);
#9896 = LINE('',#9897,#9898);
#9897 = CARTESIAN_POINT('',(-33.,17.25,2.));
#9898 = VECTOR('',#9899,1.);
#9899 = DIRECTION('',(0.,0.,1.));
#9900 = PCURVE('',#4386,#9901);
#9901 = DEFINITIONAL_REPRESENTATION('',(#9902),#9906);
#9902 = LINE('',#9903,#9904);
#9903 = CARTESIAN_POINT('',(28.25,0.));
#9904 = VECTOR('',#9905,1.);
#9905 = DIRECTION('',(0.,-1.));
#9906 = ( GEOMETRIC_REPRESENTATION_CONTEXT(2) 
PARAMETRIC_REPRESENTATION_CONTEXT() REPRESENTATION_CONTEXT('2D SPACE',''
  ) );
#9907 = PCURVE('',#4359,#9908);
#9908 = DEFINITIONAL_REPRESENTATION('',(#9909),#9913);
#9909 = LINE('',#9910,#9911);
#9910 = CARTESIAN_POINT('',(0.,0.));
#9911 = VECTOR('',#9912,1.);
#9912 = DIRECTION('',(0.,1.));
#9913 = ( GEOMETRIC_REPRESENTATION_CONTEXT(2) 
PARAMETRIC_REPRESENTATION_CONTEXT() REPRESENTATION_CONTEXT('2D SPACE',''
  ) );
#9914 = ADVANCED_FACE('',(#9915),#4276,.T.);
#9915 = FACE_BOUND('',#9916,.T.);
#9916 = EDGE_LOOP('',(#9917,#9940,#9961,#9962));
#9917 = ORIENTED_EDGE('',*,*,#9918,.F.);
#9918 = EDGE_CURVE('',#9919,#9820,#9921,.T.);
#9919 = VERTEX_POINT('',#9920);
#9920 = CARTESIAN_POINT('',(-33.,-17.25,2.));
#9921 = SURFACE_CURVE('',#9922,(#9926,#9933),.PCURVE_S1.);
#9922 = LINE('',#9923,#9924);
#9923 = CARTESIAN_POINT('',(-35.25,-17.25,2.));
#9924 = VECTOR('',#9925,1.);
#9925 = DIRECTION('',(1.,0.,0.));
#9926 = PCURVE('',#4276,#9927);
#9927 = DEFINITIONAL_REPRESENTATION('',(#9928),#9932);
#9928 = LINE('',#9929,#9930);
#9929 = CARTESIAN_POINT('',(0.,0.));
#9930 = VECTOR('',#9931,1.);
#9931 = DIRECTION('',(1.,0.));
#9932 = ( GEOMETRIC_REPRESENTATION_CONTEXT(2) 
PARAMETRIC_REPRESENTATION_CONTEXT() REPRESENTATION_CONTEXT('2D SPACE',''
  ) );
#9933 = PCURVE('',#8268,#9934);
#9934 = DEFINITIONAL_REPRESENTATION('',(#9935),#9939);
#9935 = LINE('',#9936,#9937);
#9936 = CARTESIAN_POINT('',(-15.25,-17.25));
#9937 = VECTOR('',#9938,1.);
#9938 = DIRECTION('',(1.,0.));
#9939 = ( GEOMETRIC_REPRESENTATION_CONTEXT(2) 
PARAMETRIC_REPRESENTATION_CONTEXT() REPRESENTATION_CONTEXT('2D SPACE',''
  ) );
#9940 = ORIENTED_EDGE('',*,*,#9941,.T.);
#9941 = EDGE_CURVE('',#9919,#4262,#9942,.T.);
#9942 = SURFACE_CURVE('',#9943,(#9947,#9954),.PCURVE_S1.);
#9943 = LINE('',#9944,#9945);
#9944 = CARTESIAN_POINT('',(-33.,-17.25,2.));
#9945 = VECTOR('',#9946,1.);
#9946 = DIRECTION('',(0.,0.,1.));
#9947 = PCURVE('',#4276,#9948);
#9948 = DEFINITIONAL_REPRESENTATION('',(#9949),#9953);
#9949 = LINE('',#9950,#9951);
#9950 = CARTESIAN_POINT('',(2.25,0.));
#9951 = VECTOR('',#9952,1.);
#9952 = DIRECTION('',(0.,-1.));
#9953 = ( GEOMETRIC_REPRESENTATION_CONTEXT(2) 
PARAMETRIC_REPRESENTATION_CONTEXT() REPRESENTATION_CONTEXT('2D SPACE',''
  ) );
#9954 = PCURVE('',#4304,#9955);
#9955 = DEFINITIONAL_REPRESENTATION('',(#9956),#9960);
#9956 = LINE('',#9957,#9958);
#9957 = CARTESIAN_POINT('',(-0.,0.));
#9958 = VECTOR('',#9959,1.);
#9959 = DIRECTION('',(-0.,1.));
#9960 = ( GEOMETRIC_REPRESENTATION_CONTEXT(2) 
PARAMETRIC_REPRESENTATION_CONTEXT() REPRESENTATION_CONTEXT('2D SPACE',''
  ) );
#9961 = ORIENTED_EDGE('',*,*,#4261,.F.);
#9962 = ORIENTED_EDGE('',*,*,#9819,.F.);
#9963 = ADVANCED_FACE('',(#9964),#4359,.F.);
#9964 = FACE_BOUND('',#9965,.F.);
#9965 = EDGE_LOOP('',(#9966,#9967,#9991,#10012));
#9966 = ORIENTED_EDGE('',*,*,#9894,.F.);
#9967 = ORIENTED_EDGE('',*,*,#9968,.T.);
#9968 = EDGE_CURVE('',#9870,#9969,#9971,.T.);
#9969 = VERTEX_POINT('',#9970);
#9970 = CARTESIAN_POINT('',(-35.25,15.,2.));
#9971 = SURFACE_CURVE('',#9972,(#9977,#9984),.PCURVE_S1.);
#9972 = CIRCLE('',#9973,2.25);
#9973 = AXIS2_PLACEMENT_3D('',#9974,#9975,#9976);
#9974 = CARTESIAN_POINT('',(-33.,15.,2.));
#9975 = DIRECTION('',(0.,0.,1.));
#9976 = DIRECTION('',(0.,-1.,0.));
#9977 = PCURVE('',#4359,#9978);
#9978 = DEFINITIONAL_REPRESENTATION('',(#9979),#9983);
#9979 = LINE('',#9980,#9981);
#9980 = CARTESIAN_POINT('',(-3.14159265359,0.));
#9981 = VECTOR('',#9982,1.);
#9982 = DIRECTION('',(1.,0.));
#9983 = ( GEOMETRIC_REPRESENTATION_CONTEXT(2) 
PARAMETRIC_REPRESENTATION_CONTEXT() REPRESENTATION_CONTEXT('2D SPACE',''
  ) );
#9984 = PCURVE('',#8268,#9985);
#9985 = DEFINITIONAL_REPRESENTATION('',(#9986),#9990);
#9986 = CIRCLE('',#9987,2.25);
#9987 = AXIS2_PLACEMENT_2D('',#9988,#9989);
#9988 = CARTESIAN_POINT('',(-13.,15.));
#9989 = DIRECTION('',(0.,-1.));
#9990 = ( GEOMETRIC_REPRESENTATION_CONTEXT(2) 
PARAMETRIC_REPRESENTATION_CONTEXT() REPRESENTATION_CONTEXT('2D SPACE',''
  ) );
#9991 = ORIENTED_EDGE('',*,*,#9992,.T.);
#9992 = EDGE_CURVE('',#9969,#4317,#9993,.T.);
#9993 = SURFACE_CURVE('',#9994,(#9998,#10005),.PCURVE_S1.);
#9994 = LINE('',#9995,#9996);
#9995 = CARTESIAN_POINT('',(-35.25,15.,2.));
#9996 = VECTOR('',#9997,1.);
#9997 = DIRECTION('',(0.,0.,1.));
#9998 = PCURVE('',#4359,#9999);
#9999 = DEFINITIONAL_REPRESENTATION('',(#10000),#10004);
#10000 = LINE('',#10001,#10002);
#10001 = CARTESIAN_POINT('',(1.570796326795,0.));
#10002 = VECTOR('',#10003,1.);
#10003 = DIRECTION('',(0.,1.));
#10004 = ( GEOMETRIC_REPRESENTATION_CONTEXT(2) 
PARAMETRIC_REPRESENTATION_CONTEXT() REPRESENTATION_CONTEXT('2D SPACE',''
  ) );
#10005 = PCURVE('',#4331,#10006);
#10006 = DEFINITIONAL_REPRESENTATION('',(#10007),#10011);
#10007 = LINE('',#10008,#10009);
#10008 = CARTESIAN_POINT('',(2.25,0.));
#10009 = VECTOR('',#10010,1.);
#10010 = DIRECTION('',(0.,-1.));
#10011 = ( GEOMETRIC_REPRESENTATION_CONTEXT(2) 
PARAMETRIC_REPRESENTATION_CONTEXT() REPRESENTATION_CONTEXT('2D SPACE',''
  ) );
#10012 = ORIENTED_EDGE('',*,*,#4342,.F.);
#10013 = ADVANCED_FACE('',(#10014),#4304,.F.);
#10014 = FACE_BOUND('',#10015,.T.);
#10015 = EDGE_LOOP('',(#10016,#10017,#10045,#10066));
#10016 = ORIENTED_EDGE('',*,*,#9941,.F.);
#10017 = ORIENTED_EDGE('',*,*,#10018,.T.);
#10018 = EDGE_CURVE('',#9919,#10019,#10021,.T.);
#10019 = VERTEX_POINT('',#10020);
#10020 = CARTESIAN_POINT('',(-35.25,-15.,2.));
#10021 = SURFACE_CURVE('',#10022,(#10027,#10034),.PCURVE_S1.);
#10022 = CIRCLE('',#10023,2.25);
#10023 = AXIS2_PLACEMENT_3D('',#10024,#10025,#10026);
#10024 = CARTESIAN_POINT('',(-33.,-15.,2.));
#10025 = DIRECTION('',(-0.,-0.,-1.));
#10026 = DIRECTION('',(0.,-1.,0.));
#10027 = PCURVE('',#4304,#10028);
#10028 = DEFINITIONAL_REPRESENTATION('',(#10029),#10033);
#10029 = LINE('',#10030,#10031);
#10030 = CARTESIAN_POINT('',(-0.,0.));
#10031 = VECTOR('',#10032,1.);
#10032 = DIRECTION('',(-1.,0.));
#10033 = ( GEOMETRIC_REPRESENTATION_CONTEXT(2) 
PARAMETRIC_REPRESENTATION_CONTEXT() REPRESENTATION_CONTEXT('2D SPACE',''
  ) );
#10034 = PCURVE('',#8268,#10035);
#10035 = DEFINITIONAL_REPRESENTATION('',(#10036),#10044);
#10036 = ( BOUNDED_CURVE() B_SPLINE_CURVE(2,(#10037,#10038,#10039,#10040
    ,#10041,#10042,#10043),.UNSPECIFIED.,.T.,.F.) 
B_SPLINE_CURVE_WITH_KNOTS((1,2,2,2,2,1),(-2.094395102393,0.,
    2.094395102393,4.188790204786,6.28318530718,8.377580409573),
.UNSPECIFIED.) CURVE() GEOMETRIC_REPRESENTATION_ITEM() 
RATIONAL_B_SPLINE_CURVE((1.,0.5,1.,0.5,1.,0.5,1.)) REPRESENTATION_ITEM(
  '') );
#10037 = CARTESIAN_POINT('',(-13.,-17.25));
#10038 = CARTESIAN_POINT('',(-16.89711431703,-17.25));
#10039 = CARTESIAN_POINT('',(-14.94855715851,-13.875));
#10040 = CARTESIAN_POINT('',(-13.,-10.5));
#10041 = CARTESIAN_POINT('',(-11.05144284148,-13.875));
#10042 = CARTESIAN_POINT('',(-9.10288568297,-17.25));
#10043 = CARTESIAN_POINT('',(-13.,-17.25));
#10044 = ( GEOMETRIC_REPRESENTATION_CONTEXT(2) 
PARAMETRIC_REPRESENTATION_CONTEXT() REPRESENTATION_CONTEXT('2D SPACE',''
  ) );
#10045 = ORIENTED_EDGE('',*,*,#10046,.T.);
#10046 = EDGE_CURVE('',#10019,#4288,#10047,.T.);
#10047 = SURFACE_CURVE('',#10048,(#10052,#10059),.PCURVE_S1.);
#10048 = LINE('',#10049,#10050);
#10049 = CARTESIAN_POINT('',(-35.25,-15.,2.));
#10050 = VECTOR('',#10051,1.);
#10051 = DIRECTION('',(0.,0.,1.));
#10052 = PCURVE('',#4304,#10053);
#10053 = DEFINITIONAL_REPRESENTATION('',(#10054),#10058);
#10054 = LINE('',#10055,#10056);
#10055 = CARTESIAN_POINT('',(-1.570796326795,0.));
#10056 = VECTOR('',#10057,1.);
#10057 = DIRECTION('',(-0.,1.));
#10058 = ( GEOMETRIC_REPRESENTATION_CONTEXT(2) 
PARAMETRIC_REPRESENTATION_CONTEXT() REPRESENTATION_CONTEXT('2D SPACE',''
  ) );
#10059 = PCURVE('',#4331,#10060);
#10060 = DEFINITIONAL_REPRESENTATION('',(#10061),#10065);
#10061 = LINE('',#10062,#10063);
#10062 = CARTESIAN_POINT('',(32.25,0.));
#10063 = VECTOR('',#10064,1.);
#10064 = DIRECTION('',(0.,-1.));
#10065 = ( GEOMETRIC_REPRESENTATION_CONTEXT(2) 
PARAMETRIC_REPRESENTATION_CONTEXT() REPRESENTATION_CONTEXT('2D SPACE',''
  ) );
#10066 = ORIENTED_EDGE('',*,*,#4287,.T.);
#10067 = ADVANCED_FACE('',(#10068),#4331,.T.);
#10068 = FACE_BOUND('',#10069,.T.);
#10069 = EDGE_LOOP('',(#10070,#10091,#10092,#10093));
#10070 = ORIENTED_EDGE('',*,*,#10071,.F.);
#10071 = EDGE_CURVE('',#9969,#10019,#10072,.T.);
#10072 = SURFACE_CURVE('',#10073,(#10077,#10084),.PCURVE_S1.);
#10073 = LINE('',#10074,#10075);
#10074 = CARTESIAN_POINT('',(-35.25,17.25,2.));
#10075 = VECTOR('',#10076,1.);
#10076 = DIRECTION('',(0.,-1.,0.));
#10077 = PCURVE('',#4331,#10078);
#10078 = DEFINITIONAL_REPRESENTATION('',(#10079),#10083);
#10079 = LINE('',#10080,#10081);
#10080 = CARTESIAN_POINT('',(0.,0.));
#10081 = VECTOR('',#10082,1.);
#10082 = DIRECTION('',(1.,0.));
#10083 = ( GEOMETRIC_REPRESENTATION_CONTEXT(2) 
PARAMETRIC_REPRESENTATION_CONTEXT() REPRESENTATION_CONTEXT('2D SPACE',''
  ) );
#10084 = PCURVE('',#8268,#10085);
#10085 = DEFINITIONAL_REPRESENTATION('',(#10086),#10090);
#10086 = LINE('',#10087,#10088);
#10087 = CARTESIAN_POINT('',(-15.25,17.25));
#10088 = VECTOR('',#10089,1.);
#10089 = DIRECTION('',(0.,-1.));
#10090 = ( GEOMETRIC_REPRESENTATION_CONTEXT(2) 
PARAMETRIC_REPRESENTATION_CONTEXT() REPRESENTATION_CONTEXT('2D SPACE',''
  ) );
#10091 = ORIENTED_EDGE('',*,*,#9992,.T.);
#10092 = ORIENTED_EDGE('',*,*,#4316,.F.);
#10093 = ORIENTED_EDGE('',*,*,#10046,.F.);
#10094 = ADVANCED_FACE('',(#10095),#5246,.F.);
#10095 = FACE_BOUND('',#10096,.F.);
#10096 = EDGE_LOOP('',(#10097,#10120,#10144,#10165));
#10097 = ORIENTED_EDGE('',*,*,#10098,.F.);
#10098 = EDGE_CURVE('',#10099,#5228,#10101,.T.);
#10099 = VERTEX_POINT('',#10100);
#10100 = CARTESIAN_POINT('',(33.,-17.25,2.));
#10101 = SURFACE_CURVE('',#10102,(#10106,#10113),.PCURVE_S1.);
#10102 = LINE('',#10103,#10104);
#10103 = CARTESIAN_POINT('',(33.,-17.25,2.));
#10104 = VECTOR('',#10105,1.);
#10105 = DIRECTION('',(0.,0.,1.));
#10106 = PCURVE('',#5246,#10107);
#10107 = DEFINITIONAL_REPRESENTATION('',(#10108),#10112);
#10108 = LINE('',#10109,#10110);
#10109 = CARTESIAN_POINT('',(0.,0.));
#10110 = VECTOR('',#10111,1.);
#10111 = DIRECTION('',(0.,1.));
#10112 = ( GEOMETRIC_REPRESENTATION_CONTEXT(2) 
PARAMETRIC_REPRESENTATION_CONTEXT() REPRESENTATION_CONTEXT('2D SPACE',''
  ) );
#10113 = PCURVE('',#5273,#10114);
#10114 = DEFINITIONAL_REPRESENTATION('',(#10115),#10119);
#10115 = LINE('',#10116,#10117);
#10116 = CARTESIAN_POINT('',(28.25,0.));
#10117 = VECTOR('',#10118,1.);
#10118 = DIRECTION('',(0.,-1.));
#10119 = ( GEOMETRIC_REPRESENTATION_CONTEXT(2) 
PARAMETRIC_REPRESENTATION_CONTEXT() REPRESENTATION_CONTEXT('2D SPACE',''
  ) );
#10120 = ORIENTED_EDGE('',*,*,#10121,.T.);
#10121 = EDGE_CURVE('',#10099,#10122,#10124,.T.);
#10122 = VERTEX_POINT('',#10123);
#10123 = CARTESIAN_POINT('',(35.25,-15.,2.));
#10124 = SURFACE_CURVE('',#10125,(#10130,#10137),.PCURVE_S1.);
#10125 = CIRCLE('',#10126,2.25);
#10126 = AXIS2_PLACEMENT_3D('',#10127,#10128,#10129);
#10127 = CARTESIAN_POINT('',(33.,-15.,2.));
#10128 = DIRECTION('',(0.,0.,1.));
#10129 = DIRECTION('',(0.,-1.,0.));
#10130 = PCURVE('',#5246,#10131);
#10131 = DEFINITIONAL_REPRESENTATION('',(#10132),#10136);
#10132 = LINE('',#10133,#10134);
#10133 = CARTESIAN_POINT('',(0.,0.));
#10134 = VECTOR('',#10135,1.);
#10135 = DIRECTION('',(1.,0.));
#10136 = ( GEOMETRIC_REPRESENTATION_CONTEXT(2) 
PARAMETRIC_REPRESENTATION_CONTEXT() REPRESENTATION_CONTEXT('2D SPACE',''
  ) );
#10137 = PCURVE('',#8685,#10138);
#10138 = DEFINITIONAL_REPRESENTATION('',(#10139),#10143);
#10139 = CIRCLE('',#10140,2.25);
#10140 = AXIS2_PLACEMENT_2D('',#10141,#10142);
#10141 = CARTESIAN_POINT('',(13.,-15.));
#10142 = DIRECTION('',(0.,-1.));
#10143 = ( GEOMETRIC_REPRESENTATION_CONTEXT(2) 
PARAMETRIC_REPRESENTATION_CONTEXT() REPRESENTATION_CONTEXT('2D SPACE',''
  ) );
#10144 = ORIENTED_EDGE('',*,*,#10145,.T.);
#10145 = EDGE_CURVE('',#10122,#5230,#10146,.T.);
#10146 = SURFACE_CURVE('',#10147,(#10151,#10158),.PCURVE_S1.);
#10147 = LINE('',#10148,#10149);
#10148 = CARTESIAN_POINT('',(35.25,-15.,2.));
#10149 = VECTOR('',#10150,1.);
#10150 = DIRECTION('',(0.,0.,1.));
#10151 = PCURVE('',#5246,#10152);
#10152 = DEFINITIONAL_REPRESENTATION('',(#10153),#10157);
#10153 = LINE('',#10154,#10155);
#10154 = CARTESIAN_POINT('',(1.570796326795,0.));
#10155 = VECTOR('',#10156,1.);
#10156 = DIRECTION('',(0.,1.));
#10157 = ( GEOMETRIC_REPRESENTATION_CONTEXT(2) 
PARAMETRIC_REPRESENTATION_CONTEXT() REPRESENTATION_CONTEXT('2D SPACE',''
  ) );
#10158 = PCURVE('',#5436,#10159);
#10159 = DEFINITIONAL_REPRESENTATION('',(#10160),#10164);
#10160 = LINE('',#10161,#10162);
#10161 = CARTESIAN_POINT('',(2.25,0.));
#10162 = VECTOR('',#10163,1.);
#10163 = DIRECTION('',(0.,-1.));
#10164 = ( GEOMETRIC_REPRESENTATION_CONTEXT(2) 
PARAMETRIC_REPRESENTATION_CONTEXT() REPRESENTATION_CONTEXT('2D SPACE',''
  ) );
#10165 = ORIENTED_EDGE('',*,*,#5227,.F.);
#10166 = ADVANCED_FACE('',(#10167),#5436,.T.);
#10167 = FACE_BOUND('',#10168,.T.);
#10168 = EDGE_LOOP('',(#10169,#10192,#10193,#10194));
#10169 = ORIENTED_EDGE('',*,*,#10170,.F.);
#10170 = EDGE_CURVE('',#10122,#10171,#10173,.T.);
#10171 = VERTEX_POINT('',#10172);
#10172 = CARTESIAN_POINT('',(35.25,15.,2.));
#10173 = SURFACE_CURVE('',#10174,(#10178,#10185),.PCURVE_S1.);
#10174 = LINE('',#10175,#10176);
#10175 = CARTESIAN_POINT('',(35.25,-17.25,2.));
#10176 = VECTOR('',#10177,1.);
#10177 = DIRECTION('',(0.,1.,0.));
#10178 = PCURVE('',#5436,#10179);
#10179 = DEFINITIONAL_REPRESENTATION('',(#10180),#10184);
#10180 = LINE('',#10181,#10182);
#10181 = CARTESIAN_POINT('',(0.,0.));
#10182 = VECTOR('',#10183,1.);
#10183 = DIRECTION('',(1.,0.));
#10184 = ( GEOMETRIC_REPRESENTATION_CONTEXT(2) 
PARAMETRIC_REPRESENTATION_CONTEXT() REPRESENTATION_CONTEXT('2D SPACE',''
  ) );
#10185 = PCURVE('',#8685,#10186);
#10186 = DEFINITIONAL_REPRESENTATION('',(#10187),#10191);
#10187 = LINE('',#10188,#10189);
#10188 = CARTESIAN_POINT('',(15.25,-17.25));
#10189 = VECTOR('',#10190,1.);
#10190 = DIRECTION('',(0.,1.));
#10191 = ( GEOMETRIC_REPRESENTATION_CONTEXT(2) 
PARAMETRIC_REPRESENTATION_CONTEXT() REPRESENTATION_CONTEXT('2D SPACE',''
  ) );
#10192 = ORIENTED_EDGE('',*,*,#10145,.T.);
#10193 = ORIENTED_EDGE('',*,*,#5423,.F.);
#10194 = ORIENTED_EDGE('',*,*,#10195,.F.);
#10195 = EDGE_CURVE('',#10171,#5395,#10196,.T.);
#10196 = SURFACE_CURVE('',#10197,(#10201,#10208),.PCURVE_S1.);
#10197 = LINE('',#10198,#10199);
#10198 = CARTESIAN_POINT('',(35.25,15.,2.));
#10199 = VECTOR('',#10200,1.);
#10200 = DIRECTION('',(0.,0.,1.));
#10201 = PCURVE('',#5436,#10202);
#10202 = DEFINITIONAL_REPRESENTATION('',(#10203),#10207);
#10203 = LINE('',#10204,#10205);
#10204 = CARTESIAN_POINT('',(32.25,0.));
#10205 = VECTOR('',#10206,1.);
#10206 = DIRECTION('',(0.,-1.));
#10207 = ( GEOMETRIC_REPRESENTATION_CONTEXT(2) 
PARAMETRIC_REPRESENTATION_CONTEXT() REPRESENTATION_CONTEXT('2D SPACE',''
  ) );
#10208 = PCURVE('',#5411,#10209);
#10209 = DEFINITIONAL_REPRESENTATION('',(#10210),#10214);
#10210 = LINE('',#10211,#10212);
#10211 = CARTESIAN_POINT('',(0.,0.));
#10212 = VECTOR('',#10213,1.);
#10213 = DIRECTION('',(0.,1.));
#10214 = ( GEOMETRIC_REPRESENTATION_CONTEXT(2) 
PARAMETRIC_REPRESENTATION_CONTEXT() REPRESENTATION_CONTEXT('2D SPACE',''
  ) );
#10215 = ADVANCED_FACE('',(#10216),#5411,.F.);
#10216 = FACE_BOUND('',#10217,.F.);
#10217 = EDGE_LOOP('',(#10218,#10219,#10243,#10264));
#10218 = ORIENTED_EDGE('',*,*,#10195,.F.);
#10219 = ORIENTED_EDGE('',*,*,#10220,.T.);
#10220 = EDGE_CURVE('',#10171,#10221,#10223,.T.);
#10221 = VERTEX_POINT('',#10222);
#10222 = CARTESIAN_POINT('',(33.,17.25,2.));
#10223 = SURFACE_CURVE('',#10224,(#10229,#10236),.PCURVE_S1.);
#10224 = CIRCLE('',#10225,2.25);
#10225 = AXIS2_PLACEMENT_3D('',#10226,#10227,#10228);
#10226 = CARTESIAN_POINT('',(33.,15.,2.));
#10227 = DIRECTION('',(0.,0.,1.));
#10228 = DIRECTION('',(0.,-1.,0.));
#10229 = PCURVE('',#5411,#10230);
#10230 = DEFINITIONAL_REPRESENTATION('',(#10231),#10235);
#10231 = LINE('',#10232,#10233);
#10232 = CARTESIAN_POINT('',(-1.570796326795,0.));
#10233 = VECTOR('',#10234,1.);
#10234 = DIRECTION('',(1.,0.));
#10235 = ( GEOMETRIC_REPRESENTATION_CONTEXT(2) 
PARAMETRIC_REPRESENTATION_CONTEXT() REPRESENTATION_CONTEXT('2D SPACE',''
  ) );
#10236 = PCURVE('',#8685,#10237);
#10237 = DEFINITIONAL_REPRESENTATION('',(#10238),#10242);
#10238 = CIRCLE('',#10239,2.25);
#10239 = AXIS2_PLACEMENT_2D('',#10240,#10241);
#10240 = CARTESIAN_POINT('',(13.,15.));
#10241 = DIRECTION('',(0.,-1.));
#10242 = ( GEOMETRIC_REPRESENTATION_CONTEXT(2) 
PARAMETRIC_REPRESENTATION_CONTEXT() REPRESENTATION_CONTEXT('2D SPACE',''
  ) );
#10243 = ORIENTED_EDGE('',*,*,#10244,.T.);
#10244 = EDGE_CURVE('',#10221,#5369,#10245,.T.);
#10245 = SURFACE_CURVE('',#10246,(#10250,#10257),.PCURVE_S1.);
#10246 = LINE('',#10247,#10248);
#10247 = CARTESIAN_POINT('',(33.,17.25,2.));
#10248 = VECTOR('',#10249,1.);
#10249 = DIRECTION('',(0.,0.,1.));
#10250 = PCURVE('',#5411,#10251);
#10251 = DEFINITIONAL_REPRESENTATION('',(#10252),#10256);
#10252 = LINE('',#10253,#10254);
#10253 = CARTESIAN_POINT('',(1.570796326795,0.));
#10254 = VECTOR('',#10255,1.);
#10255 = DIRECTION('',(0.,1.));
#10256 = ( GEOMETRIC_REPRESENTATION_CONTEXT(2) 
PARAMETRIC_REPRESENTATION_CONTEXT() REPRESENTATION_CONTEXT('2D SPACE',''
  ) );
#10257 = PCURVE('',#5383,#10258);
#10258 = DEFINITIONAL_REPRESENTATION('',(#10259),#10263);
#10259 = LINE('',#10260,#10261);
#10260 = CARTESIAN_POINT('',(2.25,0.));
#10261 = VECTOR('',#10262,1.);
#10262 = DIRECTION('',(0.,-1.));
#10263 = ( GEOMETRIC_REPRESENTATION_CONTEXT(2) 
PARAMETRIC_REPRESENTATION_CONTEXT() REPRESENTATION_CONTEXT('2D SPACE',''
  ) );
#10264 = ORIENTED_EDGE('',*,*,#5394,.F.);
#10265 = ADVANCED_FACE('',(#10266),#5383,.T.);
#10266 = FACE_BOUND('',#10267,.T.);
#10267 = EDGE_LOOP('',(#10268,#10291,#10292,#10293));
#10268 = ORIENTED_EDGE('',*,*,#10269,.F.);
#10269 = EDGE_CURVE('',#10221,#10270,#10272,.T.);
#10270 = VERTEX_POINT('',#10271);
#10271 = CARTESIAN_POINT('',(7.,17.25,2.));
#10272 = SURFACE_CURVE('',#10273,(#10277,#10284),.PCURVE_S1.);
#10273 = LINE('',#10274,#10275);
#10274 = CARTESIAN_POINT('',(35.25,17.25,2.));
#10275 = VECTOR('',#10276,1.);
#10276 = DIRECTION('',(-1.,0.,0.));
#10277 = PCURVE('',#5383,#10278);
#10278 = DEFINITIONAL_REPRESENTATION('',(#10279),#10283);
#10279 = LINE('',#10280,#10281);
#10280 = CARTESIAN_POINT('',(0.,-0.));
#10281 = VECTOR('',#10282,1.);
#10282 = DIRECTION('',(1.,0.));
#10283 = ( GEOMETRIC_REPRESENTATION_CONTEXT(2) 
PARAMETRIC_REPRESENTATION_CONTEXT() REPRESENTATION_CONTEXT('2D SPACE',''
  ) );
#10284 = PCURVE('',#8685,#10285);
#10285 = DEFINITIONAL_REPRESENTATION('',(#10286),#10290);
#10286 = LINE('',#10287,#10288);
#10287 = CARTESIAN_POINT('',(15.25,17.25));
#10288 = VECTOR('',#10289,1.);
#10289 = DIRECTION('',(-1.,0.));
#10290 = ( GEOMETRIC_REPRESENTATION_CONTEXT(2) 
PARAMETRIC_REPRESENTATION_CONTEXT() REPRESENTATION_CONTEXT('2D SPACE',''
  ) );
#10291 = ORIENTED_EDGE('',*,*,#10244,.T.);
#10292 = ORIENTED_EDGE('',*,*,#5368,.F.);
#10293 = ORIENTED_EDGE('',*,*,#10294,.F.);
#10294 = EDGE_CURVE('',#10270,#5340,#10295,.T.);
#10295 = SURFACE_CURVE('',#10296,(#10300,#10307),.PCURVE_S1.);
#10296 = LINE('',#10297,#10298);
#10297 = CARTESIAN_POINT('',(7.,17.25,2.));
#10298 = VECTOR('',#10299,1.);
#10299 = DIRECTION('',(0.,0.,1.));
#10300 = PCURVE('',#5383,#10301);
#10301 = DEFINITIONAL_REPRESENTATION('',(#10302),#10306);
#10302 = LINE('',#10303,#10304);
#10303 = CARTESIAN_POINT('',(28.25,0.));
#10304 = VECTOR('',#10305,1.);
#10305 = DIRECTION('',(0.,-1.));
#10306 = ( GEOMETRIC_REPRESENTATION_CONTEXT(2) 
PARAMETRIC_REPRESENTATION_CONTEXT() REPRESENTATION_CONTEXT('2D SPACE',''
  ) );
#10307 = PCURVE('',#5356,#10308);
#10308 = DEFINITIONAL_REPRESENTATION('',(#10309),#10313);
#10309 = LINE('',#10310,#10311);
#10310 = CARTESIAN_POINT('',(0.,0.));
#10311 = VECTOR('',#10312,1.);
#10312 = DIRECTION('',(0.,1.));
#10313 = ( GEOMETRIC_REPRESENTATION_CONTEXT(2) 
PARAMETRIC_REPRESENTATION_CONTEXT() REPRESENTATION_CONTEXT('2D SPACE',''
  ) );
#10314 = ADVANCED_FACE('',(#10315),#5356,.F.);
#10315 = FACE_BOUND('',#10316,.F.);
#10316 = EDGE_LOOP('',(#10317,#10318,#10342,#10363));
#10317 = ORIENTED_EDGE('',*,*,#10294,.F.);
#10318 = ORIENTED_EDGE('',*,*,#10319,.T.);
#10319 = EDGE_CURVE('',#10270,#10320,#10322,.T.);
#10320 = VERTEX_POINT('',#10321);
#10321 = CARTESIAN_POINT('',(4.75,15.,2.));
#10322 = SURFACE_CURVE('',#10323,(#10328,#10335),.PCURVE_S1.);
#10323 = CIRCLE('',#10324,2.25);
#10324 = AXIS2_PLACEMENT_3D('',#10325,#10326,#10327);
#10325 = CARTESIAN_POINT('',(7.,15.,2.));
#10326 = DIRECTION('',(0.,0.,1.));
#10327 = DIRECTION('',(0.,-1.,0.));
#10328 = PCURVE('',#5356,#10329);
#10329 = DEFINITIONAL_REPRESENTATION('',(#10330),#10334);
#10330 = LINE('',#10331,#10332);
#10331 = CARTESIAN_POINT('',(-3.14159265359,0.));
#10332 = VECTOR('',#10333,1.);
#10333 = DIRECTION('',(1.,0.));
#10334 = ( GEOMETRIC_REPRESENTATION_CONTEXT(2) 
PARAMETRIC_REPRESENTATION_CONTEXT() REPRESENTATION_CONTEXT('2D SPACE',''
  ) );
#10335 = PCURVE('',#8685,#10336);
#10336 = DEFINITIONAL_REPRESENTATION('',(#10337),#10341);
#10337 = CIRCLE('',#10338,2.25);
#10338 = AXIS2_PLACEMENT_2D('',#10339,#10340);
#10339 = CARTESIAN_POINT('',(-13.,15.));
#10340 = DIRECTION('',(0.,-1.));
#10341 = ( GEOMETRIC_REPRESENTATION_CONTEXT(2) 
PARAMETRIC_REPRESENTATION_CONTEXT() REPRESENTATION_CONTEXT('2D SPACE',''
  ) );
#10342 = ORIENTED_EDGE('',*,*,#10343,.T.);
#10343 = EDGE_CURVE('',#10320,#5314,#10344,.T.);
#10344 = SURFACE_CURVE('',#10345,(#10349,#10356),.PCURVE_S1.);
#10345 = LINE('',#10346,#10347);
#10346 = CARTESIAN_POINT('',(4.75,15.,2.));
#10347 = VECTOR('',#10348,1.);
#10348 = DIRECTION('',(0.,0.,1.));
#10349 = PCURVE('',#5356,#10350);
#10350 = DEFINITIONAL_REPRESENTATION('',(#10351),#10355);
#10351 = LINE('',#10352,#10353);
#10352 = CARTESIAN_POINT('',(1.570796326795,0.));
#10353 = VECTOR('',#10354,1.);
#10354 = DIRECTION('',(0.,1.));
#10355 = ( GEOMETRIC_REPRESENTATION_CONTEXT(2) 
PARAMETRIC_REPRESENTATION_CONTEXT() REPRESENTATION_CONTEXT('2D SPACE',''
  ) );
#10356 = PCURVE('',#5328,#10357);
#10357 = DEFINITIONAL_REPRESENTATION('',(#10358),#10362);
#10358 = LINE('',#10359,#10360);
#10359 = CARTESIAN_POINT('',(2.25,0.));
#10360 = VECTOR('',#10361,1.);
#10361 = DIRECTION('',(0.,-1.));
#10362 = ( GEOMETRIC_REPRESENTATION_CONTEXT(2) 
PARAMETRIC_REPRESENTATION_CONTEXT() REPRESENTATION_CONTEXT('2D SPACE',''
  ) );
#10363 = ORIENTED_EDGE('',*,*,#5339,.F.);
#10364 = ADVANCED_FACE('',(#10365),#5328,.T.);
#10365 = FACE_BOUND('',#10366,.T.);
#10366 = EDGE_LOOP('',(#10367,#10390,#10391,#10392));
#10367 = ORIENTED_EDGE('',*,*,#10368,.F.);
#10368 = EDGE_CURVE('',#10320,#10369,#10371,.T.);
#10369 = VERTEX_POINT('',#10370);
#10370 = CARTESIAN_POINT('',(4.75,-15.,2.));
#10371 = SURFACE_CURVE('',#10372,(#10376,#10383),.PCURVE_S1.);
#10372 = LINE('',#10373,#10374);
#10373 = CARTESIAN_POINT('',(4.75,17.25,2.));
#10374 = VECTOR('',#10375,1.);
#10375 = DIRECTION('',(0.,-1.,0.));
#10376 = PCURVE('',#5328,#10377);
#10377 = DEFINITIONAL_REPRESENTATION('',(#10378),#10382);
#10378 = LINE('',#10379,#10380);
#10379 = CARTESIAN_POINT('',(0.,0.));
#10380 = VECTOR('',#10381,1.);
#10381 = DIRECTION('',(1.,0.));
#10382 = ( GEOMETRIC_REPRESENTATION_CONTEXT(2) 
PARAMETRIC_REPRESENTATION_CONTEXT() REPRESENTATION_CONTEXT('2D SPACE',''
  ) );
#10383 = PCURVE('',#8685,#10384);
#10384 = DEFINITIONAL_REPRESENTATION('',(#10385),#10389);
#10385 = LINE('',#10386,#10387);
#10386 = CARTESIAN_POINT('',(-15.25,17.25));
#10387 = VECTOR('',#10388,1.);
#10388 = DIRECTION('',(0.,-1.));
#10389 = ( GEOMETRIC_REPRESENTATION_CONTEXT(2) 
PARAMETRIC_REPRESENTATION_CONTEXT() REPRESENTATION_CONTEXT('2D SPACE',''
  ) );
#10390 = ORIENTED_EDGE('',*,*,#10343,.T.);
#10391 = ORIENTED_EDGE('',*,*,#5313,.F.);
#10392 = ORIENTED_EDGE('',*,*,#10393,.F.);
#10393 = EDGE_CURVE('',#10369,#5285,#10394,.T.);
#10394 = SURFACE_CURVE('',#10395,(#10399,#10406),.PCURVE_S1.);
#10395 = LINE('',#10396,#10397);
#10396 = CARTESIAN_POINT('',(4.75,-15.,2.));
#10397 = VECTOR('',#10398,1.);
#10398 = DIRECTION('',(0.,0.,1.));
#10399 = PCURVE('',#5328,#10400);
#10400 = DEFINITIONAL_REPRESENTATION('',(#10401),#10405);
#10401 = LINE('',#10402,#10403);
#10402 = CARTESIAN_POINT('',(32.25,0.));
#10403 = VECTOR('',#10404,1.);
#10404 = DIRECTION('',(0.,-1.));
#10405 = ( GEOMETRIC_REPRESENTATION_CONTEXT(2) 
PARAMETRIC_REPRESENTATION_CONTEXT() REPRESENTATION_CONTEXT('2D SPACE',''
  ) );
#10406 = PCURVE('',#5301,#10407);
#10407 = DEFINITIONAL_REPRESENTATION('',(#10408),#10412);
#10408 = LINE('',#10409,#10410);
#10409 = CARTESIAN_POINT('',(-1.570796326795,0.));
#10410 = VECTOR('',#10411,1.);
#10411 = DIRECTION('',(-0.,1.));
#10412 = ( GEOMETRIC_REPRESENTATION_CONTEXT(2) 
PARAMETRIC_REPRESENTATION_CONTEXT() REPRESENTATION_CONTEXT('2D SPACE',''
  ) );
#10413 = ADVANCED_FACE('',(#10414),#5301,.F.);
#10414 = FACE_BOUND('',#10415,.T.);
#10415 = EDGE_LOOP('',(#10416,#10439,#10465,#10466));
#10416 = ORIENTED_EDGE('',*,*,#10417,.F.);
#10417 = EDGE_CURVE('',#10418,#5259,#10420,.T.);
#10418 = VERTEX_POINT('',#10419);
#10419 = CARTESIAN_POINT('',(7.,-17.25,2.));
#10420 = SURFACE_CURVE('',#10421,(#10425,#10432),.PCURVE_S1.);
#10421 = LINE('',#10422,#10423);
#10422 = CARTESIAN_POINT('',(7.,-17.25,2.));
#10423 = VECTOR('',#10424,1.);
#10424 = DIRECTION('',(0.,0.,1.));
#10425 = PCURVE('',#5301,#10426);
#10426 = DEFINITIONAL_REPRESENTATION('',(#10427),#10431);
#10427 = LINE('',#10428,#10429);
#10428 = CARTESIAN_POINT('',(-0.,0.));
#10429 = VECTOR('',#10430,1.);
#10430 = DIRECTION('',(-0.,1.));
#10431 = ( GEOMETRIC_REPRESENTATION_CONTEXT(2) 
PARAMETRIC_REPRESENTATION_CONTEXT() REPRESENTATION_CONTEXT('2D SPACE',''
  ) );
#10432 = PCURVE('',#5273,#10433);
#10433 = DEFINITIONAL_REPRESENTATION('',(#10434),#10438);
#10434 = LINE('',#10435,#10436);
#10435 = CARTESIAN_POINT('',(2.25,0.));
#10436 = VECTOR('',#10437,1.);
#10437 = DIRECTION('',(0.,-1.));
#10438 = ( GEOMETRIC_REPRESENTATION_CONTEXT(2) 
PARAMETRIC_REPRESENTATION_CONTEXT() REPRESENTATION_CONTEXT('2D SPACE',''
  ) );
#10439 = ORIENTED_EDGE('',*,*,#10440,.T.);
#10440 = EDGE_CURVE('',#10418,#10369,#10441,.T.);
#10441 = SURFACE_CURVE('',#10442,(#10447,#10454),.PCURVE_S1.);
#10442 = CIRCLE('',#10443,2.25);
#10443 = AXIS2_PLACEMENT_3D('',#10444,#10445,#10446);
#10444 = CARTESIAN_POINT('',(7.,-15.,2.));
#10445 = DIRECTION('',(-0.,-0.,-1.));
#10446 = DIRECTION('',(0.,-1.,0.));
#10447 = PCURVE('',#5301,#10448);
#10448 = DEFINITIONAL_REPRESENTATION('',(#10449),#10453);
#10449 = LINE('',#10450,#10451);
#10450 = CARTESIAN_POINT('',(-0.,0.));
#10451 = VECTOR('',#10452,1.);
#10452 = DIRECTION('',(-1.,0.));
#10453 = ( GEOMETRIC_REPRESENTATION_CONTEXT(2) 
PARAMETRIC_REPRESENTATION_CONTEXT() REPRESENTATION_CONTEXT('2D SPACE',''
  ) );
#10454 = PCURVE('',#8685,#10455);
#10455 = DEFINITIONAL_REPRESENTATION('',(#10456),#10464);
#10456 = ( BOUNDED_CURVE() B_SPLINE_CURVE(2,(#10457,#10458,#10459,#10460
    ,#10461,#10462,#10463),.UNSPECIFIED.,.T.,.F.) 
B_SPLINE_CURVE_WITH_KNOTS((1,2,2,2,2,1),(-2.094395102393,0.,
    2.094395102393,4.188790204786,6.28318530718,8.377580409573),
.UNSPECIFIED.) CURVE() GEOMETRIC_REPRESENTATION_ITEM() 
RATIONAL_B_SPLINE_CURVE((1.,0.5,1.,0.5,1.,0.5,1.)) REPRESENTATION_ITEM(
  '') );
#10457 = CARTESIAN_POINT('',(-13.,-17.25));
#10458 = CARTESIAN_POINT('',(-16.89711431703,-17.25));
#10459 = CARTESIAN_POINT('',(-14.94855715851,-13.875));
#10460 = CARTESIAN_POINT('',(-13.,-10.5));
#10461 = CARTESIAN_POINT('',(-11.05144284148,-13.875));
#10462 = CARTESIAN_POINT('',(-9.10288568297,-17.25));
#10463 = CARTESIAN_POINT('',(-13.,-17.25));
#10464 = ( GEOMETRIC_REPRESENTATION_CONTEXT(2) 
PARAMETRIC_REPRESENTATION_CONTEXT() REPRESENTATION_CONTEXT('2D SPACE',''
  ) );
#10465 = ORIENTED_EDGE('',*,*,#10393,.T.);
#10466 = ORIENTED_EDGE('',*,*,#5284,.T.);
#10467 = ADVANCED_FACE('',(#10468),#5273,.T.);
#10468 = FACE_BOUND('',#10469,.T.);
#10469 = EDGE_LOOP('',(#10470,#10491,#10492,#10493));
#10470 = ORIENTED_EDGE('',*,*,#10471,.F.);
#10471 = EDGE_CURVE('',#10418,#10099,#10472,.T.);
#10472 = SURFACE_CURVE('',#10473,(#10477,#10484),.PCURVE_S1.);
#10473 = LINE('',#10474,#10475);
#10474 = CARTESIAN_POINT('',(4.75,-17.25,2.));
#10475 = VECTOR('',#10476,1.);
#10476 = DIRECTION('',(1.,0.,0.));
#10477 = PCURVE('',#5273,#10478);
#10478 = DEFINITIONAL_REPRESENTATION('',(#10479),#10483);
#10479 = LINE('',#10480,#10481);
#10480 = CARTESIAN_POINT('',(0.,0.));
#10481 = VECTOR('',#10482,1.);
#10482 = DIRECTION('',(1.,0.));
#10483 = ( GEOMETRIC_REPRESENTATION_CONTEXT(2) 
PARAMETRIC_REPRESENTATION_CONTEXT() REPRESENTATION_CONTEXT('2D SPACE',''
  ) );
#10484 = PCURVE('',#8685,#10485);
#10485 = DEFINITIONAL_REPRESENTATION('',(#10486),#10490);
#10486 = LINE('',#10487,#10488);
#10487 = CARTESIAN_POINT('',(-15.25,-17.25));
#10488 = VECTOR('',#10489,1.);
#10489 = DIRECTION('',(1.,0.));
#10490 = ( GEOMETRIC_REPRESENTATION_CONTEXT(2) 
PARAMETRIC_REPRESENTATION_CONTEXT() REPRESENTATION_CONTEXT('2D SPACE',''
  ) );
#10491 = ORIENTED_EDGE('',*,*,#10417,.T.);
#10492 = ORIENTED_EDGE('',*,*,#5258,.F.);
#10493 = ORIENTED_EDGE('',*,*,#10098,.F.);
#10494 = ADVANCED_FACE('',(#10495),#5942,.T.);
#10495 = FACE_BOUND('',#10496,.F.);
#10496 = EDGE_LOOP('',(#10497,#10520,#10547,#10548));
#10497 = ORIENTED_EDGE('',*,*,#10498,.T.);
#10498 = EDGE_CURVE('',#5926,#10499,#10501,.T.);
#10499 = VERTEX_POINT('',#10500);
#10500 = CARTESIAN_POINT('',(1.45,24.625,10.));
#10501 = SEAM_CURVE('',#10502,(#10506,#10513),.PCURVE_S1.);
#10502 = LINE('',#10503,#10504);
#10503 = CARTESIAN_POINT('',(1.45,24.625,4.));
#10504 = VECTOR('',#10505,1.);
#10505 = DIRECTION('',(0.,0.,1.));
#10506 = PCURVE('',#5942,#10507);
#10507 = DEFINITIONAL_REPRESENTATION('',(#10508),#10512);
#10508 = LINE('',#10509,#10510);
#10509 = CARTESIAN_POINT('',(-0.,0.));
#10510 = VECTOR('',#10511,1.);
#10511 = DIRECTION('',(-0.,-1.));
#10512 = ( GEOMETRIC_REPRESENTATION_CONTEXT(2) 
PARAMETRIC_REPRESENTATION_CONTEXT() REPRESENTATION_CONTEXT('2D SPACE',''
  ) );
#10513 = PCURVE('',#5942,#10514);
#10514 = DEFINITIONAL_REPRESENTATION('',(#10515),#10519);
#10515 = LINE('',#10516,#10517);
#10516 = CARTESIAN_POINT('',(-6.28318530718,0.));
#10517 = VECTOR('',#10518,1.);
#10518 = DIRECTION('',(-0.,-1.));
#10519 = ( GEOMETRIC_REPRESENTATION_CONTEXT(2) 
PARAMETRIC_REPRESENTATION_CONTEXT() REPRESENTATION_CONTEXT('2D SPACE',''
  ) );
#10520 = ORIENTED_EDGE('',*,*,#10521,.T.);
#10521 = EDGE_CURVE('',#10499,#10499,#10522,.T.);
#10522 = SURFACE_CURVE('',#10523,(#10528,#10535),.PCURVE_S1.);
#10523 = CIRCLE('',#10524,4.75);
#10524 = AXIS2_PLACEMENT_3D('',#10525,#10526,#10527);
#10525 = CARTESIAN_POINT('',(-3.3,24.625,10.));
#10526 = DIRECTION('',(0.,0.,1.));
#10527 = DIRECTION('',(1.,0.,0.));
#10528 = PCURVE('',#5942,#10529);
#10529 = DEFINITIONAL_REPRESENTATION('',(#10530),#10534);
#10530 = LINE('',#10531,#10532);
#10531 = CARTESIAN_POINT('',(-0.,-6.));
#10532 = VECTOR('',#10533,1.);
#10533 = DIRECTION('',(-1.,0.));
#10534 = ( GEOMETRIC_REPRESENTATION_CONTEXT(2) 
PARAMETRIC_REPRESENTATION_CONTEXT() REPRESENTATION_CONTEXT('2D SPACE',''
  ) );
#10535 = PCURVE('',#10536,#10541);
#10536 = PLANE('',#10537);
#10537 = AXIS2_PLACEMENT_3D('',#10538,#10539,#10540);
#10538 = CARTESIAN_POINT('',(-3.3,24.625,10.));
#10539 = DIRECTION('',(0.,0.,1.));
#10540 = DIRECTION('',(1.,0.,-0.));
#10541 = DEFINITIONAL_REPRESENTATION('',(#10542),#10546);
#10542 = CIRCLE('',#10543,4.75);
#10543 = AXIS2_PLACEMENT_2D('',#10544,#10545);
#10544 = CARTESIAN_POINT('',(1.33226762955E-15,-3.552713678801E-15));
#10545 = DIRECTION('',(1.,0.));
#10546 = ( GEOMETRIC_REPRESENTATION_CONTEXT(2) 
PARAMETRIC_REPRESENTATION_CONTEXT() REPRESENTATION_CONTEXT('2D SPACE',''
  ) );
#10547 = ORIENTED_EDGE('',*,*,#10498,.F.);
#10548 = ORIENTED_EDGE('',*,*,#5925,.F.);
#10549 = ADVANCED_FACE('',(#10550),#6033,.T.);
#10550 = FACE_BOUND('',#10551,.F.);
#10551 = EDGE_LOOP('',(#10552,#10575,#10602,#10603));
#10552 = ORIENTED_EDGE('',*,*,#10553,.T.);
#10553 = EDGE_CURVE('',#6017,#10554,#10556,.T.);
#10554 = VERTEX_POINT('',#10555);
#10555 = CARTESIAN_POINT('',(57.33,5.575,10.));
#10556 = SEAM_CURVE('',#10557,(#10561,#10568),.PCURVE_S1.);
#10557 = LINE('',#10558,#10559);
#10558 = CARTESIAN_POINT('',(57.33,5.575,4.));
#10559 = VECTOR('',#10560,1.);
#10560 = DIRECTION('',(0.,0.,1.));
#10561 = PCURVE('',#6033,#10562);
#10562 = DEFINITIONAL_REPRESENTATION('',(#10563),#10567);
#10563 = LINE('',#10564,#10565);
#10564 = CARTESIAN_POINT('',(-0.,0.));
#10565 = VECTOR('',#10566,1.);
#10566 = DIRECTION('',(-0.,-1.));
#10567 = ( GEOMETRIC_REPRESENTATION_CONTEXT(2) 
PARAMETRIC_REPRESENTATION_CONTEXT() REPRESENTATION_CONTEXT('2D SPACE',''
  ) );
#10568 = PCURVE('',#6033,#10569);
#10569 = DEFINITIONAL_REPRESENTATION('',(#10570),#10574);
#10570 = LINE('',#10571,#10572);
#10571 = CARTESIAN_POINT('',(-6.28318530718,0.));
#10572 = VECTOR('',#10573,1.);
#10573 = DIRECTION('',(-0.,-1.));
#10574 = ( GEOMETRIC_REPRESENTATION_CONTEXT(2) 
PARAMETRIC_REPRESENTATION_CONTEXT() REPRESENTATION_CONTEXT('2D SPACE',''
  ) );
#10575 = ORIENTED_EDGE('',*,*,#10576,.T.);
#10576 = EDGE_CURVE('',#10554,#10554,#10577,.T.);
#10577 = SURFACE_CURVE('',#10578,(#10583,#10590),.PCURVE_S1.);
#10578 = CIRCLE('',#10579,4.75);
#10579 = AXIS2_PLACEMENT_3D('',#10580,#10581,#10582);
#10580 = CARTESIAN_POINT('',(52.58,5.575,10.));
#10581 = DIRECTION('',(0.,0.,1.));
#10582 = DIRECTION('',(1.,0.,0.));
#10583 = PCURVE('',#6033,#10584);
#10584 = DEFINITIONAL_REPRESENTATION('',(#10585),#10589);
#10585 = LINE('',#10586,#10587);
#10586 = CARTESIAN_POINT('',(-0.,-6.));
#10587 = VECTOR('',#10588,1.);
#10588 = DIRECTION('',(-1.,0.));
#10589 = ( GEOMETRIC_REPRESENTATION_CONTEXT(2) 
PARAMETRIC_REPRESENTATION_CONTEXT() REPRESENTATION_CONTEXT('2D SPACE',''
  ) );
#10590 = PCURVE('',#10591,#10596);
#10591 = PLANE('',#10592);
#10592 = AXIS2_PLACEMENT_3D('',#10593,#10594,#10595);
#10593 = CARTESIAN_POINT('',(52.58,5.575,10.));
#10594 = DIRECTION('',(0.,0.,1.));
#10595 = DIRECTION('',(1.,0.,-0.));
#10596 = DEFINITIONAL_REPRESENTATION('',(#10597),#10601);
#10597 = CIRCLE('',#10598,4.75);
#10598 = AXIS2_PLACEMENT_2D('',#10599,#10600);
#10599 = CARTESIAN_POINT('',(0.,-8.881784197001E-16));
#10600 = DIRECTION('',(1.,0.));
#10601 = ( GEOMETRIC_REPRESENTATION_CONTEXT(2) 
PARAMETRIC_REPRESENTATION_CONTEXT() REPRESENTATION_CONTEXT('2D SPACE',''
  ) );
#10602 = ORIENTED_EDGE('',*,*,#10553,.F.);
#10603 = ORIENTED_EDGE('',*,*,#6016,.F.);
#10604 = ADVANCED_FACE('',(#10605),#6694,.T.);
#10605 = FACE_BOUND('',#10606,.F.);
#10606 = EDGE_LOOP('',(#10607,#10630,#10657,#10658));
#10607 = ORIENTED_EDGE('',*,*,#10608,.T.);
#10608 = EDGE_CURVE('',#6678,#10609,#10611,.T.);
#10609 = VERTEX_POINT('',#10610);
#10610 = CARTESIAN_POINT('',(57.33,24.625,10.));
#10611 = SEAM_CURVE('',#10612,(#10616,#10623),.PCURVE_S1.);
#10612 = LINE('',#10613,#10614);
#10613 = CARTESIAN_POINT('',(57.33,24.625,4.));
#10614 = VECTOR('',#10615,1.);
#10615 = DIRECTION('',(0.,0.,1.));
#10616 = PCURVE('',#6694,#10617);
#10617 = DEFINITIONAL_REPRESENTATION('',(#10618),#10622);
#10618 = LINE('',#10619,#10620);
#10619 = CARTESIAN_POINT('',(-0.,0.));
#10620 = VECTOR('',#10621,1.);
#10621 = DIRECTION('',(-0.,-1.));
#10622 = ( GEOMETRIC_REPRESENTATION_CONTEXT(2) 
PARAMETRIC_REPRESENTATION_CONTEXT() REPRESENTATION_CONTEXT('2D SPACE',''
  ) );
#10623 = PCURVE('',#6694,#10624);
#10624 = DEFINITIONAL_REPRESENTATION('',(#10625),#10629);
#10625 = LINE('',#10626,#10627);
#10626 = CARTESIAN_POINT('',(-6.28318530718,0.));
#10627 = VECTOR('',#10628,1.);
#10628 = DIRECTION('',(-0.,-1.));
#10629 = ( GEOMETRIC_REPRESENTATION_CONTEXT(2) 
PARAMETRIC_REPRESENTATION_CONTEXT() REPRESENTATION_CONTEXT('2D SPACE',''
  ) );
#10630 = ORIENTED_EDGE('',*,*,#10631,.T.);
#10631 = EDGE_CURVE('',#10609,#10609,#10632,.T.);
#10632 = SURFACE_CURVE('',#10633,(#10638,#10645),.PCURVE_S1.);
#10633 = CIRCLE('',#10634,4.75);
#10634 = AXIS2_PLACEMENT_3D('',#10635,#10636,#10637);
#10635 = CARTESIAN_POINT('',(52.58,24.625,10.));
#10636 = DIRECTION('',(0.,0.,1.));
#10637 = DIRECTION('',(1.,0.,0.));
#10638 = PCURVE('',#6694,#10639);
#10639 = DEFINITIONAL_REPRESENTATION('',(#10640),#10644);
#10640 = LINE('',#10641,#10642);
#10641 = CARTESIAN_POINT('',(-0.,-6.));
#10642 = VECTOR('',#10643,1.);
#10643 = DIRECTION('',(-1.,0.));
#10644 = ( GEOMETRIC_REPRESENTATION_CONTEXT(2) 
PARAMETRIC_REPRESENTATION_CONTEXT() REPRESENTATION_CONTEXT('2D SPACE',''
  ) );
#10645 = PCURVE('',#10646,#10651);
#10646 = PLANE('',#10647);
#10647 = AXIS2_PLACEMENT_3D('',#10648,#10649,#10650);
#10648 = CARTESIAN_POINT('',(52.58,24.625,10.));
#10649 = DIRECTION('',(0.,0.,1.));
#10650 = DIRECTION('',(1.,0.,-0.));
#10651 = DEFINITIONAL_REPRESENTATION('',(#10652),#10656);
#10652 = CIRCLE('',#10653,4.75);
#10653 = AXIS2_PLACEMENT_2D('',#10654,#10655);
#10654 = CARTESIAN_POINT('',(7.105427357601E-15,0.));
#10655 = DIRECTION('',(1.,0.));
#10656 = ( GEOMETRIC_REPRESENTATION_CONTEXT(2) 
PARAMETRIC_REPRESENTATION_CONTEXT() REPRESENTATION_CONTEXT('2D SPACE',''
  ) );
#10657 = ORIENTED_EDGE('',*,*,#10608,.F.);
#10658 = ORIENTED_EDGE('',*,*,#6677,.F.);
#10659 = ADVANCED_FACE('',(#10660,#10670),#8268,.T.);
#10660 = FACE_BOUND('',#10661,.T.);
#10661 = EDGE_LOOP('',(#10662,#10663,#10664,#10665,#10666,#10667,#10668,
    #10669));
#10662 = ORIENTED_EDGE('',*,*,#9918,.T.);
#10663 = ORIENTED_EDGE('',*,*,#9842,.T.);
#10664 = ORIENTED_EDGE('',*,*,#9623,.T.);
#10665 = ORIENTED_EDGE('',*,*,#9770,.T.);
#10666 = ORIENTED_EDGE('',*,*,#9869,.T.);
#10667 = ORIENTED_EDGE('',*,*,#9968,.T.);
#10668 = ORIENTED_EDGE('',*,*,#10071,.T.);
#10669 = ORIENTED_EDGE('',*,*,#10018,.F.);
#10670 = FACE_BOUND('',#10671,.T.);
#10671 = EDGE_LOOP('',(#10672,#10673,#10674,#10675));
#10672 = ORIENTED_EDGE('',*,*,#8377,.T.);
#10673 = ORIENTED_EDGE('',*,*,#8404,.T.);
#10674 = ORIENTED_EDGE('',*,*,#8306,.T.);
#10675 = ORIENTED_EDGE('',*,*,#8252,.T.);
#10676 = ADVANCED_FACE('',(#10677,#10687),#8685,.T.);
#10677 = FACE_BOUND('',#10678,.T.);
#10678 = EDGE_LOOP('',(#10679,#10680,#10681,#10682,#10683,#10684,#10685,
    #10686));
#10679 = ORIENTED_EDGE('',*,*,#10471,.T.);
#10680 = ORIENTED_EDGE('',*,*,#10121,.T.);
#10681 = ORIENTED_EDGE('',*,*,#10170,.T.);
#10682 = ORIENTED_EDGE('',*,*,#10220,.T.);
#10683 = ORIENTED_EDGE('',*,*,#10269,.T.);
#10684 = ORIENTED_EDGE('',*,*,#10319,.T.);
#10685 = ORIENTED_EDGE('',*,*,#10368,.T.);
#10686 = ORIENTED_EDGE('',*,*,#10440,.F.);
#10687 = FACE_BOUND('',#10688,.T.);
#10688 = EDGE_LOOP('',(#10689,#10690,#10691,#10692));
#10689 = ORIENTED_EDGE('',*,*,#8821,.T.);
#10690 = ORIENTED_EDGE('',*,*,#8772,.T.);
#10691 = ORIENTED_EDGE('',*,*,#8723,.T.);
#10692 = ORIENTED_EDGE('',*,*,#8669,.T.);
#10693 = ADVANCED_FACE('',(#10694),#9585,.F.);
#10694 = FACE_BOUND('',#10695,.F.);
#10695 = EDGE_LOOP('',(#10696,#10697,#10698,#10725));
#10696 = ORIENTED_EDGE('',*,*,#9568,.F.);
#10697 = ORIENTED_EDGE('',*,*,#9671,.T.);
#10698 = ORIENTED_EDGE('',*,*,#10699,.F.);
#10699 = EDGE_CURVE('',#9695,#9672,#10700,.T.);
#10700 = SURFACE_CURVE('',#10701,(#10706,#10713),.PCURVE_S1.);
#10701 = CIRCLE('',#10702,1.75);
#10702 = AXIS2_PLACEMENT_3D('',#10703,#10704,#10705);
#10703 = CARTESIAN_POINT('',(-3.3,5.575,5.));
#10704 = DIRECTION('',(0.,0.,1.));
#10705 = DIRECTION('',(1.,0.,0.));
#10706 = PCURVE('',#9585,#10707);
#10707 = DEFINITIONAL_REPRESENTATION('',(#10708),#10712);
#10708 = CIRCLE('',#10709,1.75);
#10709 = AXIS2_PLACEMENT_2D('',#10710,#10711);
#10710 = CARTESIAN_POINT('',(16.7,5.575));
#10711 = DIRECTION('',(1.,0.));
#10712 = ( GEOMETRIC_REPRESENTATION_CONTEXT(2) 
PARAMETRIC_REPRESENTATION_CONTEXT() REPRESENTATION_CONTEXT('2D SPACE',''
  ) );
#10713 = PCURVE('',#10714,#10719);
#10714 = CYLINDRICAL_SURFACE('',#10715,1.75);
#10715 = AXIS2_PLACEMENT_3D('',#10716,#10717,#10718);
#10716 = CARTESIAN_POINT('',(-3.3,5.575,5.));
#10717 = DIRECTION('',(-0.,-0.,-1.));
#10718 = DIRECTION('',(1.,0.,0.));
#10719 = DEFINITIONAL_REPRESENTATION('',(#10720),#10724);
#10720 = LINE('',#10721,#10722);
#10721 = CARTESIAN_POINT('',(-0.,0.));
#10722 = VECTOR('',#10723,1.);
#10723 = DIRECTION('',(-1.,0.));
#10724 = ( GEOMETRIC_REPRESENTATION_CONTEXT(2) 
PARAMETRIC_REPRESENTATION_CONTEXT() REPRESENTATION_CONTEXT('2D SPACE',''
  ) );
#10725 = ORIENTED_EDGE('',*,*,#9722,.T.);
#10726 = ADVANCED_FACE('',(#10727,#10730),#9533,.T.);
#10727 = FACE_BOUND('',#10728,.T.);
#10728 = EDGE_LOOP('',(#10729));
#10729 = ORIENTED_EDGE('',*,*,#9518,.T.);
#10730 = FACE_BOUND('',#10731,.T.);
#10731 = EDGE_LOOP('',(#10732));
#10732 = ORIENTED_EDGE('',*,*,#10733,.T.);
#10733 = EDGE_CURVE('',#10734,#10734,#10736,.T.);
#10734 = VERTEX_POINT('',#10735);
#10735 = CARTESIAN_POINT('',(-1.55,5.575,10.));
#10736 = SURFACE_CURVE('',#10737,(#10742,#10753),.PCURVE_S1.);
#10737 = CIRCLE('',#10738,1.75);
#10738 = AXIS2_PLACEMENT_3D('',#10739,#10740,#10741);
#10739 = CARTESIAN_POINT('',(-3.3,5.575,10.));
#10740 = DIRECTION('',(0.,0.,-1.));
#10741 = DIRECTION('',(1.,0.,0.));
#10742 = PCURVE('',#9533,#10743);
#10743 = DEFINITIONAL_REPRESENTATION('',(#10744),#10752);
#10744 = ( BOUNDED_CURVE() B_SPLINE_CURVE(2,(#10745,#10746,#10747,#10748
    ,#10749,#10750,#10751),.UNSPECIFIED.,.T.,.F.) 
B_SPLINE_CURVE_WITH_KNOTS((1,2,2,2,2,1),(-2.094395102393,0.,
    2.094395102393,4.188790204786,6.28318530718,8.377580409573),
.UNSPECIFIED.) CURVE() GEOMETRIC_REPRESENTATION_ITEM() 
RATIONAL_B_SPLINE_CURVE((1.,0.5,1.,0.5,1.,0.5,1.)) REPRESENTATION_ITEM(
  '') );
#10745 = CARTESIAN_POINT('',(1.75,0.));
#10746 = CARTESIAN_POINT('',(1.75,-3.031088913246));
#10747 = CARTESIAN_POINT('',(-0.875,-1.515544456623));
#10748 = CARTESIAN_POINT('',(-3.5,-4.286263797016E-16));
#10749 = CARTESIAN_POINT('',(-0.875,1.515544456623));
#10750 = CARTESIAN_POINT('',(1.75,3.031088913246));
#10751 = CARTESIAN_POINT('',(1.75,0.));
#10752 = ( GEOMETRIC_REPRESENTATION_CONTEXT(2) 
PARAMETRIC_REPRESENTATION_CONTEXT() REPRESENTATION_CONTEXT('2D SPACE',''
  ) );
#10753 = PCURVE('',#10714,#10754);
#10754 = DEFINITIONAL_REPRESENTATION('',(#10755),#10759);
#10755 = LINE('',#10756,#10757);
#10756 = CARTESIAN_POINT('',(-6.28318530718,-5.));
#10757 = VECTOR('',#10758,1.);
#10758 = DIRECTION('',(1.,-0.));
#10759 = ( GEOMETRIC_REPRESENTATION_CONTEXT(2) 
PARAMETRIC_REPRESENTATION_CONTEXT() REPRESENTATION_CONTEXT('2D SPACE',''
  ) );
#10760 = ADVANCED_FACE('',(#10761),#9710,.T.);
#10761 = FACE_BOUND('',#10762,.T.);
#10762 = EDGE_LOOP('',(#10763,#10787,#10809));
#10763 = ORIENTED_EDGE('',*,*,#10764,.T.);
#10764 = EDGE_CURVE('',#9672,#10765,#10767,.T.);
#10765 = VERTEX_POINT('',#10766);
#10766 = CARTESIAN_POINT('',(-1.55,5.575,5.));
#10767 = SURFACE_CURVE('',#10768,(#10773,#10780),.PCURVE_S1.);
#10768 = CIRCLE('',#10769,1.75);
#10769 = AXIS2_PLACEMENT_3D('',#10770,#10771,#10772);
#10770 = CARTESIAN_POINT('',(-3.3,5.575,5.));
#10771 = DIRECTION('',(0.,0.,1.));
#10772 = DIRECTION('',(1.,0.,0.));
#10773 = PCURVE('',#9710,#10774);
#10774 = DEFINITIONAL_REPRESENTATION('',(#10775),#10779);
#10775 = CIRCLE('',#10776,1.75);
#10776 = AXIS2_PLACEMENT_2D('',#10777,#10778);
#10777 = CARTESIAN_POINT('',(8.881784197001E-16,-8.881784197001E-16));
#10778 = DIRECTION('',(1.,0.));
#10779 = ( GEOMETRIC_REPRESENTATION_CONTEXT(2) 
PARAMETRIC_REPRESENTATION_CONTEXT() REPRESENTATION_CONTEXT('2D SPACE',''
  ) );
#10780 = PCURVE('',#10714,#10781);
#10781 = DEFINITIONAL_REPRESENTATION('',(#10782),#10786);
#10782 = LINE('',#10783,#10784);
#10783 = CARTESIAN_POINT('',(-0.,0.));
#10784 = VECTOR('',#10785,1.);
#10785 = DIRECTION('',(-1.,0.));
#10786 = ( GEOMETRIC_REPRESENTATION_CONTEXT(2) 
PARAMETRIC_REPRESENTATION_CONTEXT() REPRESENTATION_CONTEXT('2D SPACE',''
  ) );
#10787 = ORIENTED_EDGE('',*,*,#10788,.T.);
#10788 = EDGE_CURVE('',#10765,#9695,#10789,.T.);
#10789 = SURFACE_CURVE('',#10790,(#10795,#10802),.PCURVE_S1.);
#10790 = CIRCLE('',#10791,1.75);
#10791 = AXIS2_PLACEMENT_3D('',#10792,#10793,#10794);
#10792 = CARTESIAN_POINT('',(-3.3,5.575,5.));
#10793 = DIRECTION('',(0.,0.,1.));
#10794 = DIRECTION('',(1.,0.,0.));
#10795 = PCURVE('',#9710,#10796);
#10796 = DEFINITIONAL_REPRESENTATION('',(#10797),#10801);
#10797 = CIRCLE('',#10798,1.75);
#10798 = AXIS2_PLACEMENT_2D('',#10799,#10800);
#10799 = CARTESIAN_POINT('',(8.881784197001E-16,-8.881784197001E-16));
#10800 = DIRECTION('',(1.,0.));
#10801 = ( GEOMETRIC_REPRESENTATION_CONTEXT(2) 
PARAMETRIC_REPRESENTATION_CONTEXT() REPRESENTATION_CONTEXT('2D SPACE',''
  ) );
#10802 = PCURVE('',#10714,#10803);
#10803 = DEFINITIONAL_REPRESENTATION('',(#10804),#10808);
#10804 = LINE('',#10805,#10806);
#10805 = CARTESIAN_POINT('',(-0.,0.));
#10806 = VECTOR('',#10807,1.);
#10807 = DIRECTION('',(-1.,0.));
#10808 = ( GEOMETRIC_REPRESENTATION_CONTEXT(2) 
PARAMETRIC_REPRESENTATION_CONTEXT() REPRESENTATION_CONTEXT('2D SPACE',''
  ) );
#10809 = ORIENTED_EDGE('',*,*,#9694,.F.);
#10810 = ADVANCED_FACE('',(#10811,#10814),#10536,.T.);
#10811 = FACE_BOUND('',#10812,.T.);
#10812 = EDGE_LOOP('',(#10813));
#10813 = ORIENTED_EDGE('',*,*,#10521,.T.);
#10814 = FACE_BOUND('',#10815,.T.);
#10815 = EDGE_LOOP('',(#10816));
#10816 = ORIENTED_EDGE('',*,*,#10817,.T.);
#10817 = EDGE_CURVE('',#10818,#10818,#10820,.T.);
#10818 = VERTEX_POINT('',#10819);
#10819 = CARTESIAN_POINT('',(-1.55,24.625,10.));
#10820 = SURFACE_CURVE('',#10821,(#10826,#10837),.PCURVE_S1.);
#10821 = CIRCLE('',#10822,1.75);
#10822 = AXIS2_PLACEMENT_3D('',#10823,#10824,#10825);
#10823 = CARTESIAN_POINT('',(-3.3,24.625,10.));
#10824 = DIRECTION('',(0.,0.,-1.));
#10825 = DIRECTION('',(1.,0.,0.));
#10826 = PCURVE('',#10536,#10827);
#10827 = DEFINITIONAL_REPRESENTATION('',(#10828),#10836);
#10828 = ( BOUNDED_CURVE() B_SPLINE_CURVE(2,(#10829,#10830,#10831,#10832
    ,#10833,#10834,#10835),.UNSPECIFIED.,.T.,.F.) 
B_SPLINE_CURVE_WITH_KNOTS((1,2,2,2,2,1),(-2.094395102393,0.,
    2.094395102393,4.188790204786,6.28318530718,8.377580409573),
.UNSPECIFIED.) CURVE() GEOMETRIC_REPRESENTATION_ITEM() 
RATIONAL_B_SPLINE_CURVE((1.,0.5,1.,0.5,1.,0.5,1.)) REPRESENTATION_ITEM(
  '') );
#10829 = CARTESIAN_POINT('',(1.75,-3.552713678801E-15));
#10830 = CARTESIAN_POINT('',(1.75,-3.031088913246));
#10831 = CARTESIAN_POINT('',(-0.875,-1.515544456623));
#10832 = CARTESIAN_POINT('',(-3.5,-3.981340058502E-15));
#10833 = CARTESIAN_POINT('',(-0.875,1.515544456623));
#10834 = CARTESIAN_POINT('',(1.75,3.031088913246));
#10835 = CARTESIAN_POINT('',(1.75,-3.552713678801E-15));
#10836 = ( GEOMETRIC_REPRESENTATION_CONTEXT(2) 
PARAMETRIC_REPRESENTATION_CONTEXT() REPRESENTATION_CONTEXT('2D SPACE',''
  ) );
#10837 = PCURVE('',#10838,#10843);
#10838 = CYLINDRICAL_SURFACE('',#10839,1.75);
#10839 = AXIS2_PLACEMENT_3D('',#10840,#10841,#10842);
#10840 = CARTESIAN_POINT('',(-3.3,24.625,5.));
#10841 = DIRECTION('',(-0.,-0.,-1.));
#10842 = DIRECTION('',(1.,0.,0.));
#10843 = DEFINITIONAL_REPRESENTATION('',(#10844),#10848);
#10844 = LINE('',#10845,#10846);
#10845 = CARTESIAN_POINT('',(-6.28318530718,-5.));
#10846 = VECTOR('',#10847,1.);
#10847 = DIRECTION('',(1.,-0.));
#10848 = ( GEOMETRIC_REPRESENTATION_CONTEXT(2) 
PARAMETRIC_REPRESENTATION_CONTEXT() REPRESENTATION_CONTEXT('2D SPACE',''
  ) );
#10849 = ADVANCED_FACE('',(#10850,#10853),#10591,.T.);
#10850 = FACE_BOUND('',#10851,.T.);
#10851 = EDGE_LOOP('',(#10852));
#10852 = ORIENTED_EDGE('',*,*,#10576,.T.);
#10853 = FACE_BOUND('',#10854,.T.);
#10854 = EDGE_LOOP('',(#10855));
#10855 = ORIENTED_EDGE('',*,*,#10856,.T.);
#10856 = EDGE_CURVE('',#10857,#10857,#10859,.T.);
#10857 = VERTEX_POINT('',#10858);
#10858 = CARTESIAN_POINT('',(54.33,5.575,10.));
#10859 = SURFACE_CURVE('',#10860,(#10865,#10876),.PCURVE_S1.);
#10860 = CIRCLE('',#10861,1.75);
#10861 = AXIS2_PLACEMENT_3D('',#10862,#10863,#10864);
#10862 = CARTESIAN_POINT('',(52.58,5.575,10.));
#10863 = DIRECTION('',(0.,0.,-1.));
#10864 = DIRECTION('',(1.,0.,0.));
#10865 = PCURVE('',#10591,#10866);
#10866 = DEFINITIONAL_REPRESENTATION('',(#10867),#10875);
#10867 = ( BOUNDED_CURVE() B_SPLINE_CURVE(2,(#10868,#10869,#10870,#10871
    ,#10872,#10873,#10874),.UNSPECIFIED.,.T.,.F.) 
B_SPLINE_CURVE_WITH_KNOTS((1,2,2,2,2,1),(-2.094395102393,0.,
    2.094395102393,4.188790204786,6.28318530718,8.377580409573),
.UNSPECIFIED.) CURVE() GEOMETRIC_REPRESENTATION_ITEM() 
RATIONAL_B_SPLINE_CURVE((1.,0.5,1.,0.5,1.,0.5,1.)) REPRESENTATION_ITEM(
  '') );
#10868 = CARTESIAN_POINT('',(1.75,-8.881784197001E-16));
#10869 = CARTESIAN_POINT('',(1.75,-3.031088913246));
#10870 = CARTESIAN_POINT('',(-0.875,-1.515544456623));
#10871 = CARTESIAN_POINT('',(-3.5,-1.316804799402E-15));
#10872 = CARTESIAN_POINT('',(-0.875,1.515544456623));
#10873 = CARTESIAN_POINT('',(1.75,3.031088913246));
#10874 = CARTESIAN_POINT('',(1.75,-8.881784197001E-16));
#10875 = ( GEOMETRIC_REPRESENTATION_CONTEXT(2) 
PARAMETRIC_REPRESENTATION_CONTEXT() REPRESENTATION_CONTEXT('2D SPACE',''
  ) );
#10876 = PCURVE('',#10877,#10882);
#10877 = CYLINDRICAL_SURFACE('',#10878,1.75);
#10878 = AXIS2_PLACEMENT_3D('',#10879,#10880,#10881);
#10879 = CARTESIAN_POINT('',(52.58,5.575,5.));
#10880 = DIRECTION('',(-0.,-0.,-1.));
#10881 = DIRECTION('',(1.,0.,0.));
#10882 = DEFINITIONAL_REPRESENTATION('',(#10883),#10887);
#10883 = LINE('',#10884,#10885);
#10884 = CARTESIAN_POINT('',(-6.28318530718,-5.));
#10885 = VECTOR('',#10886,1.);
#10886 = DIRECTION('',(1.,-0.));
#10887 = ( GEOMETRIC_REPRESENTATION_CONTEXT(2) 
PARAMETRIC_REPRESENTATION_CONTEXT() REPRESENTATION_CONTEXT('2D SPACE',''
  ) );
#10888 = ADVANCED_FACE('',(#10889,#10892),#10646,.T.);
#10889 = FACE_BOUND('',#10890,.T.);
#10890 = EDGE_LOOP('',(#10891));
#10891 = ORIENTED_EDGE('',*,*,#10631,.T.);
#10892 = FACE_BOUND('',#10893,.T.);
#10893 = EDGE_LOOP('',(#10894));
#10894 = ORIENTED_EDGE('',*,*,#10895,.T.);
#10895 = EDGE_CURVE('',#10896,#10896,#10898,.T.);
#10896 = VERTEX_POINT('',#10897);
#10897 = CARTESIAN_POINT('',(54.33,24.625,10.));
#10898 = SURFACE_CURVE('',#10899,(#10904,#10915),.PCURVE_S1.);
#10899 = CIRCLE('',#10900,1.75);
#10900 = AXIS2_PLACEMENT_3D('',#10901,#10902,#10903);
#10901 = CARTESIAN_POINT('',(52.58,24.625,10.));
#10902 = DIRECTION('',(0.,0.,-1.));
#10903 = DIRECTION('',(1.,0.,0.));
#10904 = PCURVE('',#10646,#10905);
#10905 = DEFINITIONAL_REPRESENTATION('',(#10906),#10914);
#10906 = ( BOUNDED_CURVE() B_SPLINE_CURVE(2,(#10907,#10908,#10909,#10910
    ,#10911,#10912,#10913),.UNSPECIFIED.,.T.,.F.) 
B_SPLINE_CURVE_WITH_KNOTS((1,2,2,2,2,1),(-2.094395102393,0.,
    2.094395102393,4.188790204786,6.28318530718,8.377580409573),
.UNSPECIFIED.) CURVE() GEOMETRIC_REPRESENTATION_ITEM() 
RATIONAL_B_SPLINE_CURVE((1.,0.5,1.,0.5,1.,0.5,1.)) REPRESENTATION_ITEM(
  '') );
#10907 = CARTESIAN_POINT('',(1.75,0.));
#10908 = CARTESIAN_POINT('',(1.75,-3.031088913246));
#10909 = CARTESIAN_POINT('',(-0.875,-1.515544456623));
#10910 = CARTESIAN_POINT('',(-3.5,-4.286263797016E-16));
#10911 = CARTESIAN_POINT('',(-0.875,1.515544456623));
#10912 = CARTESIAN_POINT('',(1.75,3.031088913246));
#10913 = CARTESIAN_POINT('',(1.75,0.));
#10914 = ( GEOMETRIC_REPRESENTATION_CONTEXT(2) 
PARAMETRIC_REPRESENTATION_CONTEXT() REPRESENTATION_CONTEXT('2D SPACE',''
  ) );
#10915 = PCURVE('',#10916,#10921);
#10916 = CYLINDRICAL_SURFACE('',#10917,1.75);
#10917 = AXIS2_PLACEMENT_3D('',#10918,#10919,#10920);
#10918 = CARTESIAN_POINT('',(52.58,24.625,5.));
#10919 = DIRECTION('',(-0.,-0.,-1.));
#10920 = DIRECTION('',(1.,0.,0.));
#10921 = DEFINITIONAL_REPRESENTATION('',(#10922),#10926);
#10922 = LINE('',#10923,#10924);
#10923 = CARTESIAN_POINT('',(-6.28318530718,-5.));
#10924 = VECTOR('',#10925,1.);
#10925 = DIRECTION('',(1.,-0.));
#10926 = ( GEOMETRIC_REPRESENTATION_CONTEXT(2) 
PARAMETRIC_REPRESENTATION_CONTEXT() REPRESENTATION_CONTEXT('2D SPACE',''
  ) );
#10927 = ADVANCED_FACE('',(#10928),#10714,.F.);
#10928 = FACE_BOUND('',#10929,.T.);
#10929 = EDGE_LOOP('',(#10930,#10951,#10952,#10953,#10954,#10955));
#10930 = ORIENTED_EDGE('',*,*,#10931,.F.);
#10931 = EDGE_CURVE('',#10765,#10734,#10932,.T.);
#10932 = SEAM_CURVE('',#10933,(#10937,#10944),.PCURVE_S1.);
#10933 = LINE('',#10934,#10935);
#10934 = CARTESIAN_POINT('',(-1.55,5.575,5.));
#10935 = VECTOR('',#10936,1.);
#10936 = DIRECTION('',(0.,0.,1.));
#10937 = PCURVE('',#10714,#10938);
#10938 = DEFINITIONAL_REPRESENTATION('',(#10939),#10943);
#10939 = LINE('',#10940,#10941);
#10940 = CARTESIAN_POINT('',(-6.28318530718,0.));
#10941 = VECTOR('',#10942,1.);
#10942 = DIRECTION('',(-0.,-1.));
#10943 = ( GEOMETRIC_REPRESENTATION_CONTEXT(2) 
PARAMETRIC_REPRESENTATION_CONTEXT() REPRESENTATION_CONTEXT('2D SPACE',''
  ) );
#10944 = PCURVE('',#10714,#10945);
#10945 = DEFINITIONAL_REPRESENTATION('',(#10946),#10950);
#10946 = LINE('',#10947,#10948);
#10947 = CARTESIAN_POINT('',(-0.,0.));
#10948 = VECTOR('',#10949,1.);
#10949 = DIRECTION('',(-0.,-1.));
#10950 = ( GEOMETRIC_REPRESENTATION_CONTEXT(2) 
PARAMETRIC_REPRESENTATION_CONTEXT() REPRESENTATION_CONTEXT('2D SPACE',''
  ) );
#10951 = ORIENTED_EDGE('',*,*,#10764,.F.);
#10952 = ORIENTED_EDGE('',*,*,#10699,.F.);
#10953 = ORIENTED_EDGE('',*,*,#10788,.F.);
#10954 = ORIENTED_EDGE('',*,*,#10931,.T.);
#10955 = ORIENTED_EDGE('',*,*,#10733,.F.);
#10956 = ADVANCED_FACE('',(#10957),#10838,.F.);
#10957 = FACE_BOUND('',#10958,.T.);
#10958 = EDGE_LOOP('',(#10959,#10988,#11009,#11010));
#10959 = ORIENTED_EDGE('',*,*,#10960,.F.);
#10960 = EDGE_CURVE('',#10961,#10961,#10963,.T.);
#10961 = VERTEX_POINT('',#10962);
#10962 = CARTESIAN_POINT('',(-1.55,24.625,5.));
#10963 = SURFACE_CURVE('',#10964,(#10969,#10976),.PCURVE_S1.);
#10964 = CIRCLE('',#10965,1.75);
#10965 = AXIS2_PLACEMENT_3D('',#10966,#10967,#10968);
#10966 = CARTESIAN_POINT('',(-3.3,24.625,5.));
#10967 = DIRECTION('',(0.,0.,1.));
#10968 = DIRECTION('',(1.,0.,0.));
#10969 = PCURVE('',#10838,#10970);
#10970 = DEFINITIONAL_REPRESENTATION('',(#10971),#10975);
#10971 = LINE('',#10972,#10973);
#10972 = CARTESIAN_POINT('',(-0.,0.));
#10973 = VECTOR('',#10974,1.);
#10974 = DIRECTION('',(-1.,0.));
#10975 = ( GEOMETRIC_REPRESENTATION_CONTEXT(2) 
PARAMETRIC_REPRESENTATION_CONTEXT() REPRESENTATION_CONTEXT('2D SPACE',''
  ) );
#10976 = PCURVE('',#10977,#10982);
#10977 = PLANE('',#10978);
#10978 = AXIS2_PLACEMENT_3D('',#10979,#10980,#10981);
#10979 = CARTESIAN_POINT('',(-3.3,24.625,5.));
#10980 = DIRECTION('',(0.,0.,1.));
#10981 = DIRECTION('',(1.,0.,-0.));
#10982 = DEFINITIONAL_REPRESENTATION('',(#10983),#10987);
#10983 = CIRCLE('',#10984,1.75);
#10984 = AXIS2_PLACEMENT_2D('',#10985,#10986);
#10985 = CARTESIAN_POINT('',(0.,0.));
#10986 = DIRECTION('',(1.,0.));
#10987 = ( GEOMETRIC_REPRESENTATION_CONTEXT(2) 
PARAMETRIC_REPRESENTATION_CONTEXT() REPRESENTATION_CONTEXT('2D SPACE',''
  ) );
#10988 = ORIENTED_EDGE('',*,*,#10989,.T.);
#10989 = EDGE_CURVE('',#10961,#10818,#10990,.T.);
#10990 = SEAM_CURVE('',#10991,(#10995,#11002),.PCURVE_S1.);
#10991 = LINE('',#10992,#10993);
#10992 = CARTESIAN_POINT('',(-1.55,24.625,5.));
#10993 = VECTOR('',#10994,1.);
#10994 = DIRECTION('',(0.,0.,1.));
#10995 = PCURVE('',#10838,#10996);
#10996 = DEFINITIONAL_REPRESENTATION('',(#10997),#11001);
#10997 = LINE('',#10998,#10999);
#10998 = CARTESIAN_POINT('',(-6.28318530718,0.));
#10999 = VECTOR('',#11000,1.);
#11000 = DIRECTION('',(-0.,-1.));
#11001 = ( GEOMETRIC_REPRESENTATION_CONTEXT(2) 
PARAMETRIC_REPRESENTATION_CONTEXT() REPRESENTATION_CONTEXT('2D SPACE',''
  ) );
#11002 = PCURVE('',#10838,#11003);
#11003 = DEFINITIONAL_REPRESENTATION('',(#11004),#11008);
#11004 = LINE('',#11005,#11006);
#11005 = CARTESIAN_POINT('',(-0.,0.));
#11006 = VECTOR('',#11007,1.);
#11007 = DIRECTION('',(-0.,-1.));
#11008 = ( GEOMETRIC_REPRESENTATION_CONTEXT(2) 
PARAMETRIC_REPRESENTATION_CONTEXT() REPRESENTATION_CONTEXT('2D SPACE',''
  ) );
#11009 = ORIENTED_EDGE('',*,*,#10817,.F.);
#11010 = ORIENTED_EDGE('',*,*,#10989,.F.);
#11011 = ADVANCED_FACE('',(#11012),#10877,.F.);
#11012 = FACE_BOUND('',#11013,.T.);
#11013 = EDGE_LOOP('',(#11014,#11043,#11064,#11065));
#11014 = ORIENTED_EDGE('',*,*,#11015,.F.);
#11015 = EDGE_CURVE('',#11016,#11016,#11018,.T.);
#11016 = VERTEX_POINT('',#11017);
#11017 = CARTESIAN_POINT('',(54.33,5.575,5.));
#11018 = SURFACE_CURVE('',#11019,(#11024,#11031),.PCURVE_S1.);
#11019 = CIRCLE('',#11020,1.75);
#11020 = AXIS2_PLACEMENT_3D('',#11021,#11022,#11023);
#11021 = CARTESIAN_POINT('',(52.58,5.575,5.));
#11022 = DIRECTION('',(0.,0.,1.));
#11023 = DIRECTION('',(1.,0.,0.));
#11024 = PCURVE('',#10877,#11025);
#11025 = DEFINITIONAL_REPRESENTATION('',(#11026),#11030);
#11026 = LINE('',#11027,#11028);
#11027 = CARTESIAN_POINT('',(-0.,0.));
#11028 = VECTOR('',#11029,1.);
#11029 = DIRECTION('',(-1.,0.));
#11030 = ( GEOMETRIC_REPRESENTATION_CONTEXT(2) 
PARAMETRIC_REPRESENTATION_CONTEXT() REPRESENTATION_CONTEXT('2D SPACE',''
  ) );
#11031 = PCURVE('',#11032,#11037);
#11032 = PLANE('',#11033);
#11033 = AXIS2_PLACEMENT_3D('',#11034,#11035,#11036);
#11034 = CARTESIAN_POINT('',(52.58,5.575,5.));
#11035 = DIRECTION('',(0.,0.,1.));
#11036 = DIRECTION('',(1.,0.,-0.));
#11037 = DEFINITIONAL_REPRESENTATION('',(#11038),#11042);
#11038 = CIRCLE('',#11039,1.75);
#11039 = AXIS2_PLACEMENT_2D('',#11040,#11041);
#11040 = CARTESIAN_POINT('',(-7.105427357601E-15,-8.881784197001E-16));
#11041 = DIRECTION('',(1.,0.));
#11042 = ( GEOMETRIC_REPRESENTATION_CONTEXT(2) 
PARAMETRIC_REPRESENTATION_CONTEXT() REPRESENTATION_CONTEXT('2D SPACE',''
  ) );
#11043 = ORIENTED_EDGE('',*,*,#11044,.T.);
#11044 = EDGE_CURVE('',#11016,#10857,#11045,.T.);
#11045 = SEAM_CURVE('',#11046,(#11050,#11057),.PCURVE_S1.);
#11046 = LINE('',#11047,#11048);
#11047 = CARTESIAN_POINT('',(54.33,5.575,5.));
#11048 = VECTOR('',#11049,1.);
#11049 = DIRECTION('',(0.,0.,1.));
#11050 = PCURVE('',#10877,#11051);
#11051 = DEFINITIONAL_REPRESENTATION('',(#11052),#11056);
#11052 = LINE('',#11053,#11054);
#11053 = CARTESIAN_POINT('',(-6.28318530718,0.));
#11054 = VECTOR('',#11055,1.);
#11055 = DIRECTION('',(-0.,-1.));
#11056 = ( GEOMETRIC_REPRESENTATION_CONTEXT(2) 
PARAMETRIC_REPRESENTATION_CONTEXT() REPRESENTATION_CONTEXT('2D SPACE',''
  ) );
#11057 = PCURVE('',#10877,#11058);
#11058 = DEFINITIONAL_REPRESENTATION('',(#11059),#11063);
#11059 = LINE('',#11060,#11061);
#11060 = CARTESIAN_POINT('',(-0.,0.));
#11061 = VECTOR('',#11062,1.);
#11062 = DIRECTION('',(-0.,-1.));
#11063 = ( GEOMETRIC_REPRESENTATION_CONTEXT(2) 
PARAMETRIC_REPRESENTATION_CONTEXT() REPRESENTATION_CONTEXT('2D SPACE',''
  ) );
#11064 = ORIENTED_EDGE('',*,*,#10856,.F.);
#11065 = ORIENTED_EDGE('',*,*,#11044,.F.);
#11066 = ADVANCED_FACE('',(#11067),#10916,.F.);
#11067 = FACE_BOUND('',#11068,.T.);
#11068 = EDGE_LOOP('',(#11069,#11098,#11119,#11120));
#11069 = ORIENTED_EDGE('',*,*,#11070,.F.);
#11070 = EDGE_CURVE('',#11071,#11071,#11073,.T.);
#11071 = VERTEX_POINT('',#11072);
#11072 = CARTESIAN_POINT('',(54.33,24.625,5.));
#11073 = SURFACE_CURVE('',#11074,(#11079,#11086),.PCURVE_S1.);
#11074 = CIRCLE('',#11075,1.75);
#11075 = AXIS2_PLACEMENT_3D('',#11076,#11077,#11078);
#11076 = CARTESIAN_POINT('',(52.58,24.625,5.));
#11077 = DIRECTION('',(0.,0.,1.));
#11078 = DIRECTION('',(1.,0.,0.));
#11079 = PCURVE('',#10916,#11080);
#11080 = DEFINITIONAL_REPRESENTATION('',(#11081),#11085);
#11081 = LINE('',#11082,#11083);
#11082 = CARTESIAN_POINT('',(-0.,0.));
#11083 = VECTOR('',#11084,1.);
#11084 = DIRECTION('',(-1.,0.));
#11085 = ( GEOMETRIC_REPRESENTATION_CONTEXT(2) 
PARAMETRIC_REPRESENTATION_CONTEXT() REPRESENTATION_CONTEXT('2D SPACE',''
  ) );
#11086 = PCURVE('',#11087,#11092);
#11087 = PLANE('',#11088);
#11088 = AXIS2_PLACEMENT_3D('',#11089,#11090,#11091);
#11089 = CARTESIAN_POINT('',(52.58,24.625,5.));
#11090 = DIRECTION('',(0.,0.,1.));
#11091 = DIRECTION('',(1.,0.,-0.));
#11092 = DEFINITIONAL_REPRESENTATION('',(#11093),#11097);
#11093 = CIRCLE('',#11094,1.75);
#11094 = AXIS2_PLACEMENT_2D('',#11095,#11096);
#11095 = CARTESIAN_POINT('',(-7.105427357601E-15,0.));
#11096 = DIRECTION('',(1.,0.));
#11097 = ( GEOMETRIC_REPRESENTATION_CONTEXT(2) 
PARAMETRIC_REPRESENTATION_CONTEXT() REPRESENTATION_CONTEXT('2D SPACE',''
  ) );
#11098 = ORIENTED_EDGE('',*,*,#11099,.T.);
#11099 = EDGE_CURVE('',#11071,#10896,#11100,.T.);
#11100 = SEAM_CURVE('',#11101,(#11105,#11112),.PCURVE_S1.);
#11101 = LINE('',#11102,#11103);
#11102 = CARTESIAN_POINT('',(54.33,24.625,5.));
#11103 = VECTOR('',#11104,1.);
#11104 = DIRECTION('',(0.,0.,1.));
#11105 = PCURVE('',#10916,#11106);
#11106 = DEFINITIONAL_REPRESENTATION('',(#11107),#11111);
#11107 = LINE('',#11108,#11109);
#11108 = CARTESIAN_POINT('',(-6.28318530718,0.));
#11109 = VECTOR('',#11110,1.);
#11110 = DIRECTION('',(-0.,-1.));
#11111 = ( GEOMETRIC_REPRESENTATION_CONTEXT(2) 
PARAMETRIC_REPRESENTATION_CONTEXT() REPRESENTATION_CONTEXT('2D SPACE',''
  ) );
#11112 = PCURVE('',#10916,#11113);
#11113 = DEFINITIONAL_REPRESENTATION('',(#11114),#11118);
#11114 = LINE('',#11115,#11116);
#11115 = CARTESIAN_POINT('',(-0.,0.));
#11116 = VECTOR('',#11117,1.);
#11117 = DIRECTION('',(-0.,-1.));
#11118 = ( GEOMETRIC_REPRESENTATION_CONTEXT(2) 
PARAMETRIC_REPRESENTATION_CONTEXT() REPRESENTATION_CONTEXT('2D SPACE',''
  ) );
#11119 = ORIENTED_EDGE('',*,*,#10895,.F.);
#11120 = ORIENTED_EDGE('',*,*,#11099,.F.);
#11121 = ADVANCED_FACE('',(#11122),#10977,.T.);
#11122 = FACE_BOUND('',#11123,.T.);
#11123 = EDGE_LOOP('',(#11124));
#11124 = ORIENTED_EDGE('',*,*,#10960,.T.);
#11125 = ADVANCED_FACE('',(#11126),#11032,.T.);
#11126 = FACE_BOUND('',#11127,.T.);
#11127 = EDGE_LOOP('',(#11128));
#11128 = ORIENTED_EDGE('',*,*,#11015,.T.);
#11129 = ADVANCED_FACE('',(#11130),#11087,.T.);
#11130 = FACE_BOUND('',#11131,.T.);
#11131 = EDGE_LOOP('',(#11132));
#11132 = ORIENTED_EDGE('',*,*,#11070,.T.);
#11133 = ( GEOMETRIC_REPRESENTATION_CONTEXT(3) 
GLOBAL_UNCERTAINTY_ASSIGNED_CONTEXT((#11137)) 
GLOBAL_UNIT_ASSIGNED_CONTEXT((#11134,#11135,#11136)) 
REPRESENTATION_CONTEXT('Context #1',
  '3D Context with UNIT and UNCERTAINTY') );
#11134 = ( LENGTH_UNIT() NAMED_UNIT(*) SI_UNIT(.MILLI.,.METRE.) );
#11135 = ( NAMED_UNIT(*) PLANE_ANGLE_UNIT() SI_UNIT($,.RADIAN.) );
#11136 = ( NAMED_UNIT(*) SI_UNIT($,.STERADIAN.) SOLID_ANGLE_UNIT() );
#11137 = UNCERTAINTY_MEASURE_WITH_UNIT(LENGTH_MEASURE(1.E-07),#11134,
  'distance_accuracy_value','confusion accuracy');
#11138 = PRODUCT_RELATED_PRODUCT_CATEGORY('part',$,(#7));
ENDSEC;
END-ISO-10303-21;
